Time,Last Rate,Volume
26-11-2025 15:30:01,26390.00,75
26-11-2025 15:30:00,26390.00,1500
26-11-2025 15:29:57,26391.50,450
26-11-2025 15:29:56,26391.00,675
26-11-2025 15:29:54,26391.40,750
26-11-2025 15:29:52,26391.40,600
26-11-2025 15:29:51,26390.90,975
26-11-2025 15:29:49,26391.40,1500
26-11-2025 15:29:47,26391.00,2175
26-11-2025 15:29:46,26389.90,1125
26-11-2025 15:29:44,26391.00,600
26-11-2025 15:29:42,26391.00,1950
26-11-2025 15:29:41,26390.00,300
26-11-2025 15:29:39,26391.00,1200
26-11-2025 15:29:37,26389.00,2700
26-11-2025 15:29:36,26389.00,750
26-11-2025 15:29:34,26391.00,2250
26-11-2025 15:29:32,26391.00,1
26-11-2025 15:29:32,26392.00,1875
26-11-2025 15:29:31,26391.60,2100
26-11-2025 15:29:29,26390.00,1
26-11-2025 15:29:29,26391.60,4425
26-11-2025 15:29:27,26391.00,1500
26-11-2025 15:29:26,26391.40,4275
26-11-2025 15:29:24,26391.40,1050
26-11-2025 15:29:22,26390.80,1
26-11-2025 15:29:22,26391.20,750
26-11-2025 15:29:21,26391.00,675
26-11-2025 15:29:19,26390.80,1500
26-11-2025 15:29:17,26389.90,4650
26-11-2025 15:29:16,26390.30,1
26-11-2025 15:29:16,26391.00,5775
26-11-2025 15:29:14,26390.30,1500
26-11-2025 15:29:12,26390.00,1
26-11-2025 15:29:12,26390.30,1350
26-11-2025 15:29:11,26390.20,750
26-11-2025 15:29:09,26390.00,975
26-11-2025 15:29:07,26390.00,900
26-11-2025 15:29:06,26390.00,1125
26-11-2025 15:29:04,26388.90,1650
26-11-2025 15:29:02,26388.00,525
26-11-2025 15:29:01,26389.40,2100
26-11-2025 15:28:59,26389.70,1275
26-11-2025 15:28:57,26388.20,600
26-11-2025 15:28:56,26388.20,7125
26-11-2025 15:28:54,26389.20,900
26-11-2025 15:28:52,26389.10,525
26-11-2025 15:28:51,26389.00,675
26-11-2025 15:28:49,26389.00,825
26-11-2025 15:28:47,26389.50,2850
26-11-2025 15:28:46,26388.50,1050
26-11-2025 15:28:44,26389.10,1275
26-11-2025 15:28:42,26388.70,4200
26-11-2025 15:28:41,26389.40,1350
26-11-2025 15:28:39,26388.20,2625
26-11-2025 15:28:37,26390.00,5025
26-11-2025 15:28:36,26388.70,1800
26-11-2025 15:28:34,26388.50,1575
26-11-2025 15:28:32,26388.70,375
26-11-2025 15:28:31,26388.20,750
26-11-2025 15:28:29,26389.00,1650
26-11-2025 15:28:27,26387.30,450
26-11-2025 15:28:26,26387.30,375
26-11-2025 15:28:24,26386.40,2625
26-11-2025 15:28:22,26386.50,1500
26-11-2025 15:28:21,26388.70,675
26-11-2025 15:28:19,26387.00,675
26-11-2025 15:28:17,26389.00,3300
26-11-2025 15:28:16,26387.00,1125
26-11-2025 15:28:14,26387.00,450
26-11-2025 15:28:12,26388.00,2775
26-11-2025 15:28:11,26388.00,2025
26-11-2025 15:28:09,26388.10,2100
26-11-2025 15:28:07,26388.20,900
26-11-2025 15:28:06,26389.70,450
26-11-2025 15:28:04,26389.10,3075
26-11-2025 15:28:02,26389.40,225
26-11-2025 15:28:01,26389.00,675
26-11-2025 15:27:59,26389.40,750
26-11-2025 15:27:57,26389.40,675
26-11-2025 15:27:56,26389.10,900
26-11-2025 15:27:54,26389.00,900
26-11-2025 15:27:52,26389.20,1050
26-11-2025 15:27:51,26387.00,1275
26-11-2025 15:27:49,26388.00,225
26-11-2025 15:27:47,26389.00,225
26-11-2025 15:27:46,26389.30,450
26-11-2025 15:27:44,26389.40,675
26-11-2025 15:27:42,26387.80,4275
26-11-2025 15:27:41,26389.00,975
26-11-2025 15:27:39,26389.00,1500
26-11-2025 15:27:37,26387.00,300
26-11-2025 15:27:36,26388.50,1275
26-11-2025 15:27:34,26387.00,3375
26-11-2025 15:27:32,26388.10,375
26-11-2025 15:27:31,26388.00,900
26-11-2025 15:27:29,26387.00,375
26-11-2025 15:27:27,26387.80,2025
26-11-2025 15:27:26,26387.90,3600
26-11-2025 15:27:24,26387.00,2325
26-11-2025 15:27:22,26387.00,525
26-11-2025 15:27:21,26387.00,3975
26-11-2025 15:27:19,26387.00,300
26-11-2025 15:27:18,26388.30,750
26-11-2025 15:27:16,26388.50,600
26-11-2025 15:27:14,26388.60,3600
26-11-2025 15:27:12,26387.00,2025
26-11-2025 15:27:11,26388.10,7650
26-11-2025 15:27:09,26388.70,525
26-11-2025 15:27:07,26388.70,900
26-11-2025 15:27:06,26388.70,1575
26-11-2025 15:27:04,26389.10,4875
26-11-2025 15:27:02,26389.10,2025
26-11-2025 15:27:01,26389.00,1050
26-11-2025 15:26:59,26388.90,900
26-11-2025 15:26:57,26389.00,1725
26-11-2025 15:26:56,26389.00,2850
26-11-2025 15:26:54,26388.90,2550
26-11-2025 15:26:52,26389.00,1050
26-11-2025 15:26:51,26388.70,900
26-11-2025 15:26:49,26388.90,525
26-11-2025 15:26:47,26388.30,225
26-11-2025 15:26:46,26388.80,1575
26-11-2025 15:26:44,26388.00,450
26-11-2025 15:26:42,26388.30,600
26-11-2025 15:26:41,26387.00,4950
26-11-2025 15:26:39,26388.20,1425
26-11-2025 15:26:37,26387.10,6600
26-11-2025 15:26:36,26387.10,750
26-11-2025 15:26:34,26387.00,2775
26-11-2025 15:26:32,26387.30,4050
26-11-2025 15:26:31,26387.00,2475
26-11-2025 15:26:29,26387.00,2925
26-11-2025 15:26:27,26387.00,1650
26-11-2025 15:26:26,26386.80,300
26-11-2025 15:26:24,26386.80,600
26-11-2025 15:26:23,26386.60,750
26-11-2025 15:26:21,26386.20,975
26-11-2025 15:26:19,26386.90,3225
26-11-2025 15:26:18,26387.00,3375
26-11-2025 15:26:16,26386.90,3150
26-11-2025 15:26:14,26386.00,1650
26-11-2025 15:26:13,26386.60,3450
26-11-2025 15:26:11,26385.00,375
26-11-2025 15:26:09,26385.00,2100
26-11-2025 15:26:08,26386.00,2025
26-11-2025 15:26:06,26385.60,3075
26-11-2025 15:26:04,26385.10,525
26-11-2025 15:26:03,26385.70,3525
26-11-2025 15:26:01,26385.00,2400
26-11-2025 15:26:00,26384.40,2850
26-11-2025 15:25:58,26384.40,750
26-11-2025 15:25:56,26384.40,675
26-11-2025 15:25:55,26384.40,2475
26-11-2025 15:25:53,26384.40,750
26-11-2025 15:25:51,26384.00,750
26-11-2025 15:25:50,26384.70,1275
26-11-2025 15:25:48,26384.00,900
26-11-2025 15:25:47,26384.00,1125
26-11-2025 15:25:45,26384.60,750
26-11-2025 15:25:43,26384.00,300
26-11-2025 15:25:42,26382.00,2625
26-11-2025 15:25:40,26384.60,600
26-11-2025 15:25:38,26384.90,300
26-11-2025 15:25:37,26385.30,1800
26-11-2025 15:25:35,26384.70,15150
26-11-2025 15:25:34,26384.10,1125
26-11-2025 15:25:32,26384.30,1050
26-11-2025 15:25:30,26385.10,3000
26-11-2025 15:25:29,26382.10,1575
26-11-2025 15:25:27,26381.10,225
26-11-2025 15:25:25,26383.90,375
26-11-2025 15:25:24,26381.10,13500
26-11-2025 15:25:22,26381.00,1275
26-11-2025 15:25:21,26381.40,825
26-11-2025 15:25:19,26382.00,225
26-11-2025 15:25:17,26382.00,150
26-11-2025 15:25:16,26382.00,1425
26-11-2025 15:25:14,26382.40,3150
26-11-2025 15:25:13,26383.80,15600
26-11-2025 15:25:11,26382.50,1875
26-11-2025 15:25:09,26383.00,750
26-11-2025 15:25:08,26383.00,600
26-11-2025 15:25:06,26382.40,600
26-11-2025 15:25:04,26382.40,2250
26-11-2025 15:25:03,26383.20,1050
26-11-2025 15:25:01,26382.40,1950
26-11-2025 15:24:59,26384.60,450
26-11-2025 15:24:58,26383.00,225
26-11-2025 15:24:56,26383.00,150
26-11-2025 15:24:54,26384.80,375
26-11-2025 15:24:53,26384.50,1275
26-11-2025 15:24:51,26385.00,900
26-11-2025 15:24:50,26384.00,600
26-11-2025 15:24:48,26382.40,2250
26-11-2025 15:24:46,26384.40,5550
26-11-2025 15:24:44,26382.30,675
26-11-2025 15:24:43,26383.90,450
26-11-2025 15:24:41,26383.00,1800
26-11-2025 15:24:39,26383.00,150
26-11-2025 15:24:38,26382.10,150
26-11-2025 15:24:36,26382.20,750
26-11-2025 15:24:34,26383.00,525
26-11-2025 15:24:33,26383.00,225
26-11-2025 15:24:31,26384.00,600
26-11-2025 15:24:29,26382.30,225
26-11-2025 15:24:28,26382.60,150
26-11-2025 15:24:26,26383.00,525
26-11-2025 15:24:24,26382.00,2625
26-11-2025 15:24:23,26383.10,750
26-11-2025 15:24:21,26381.20,675
26-11-2025 15:24:19,26383.30,1500
26-11-2025 15:24:18,26381.10,300
26-11-2025 15:24:16,26381.20,600
26-11-2025 15:24:15,26381.20,3600
26-11-2025 15:24:13,26380.00,1500
26-11-2025 15:24:11,26380.00,375
26-11-2025 15:24:10,26380.00,150
26-11-2025 15:24:08,26382.00,450
26-11-2025 15:24:06,26380.00,150
26-11-2025 15:24:05,26382.00,2400
26-11-2025 15:24:03,26381.30,1050
26-11-2025 15:24:01,26380.00,675
26-11-2025 15:23:58,26380.00,450
26-11-2025 15:23:56,26380.00,750
26-11-2025 15:23:55,26380.00,375
26-11-2025 15:23:53,26380.00,525
26-11-2025 15:23:51,26380.00,450
26-11-2025 15:23:50,26380.00,1500
26-11-2025 15:23:48,26380.00,3225
26-11-2025 15:23:46,26379.70,975
26-11-2025 15:23:45,26379.70,150
26-11-2025 15:23:43,26377.90,525
26-11-2025 15:23:41,26379.10,2625
26-11-2025 15:23:40,26379.10,975
26-11-2025 15:23:38,26379.10,225
26-11-2025 15:23:36,26379.00,1050
26-11-2025 15:23:35,26379.10,225
26-11-2025 15:23:33,26379.10,1200
26-11-2025 15:23:32,26379.20,525
26-11-2025 15:23:30,26379.70,1950
26-11-2025 15:23:28,26379.20,375
26-11-2025 15:23:25,26379.00,1950
26-11-2025 15:23:23,26379.20,450
26-11-2025 15:23:22,26379.30,675
26-11-2025 15:23:20,26379.30,375
26-11-2025 15:23:18,26379.30,750
26-11-2025 15:23:17,26378.00,525
26-11-2025 15:23:15,26378.30,525
26-11-2025 15:23:14,26378.50,225
26-11-2025 15:23:12,26378.60,300
26-11-2025 15:23:10,26378.80,1950
26-11-2025 15:23:09,26378.20,150
26-11-2025 15:23:07,26378.60,150
26-11-2025 15:23:05,26378.00,150
26-11-2025 15:23:04,26378.60,225
26-11-2025 15:23:02,26378.00,750
26-11-2025 15:23:00,26378.60,1725
26-11-2025 15:22:59,26375.70,525
26-11-2025 15:22:57,26376.80,150
26-11-2025 15:22:55,26377.00,300
26-11-2025 15:22:54,26375.60,75
26-11-2025 15:22:52,26376.50,150
26-11-2025 15:22:50,26375.60,225
26-11-2025 15:22:49,26375.10,1425
26-11-2025 15:22:47,26375.60,1125
26-11-2025 15:22:45,26375.10,375
26-11-2025 15:22:44,26375.70,1350
26-11-2025 15:22:42,26375.40,2025
26-11-2025 15:22:41,26374.90,1950
26-11-2025 15:22:39,26375.00,4200
26-11-2025 15:22:37,26374.90,1575
26-11-2025 15:22:36,26374.50,300
26-11-2025 15:22:34,26374.00,2625
26-11-2025 15:22:32,26374.30,6675
26-11-2025 15:22:31,26374.30,1425
26-11-2025 15:22:29,26374.60,450
26-11-2025 15:22:26,26374.50,3450
26-11-2025 15:22:24,26374.50,75
26-11-2025 15:22:22,26374.20,825
26-11-2025 15:22:21,26374.20,300
26-11-2025 15:22:19,26374.10,600
26-11-2025 15:22:17,26374.00,600
26-11-2025 15:22:16,26374.00,2925
26-11-2025 15:22:14,26373.90,1575
26-11-2025 15:22:12,26374.00,825
26-11-2025 15:22:11,26375.20,450
26-11-2025 15:22:09,26375.80,1950
26-11-2025 15:22:07,26375.40,900
26-11-2025 15:22:06,26375.60,1200
26-11-2025 15:22:04,26374.10,750
26-11-2025 15:22:02,26374.10,300
26-11-2025 15:22:01,26374.00,2250
26-11-2025 15:21:59,26373.80,225
26-11-2025 15:21:56,26374.70,900
26-11-2025 15:21:54,26373.30,600
26-11-2025 15:21:52,26373.20,225
26-11-2025 15:21:51,26374.80,1500
26-11-2025 15:21:49,26373.10,2775
26-11-2025 15:21:47,26375.60,1575
26-11-2025 15:21:46,26375.80,2925
26-11-2025 15:21:45,26375.50,600
26-11-2025 15:21:43,26375.80,1875
26-11-2025 15:21:41,26375.70,450
26-11-2025 15:21:39,26375.50,300
26-11-2025 15:21:38,26375.50,225
26-11-2025 15:21:36,26375.30,600
26-11-2025 15:21:34,26374.00,525
26-11-2025 15:21:33,26375.20,1200
26-11-2025 15:21:31,26375.30,2550
26-11-2025 15:21:30,26374.00,2925
26-11-2025 15:21:28,26375.30,1500
26-11-2025 15:21:26,26375.80,1575
26-11-2025 15:21:25,26375.80,300
26-11-2025 15:21:23,26376.20,375
26-11-2025 15:21:21,26376.40,375
26-11-2025 15:21:20,26375.50,375
26-11-2025 15:21:18,26376.20,1800
26-11-2025 15:21:16,26375.70,375
26-11-2025 15:21:15,26375.40,2925
26-11-2025 15:21:13,26375.50,1950
26-11-2025 15:21:11,26375.50,1275
26-11-2025 15:21:10,26375.60,2775
26-11-2025 15:21:08,26375.60,1275
26-11-2025 15:21:06,26375.80,900
26-11-2025 15:21:04,26376.50,375
26-11-2025 15:21:03,26375.50,150
26-11-2025 15:21:01,26375.70,900
26-11-2025 15:21:00,26375.50,675
26-11-2025 15:20:58,26375.50,150
26-11-2025 15:20:56,26375.50,1800
26-11-2025 15:20:55,26376.00,1425
26-11-2025 15:20:53,26375.50,900
26-11-2025 15:20:51,26375.50,825
26-11-2025 15:20:50,26375.60,825
26-11-2025 15:20:48,26376.60,525
26-11-2025 15:20:46,26376.30,225
26-11-2025 15:20:45,26376.30,1200
26-11-2025 15:20:43,26376.20,1500
26-11-2025 15:20:41,26376.20,3750
26-11-2025 15:20:40,26376.40,1800
26-11-2025 15:20:38,26376.20,2700
26-11-2025 15:20:36,26376.20,525
26-11-2025 15:20:35,26376.20,2400
26-11-2025 15:20:33,26375.30,2100
26-11-2025 15:20:31,26376.20,600
26-11-2025 15:20:30,26375.40,1500
26-11-2025 15:20:28,26375.00,300
26-11-2025 15:20:26,26375.00,750
26-11-2025 15:20:25,26375.00,225
26-11-2025 15:20:23,26375.00,825
26-11-2025 15:20:22,26375.00,750
26-11-2025 15:20:20,26375.00,150
26-11-2025 15:20:18,26375.00,750
26-11-2025 15:20:16,26375.10,375
26-11-2025 15:20:15,26375.90,450
26-11-2025 15:20:13,26376.40,3750
26-11-2025 15:20:11,26375.40,1200
26-11-2025 15:20:10,26374.00,225
26-11-2025 15:20:08,26375.00,225
26-11-2025 15:20:06,26375.00,75
26-11-2025 15:20:05,26375.30,2325
26-11-2025 15:20:03,26375.00,4200
26-11-2025 15:20:02,26376.90,9225
26-11-2025 15:20:00,26377.00,4575
26-11-2025 15:19:58,26376.80,2025
26-11-2025 15:19:56,26376.90,225
26-11-2025 15:19:55,26376.80,375
26-11-2025 15:19:53,26376.70,75
26-11-2025 15:19:51,26376.70,75
26-11-2025 15:19:50,26376.70,75
26-11-2025 15:19:48,26376.90,225
26-11-2025 15:19:46,26375.90,300
26-11-2025 15:19:45,26376.00,300
26-11-2025 15:19:43,26376.00,150
26-11-2025 15:19:41,26377.70,225
26-11-2025 15:19:40,26376.00,1125
26-11-2025 15:19:38,26376.40,300
26-11-2025 15:19:36,26376.00,4050
26-11-2025 15:19:35,26377.40,1275
26-11-2025 15:19:33,26378.10,300
26-11-2025 15:19:32,26377.90,2700
26-11-2025 15:19:30,26377.00,300
26-11-2025 15:19:28,26377.00,1350
26-11-2025 15:19:26,26377.10,450
26-11-2025 15:19:25,26377.00,450
26-11-2025 15:19:23,26378.50,675
26-11-2025 15:19:21,26378.30,1275
26-11-2025 15:19:20,26377.00,5400
26-11-2025 15:19:18,26376.00,825
26-11-2025 15:19:16,26376.00,150
26-11-2025 15:19:15,26376.00,525
26-11-2025 15:19:13,26377.10,525
26-11-2025 15:19:12,26376.70,150
26-11-2025 15:19:10,26377.00,600
26-11-2025 15:19:08,26377.00,4650
26-11-2025 15:19:07,26377.10,1500
26-11-2025 15:19:05,26377.00,1650
26-11-2025 15:19:03,26377.00,3075
26-11-2025 15:19:02,26377.60,8025
26-11-2025 15:19:00,26377.60,4050
26-11-2025 15:18:58,26377.30,600
26-11-2025 15:18:57,26377.30,225
26-11-2025 15:18:55,26377.70,375
26-11-2025 15:18:53,26377.30,225
26-11-2025 15:18:52,26377.60,675
26-11-2025 15:18:48,26375.10,75
26-11-2025 15:18:47,26377.70,225
26-11-2025 15:18:45,26377.20,75
26-11-2025 15:18:44,26377.10,150
26-11-2025 15:18:42,26375.00,750
26-11-2025 15:18:40,26377.00,1050
26-11-2025 15:18:39,26375.00,1125
26-11-2025 15:18:37,26376.00,2175
26-11-2025 15:18:35,26377.00,300
26-11-2025 15:18:34,26377.80,2250
26-11-2025 15:18:32,26378.50,675
26-11-2025 15:18:30,26378.80,1275
26-11-2025 15:18:29,26378.00,1650
26-11-2025 15:18:27,26376.90,1950
26-11-2025 15:18:25,26377.00,225
26-11-2025 15:18:24,26377.00,375
26-11-2025 15:18:22,26377.70,1050
26-11-2025 15:18:21,26377.10,225
26-11-2025 15:18:19,26377.10,1500
26-11-2025 15:18:17,26378.50,1125
26-11-2025 15:18:16,26378.00,300
26-11-2025 15:18:14,26378.30,2325
26-11-2025 15:18:12,26378.70,750
26-11-2025 15:18:11,26378.60,225
26-11-2025 15:18:09,26378.50,525
26-11-2025 15:18:07,26377.90,900
26-11-2025 15:18:06,26378.60,75
26-11-2025 15:18:04,26376.40,2400
26-11-2025 15:18:02,26379.40,150
26-11-2025 15:18:01,26376.40,600
26-11-2025 15:17:59,26377.50,225
26-11-2025 15:17:56,26375.00,75
26-11-2025 15:17:54,26376.40,150
26-11-2025 15:17:52,26375.00,75
26-11-2025 15:17:51,26376.10,225
26-11-2025 15:17:49,26375.00,75
26-11-2025 15:17:47,26375.00,1125
26-11-2025 15:17:46,26376.70,750
26-11-2025 15:17:42,26375.00,75
26-11-2025 15:17:41,26377.80,150
26-11-2025 15:17:39,26378.00,2400
26-11-2025 15:17:37,26378.60,2250
26-11-2025 15:17:36,26378.30,300
26-11-2025 15:17:34,26378.70,450
26-11-2025 15:17:32,26378.70,2025
26-11-2025 15:17:31,26379.80,225
26-11-2025 15:17:29,26379.10,3375
26-11-2025 15:17:27,26379.40,225
26-11-2025 15:17:26,26379.30,75
26-11-2025 15:17:24,26379.80,1275
26-11-2025 15:17:22,26379.60,1200
26-11-2025 15:17:21,26380.00,225
26-11-2025 15:17:19,26380.20,375
26-11-2025 15:17:17,26378.00,1200
26-11-2025 15:17:16,26380.00,450
26-11-2025 15:17:14,26379.80,1950
26-11-2025 15:17:12,26379.90,3750
26-11-2025 15:17:11,26380.20,2025
26-11-2025 15:17:09,26380.00,1725
26-11-2025 15:17:07,26378.40,2175
26-11-2025 15:17:06,26381.00,2175
26-11-2025 15:17:04,26380.40,1350
26-11-2025 15:17:02,26381.80,1950
26-11-2025 15:17:01,26382.50,300
26-11-2025 15:16:59,26379.10,150
26-11-2025 15:16:57,26381.70,825
26-11-2025 15:16:56,26381.20,1950
26-11-2025 15:16:54,26380.50,750
26-11-2025 15:16:52,26379.60,300
26-11-2025 15:16:51,26380.00,3150
26-11-2025 15:16:49,26379.10,150
26-11-2025 15:16:47,26379.10,525
26-11-2025 15:16:46,26379.10,150
26-11-2025 15:16:44,26378.90,1800
26-11-2025 15:16:42,26374.20,150
26-11-2025 15:16:41,26379.80,1950
26-11-2025 15:16:39,26378.40,3675
26-11-2025 15:16:37,26375.70,225
26-11-2025 15:16:36,26379.50,75
26-11-2025 15:16:34,26377.10,2100
26-11-2025 15:16:32,26379.40,75
26-11-2025 15:16:31,26379.30,2550
26-11-2025 15:16:29,26377.00,300
26-11-2025 15:16:27,26377.00,750
26-11-2025 15:16:26,26376.00,75
26-11-2025 15:16:24,26377.20,450
26-11-2025 15:16:22,26378.00,1875
26-11-2025 15:16:21,26378.60,2475
26-11-2025 15:16:19,26376.00,3225
26-11-2025 15:16:17,26376.00,225
26-11-2025 15:16:16,26378.40,1125
26-11-2025 15:16:14,26375.70,525
26-11-2025 15:16:12,26375.30,375
26-11-2025 15:16:11,26375.00,3150
26-11-2025 15:16:09,26375.70,300
26-11-2025 15:16:07,26377.30,600
26-11-2025 15:16:06,26375.60,300
26-11-2025 15:16:04,26375.60,300
26-11-2025 15:16:02,26375.60,450
26-11-2025 15:16:01,26375.60,450
26-11-2025 15:15:59,26375.20,900
26-11-2025 15:15:57,26375.40,75
26-11-2025 15:15:56,26375.40,450
26-11-2025 15:15:54,26375.40,75
26-11-2025 15:15:52,26376.10,300
26-11-2025 15:15:51,26372.00,525
26-11-2025 15:15:49,26372.00,75
26-11-2025 15:15:47,26372.00,450
26-11-2025 15:15:46,26376.60,150
26-11-2025 15:15:44,26372.00,1125
26-11-2025 15:15:42,26376.30,2700
26-11-2025 15:15:41,26375.00,225
26-11-2025 15:15:39,26375.00,2850
26-11-2025 15:15:37,26375.60,75
26-11-2025 15:15:36,26375.50,75
26-11-2025 15:15:34,26375.10,375
26-11-2025 15:15:32,26375.00,375
26-11-2025 15:15:31,26375.00,450
26-11-2025 15:15:29,26373.90,375
26-11-2025 15:15:27,26373.00,975
26-11-2025 15:15:26,26374.00,750
26-11-2025 15:15:24,26376.10,1350
26-11-2025 15:15:22,26377.60,225
26-11-2025 15:15:21,26377.00,150
26-11-2025 15:15:19,26375.00,450
26-11-2025 15:15:17,26375.20,1425
26-11-2025 15:15:16,26376.60,4725
26-11-2025 15:15:14,26375.80,900
26-11-2025 15:15:14,26376.60,600
26-11-2025 15:15:14,26377.00,675
26-11-2025 15:15:12,26377.20,600
26-11-2025 15:15:11,26379.80,11250
26-11-2025 15:15:08,26382.40,3075
26-11-2025 15:15:04,26384.10,3375
26-11-2025 15:15:02,26384.10,450
26-11-2025 15:15:01,26385.00,2025
26-11-2025 15:14:59,26389.20,1050
26-11-2025 15:14:57,26389.40,225
26-11-2025 15:14:56,26389.60,1200
26-11-2025 15:14:54,26389.30,150
26-11-2025 15:14:52,26388.60,75
26-11-2025 15:14:51,26385.00,1650
26-11-2025 15:14:49,26387.70,150
26-11-2025 15:14:48,26388.90,1875
26-11-2025 15:14:46,26387.80,975
26-11-2025 15:14:44,26388.60,1200
26-11-2025 15:14:43,26383.10,1
26-11-2025 15:14:43,26390.00,33600
26-11-2025 15:14:41,26385.00,1
26-11-2025 15:14:41,26387.80,600
26-11-2025 15:14:39,26387.70,450
26-11-2025 15:14:38,26384.90,825
26-11-2025 15:14:36,26387.50,1500
26-11-2025 15:14:34,26387.50,1
26-11-2025 15:14:34,26385.00,225
26-11-2025 15:14:33,26387.40,3675
26-11-2025 15:14:31,26382.80,1875
26-11-2025 15:14:29,26387.40,1425
26-11-2025 15:14:28,26386.00,3750
26-11-2025 15:14:26,26385.00,750
26-11-2025 15:14:24,26385.10,225
26-11-2025 15:14:23,26385.90,2025
26-11-2025 15:14:21,26385.50,600
26-11-2025 15:14:20,26385.90,600
26-11-2025 15:14:18,26385.10,225
26-11-2025 15:14:16,26384.50,2025
26-11-2025 15:14:15,26385.80,150
26-11-2025 15:14:13,26385.90,825
26-11-2025 15:14:11,26385.00,825
26-11-2025 15:14:10,26385.00,2325
26-11-2025 15:14:08,26384.50,900
26-11-2025 15:14:06,26384.50,450
26-11-2025 15:14:05,26384.40,150
26-11-2025 15:14:03,26384.50,225
26-11-2025 15:14:02,26384.50,75
26-11-2025 15:14:00,26384.50,600
26-11-2025 15:13:58,26382.80,2700
26-11-2025 15:13:57,26384.50,75
26-11-2025 15:13:55,26384.40,225
26-11-2025 15:13:53,26384.90,2025
26-11-2025 15:13:52,26384.70,1200
26-11-2025 15:13:50,26384.80,675
26-11-2025 15:13:48,26384.80,525
26-11-2025 15:13:47,26385.30,3900
26-11-2025 15:13:45,26385.10,2175
26-11-2025 15:13:43,26385.00,2475
26-11-2025 15:13:42,26384.70,1125
26-11-2025 15:13:40,26385.00,1950
26-11-2025 15:13:38,26384.90,375
26-11-2025 15:13:37,26384.70,225
26-11-2025 15:13:35,26385.00,2550
26-11-2025 15:13:33,26384.70,300
26-11-2025 15:13:32,26385.00,2325
26-11-2025 15:13:30,26384.70,300
26-11-2025 15:13:28,26384.50,3300
26-11-2025 15:13:27,26383.60,150
26-11-2025 15:13:25,26383.10,975
26-11-2025 15:13:23,26383.10,150
26-11-2025 15:13:22,26382.80,975
26-11-2025 15:13:20,26382.20,600
26-11-2025 15:13:18,26382.00,2475
26-11-2025 15:13:17,26382.40,375
26-11-2025 15:13:15,26382.50,1125
26-11-2025 15:13:13,26382.60,2475
26-11-2025 15:13:12,26382.00,225
26-11-2025 15:13:10,26382.70,75
26-11-2025 15:13:07,26382.00,975
26-11-2025 15:13:05,26382.80,2025
26-11-2025 15:13:03,26383.10,450
26-11-2025 15:13:02,26383.50,75
26-11-2025 15:12:59,26383.00,150
26-11-2025 15:12:57,26383.50,1050
26-11-2025 15:12:55,26383.60,375
26-11-2025 15:12:54,26383.60,600
26-11-2025 15:12:52,26383.80,225
26-11-2025 15:12:50,26383.70,75
26-11-2025 15:12:49,26383.50,150
26-11-2025 15:12:47,26383.60,1050
26-11-2025 15:12:45,26383.80,300
26-11-2025 15:12:43,26383.80,900
26-11-2025 15:12:42,26384.00,975
26-11-2025 15:12:38,26385.00,1050
26-11-2025 15:12:37,26385.00,75
26-11-2025 15:12:35,26385.00,75
26-11-2025 15:12:34,26383.20,525
26-11-2025 15:12:32,26385.00,1275
26-11-2025 15:12:30,26384.00,1125
26-11-2025 15:12:29,26385.00,1050
26-11-2025 15:12:27,26384.00,225
26-11-2025 15:12:25,26384.00,975
26-11-2025 15:12:24,26383.90,2025
26-11-2025 15:12:22,26381.50,150
26-11-2025 15:12:19,26381.50,225
26-11-2025 15:12:15,26382.10,75
26-11-2025 15:12:12,26382.10,150
26-11-2025 15:12:10,26380.00,75
26-11-2025 15:12:07,26380.00,225
26-11-2025 15:12:05,26382.10,75
26-11-2025 15:12:04,26380.00,75
26-11-2025 15:12:02,26382.90,1425
26-11-2025 15:12:00,26382.90,1125
26-11-2025 15:11:59,26383.10,2400
26-11-2025 15:11:55,26382.50,75
26-11-2025 15:11:54,26382.50,300
26-11-2025 15:11:52,26382.90,225
26-11-2025 15:11:50,26380.00,150
26-11-2025 15:11:49,26382.10,600
26-11-2025 15:11:45,26381.80,375
26-11-2025 15:11:44,26382.30,7500
26-11-2025 15:11:42,26383.00,375
26-11-2025 15:11:40,26382.80,225
26-11-2025 15:11:39,26383.00,375
26-11-2025 15:11:37,26382.70,75
26-11-2025 15:11:35,26382.70,375
26-11-2025 15:11:34,26382.70,1125
26-11-2025 15:11:32,26383.00,150
26-11-2025 15:11:29,26382.50,525
26-11-2025 15:11:27,26383.00,525
26-11-2025 15:11:24,26383.90,75
26-11-2025 15:11:22,26383.00,525
26-11-2025 15:11:20,26380.70,225
26-11-2025 15:11:19,26383.10,225
26-11-2025 15:11:17,26383.60,300
26-11-2025 15:11:15,26383.00,75
26-11-2025 15:11:12,26383.70,300
26-11-2025 15:11:10,26377.60,300
26-11-2025 15:11:09,26383.90,150
26-11-2025 15:11:04,26377.60,450
26-11-2025 15:11:02,26383.00,825
26-11-2025 15:11:01,26383.00,450
26-11-2025 15:10:59,26384.10,225
26-11-2025 15:10:57,26384.00,150
26-11-2025 15:10:55,26384.20,1125
26-11-2025 15:10:54,26383.00,900
26-11-2025 15:10:52,26384.70,300
26-11-2025 15:10:51,26383.00,2625
26-11-2025 15:10:49,26382.00,675
26-11-2025 15:10:47,26381.70,900
26-11-2025 15:10:45,26381.70,150
26-11-2025 15:10:44,26382.40,450
26-11-2025 15:10:42,26382.00,225
26-11-2025 15:10:40,26376.20,75
26-11-2025 15:10:39,26376.20,375
26-11-2025 15:10:37,26381.00,1575
26-11-2025 15:10:35,26381.90,225
26-11-2025 15:10:34,26382.00,825
26-11-2025 15:10:32,26381.90,75
26-11-2025 15:10:30,26382.00,525
26-11-2025 15:10:29,26380.00,1800
26-11-2025 15:10:27,26379.00,150
26-11-2025 15:10:25,26382.00,300
26-11-2025 15:10:24,26381.70,525
26-11-2025 15:10:22,26382.00,150
26-11-2025 15:10:20,26381.40,600
26-11-2025 15:10:19,26382.00,600
26-11-2025 15:10:17,26381.80,450
26-11-2025 15:10:15,26381.90,375
26-11-2025 15:10:14,26382.40,450
26-11-2025 15:10:12,26382.60,450
26-11-2025 15:10:10,26382.00,375
26-11-2025 15:10:09,26382.40,225
26-11-2025 15:10:07,26382.40,150
26-11-2025 15:10:05,26382.40,525
26-11-2025 15:10:04,26381.80,450
26-11-2025 15:10:02,26375.00,1050
26-11-2025 15:10:00,26381.00,375
26-11-2025 15:09:59,26381.00,375
26-11-2025 15:09:57,26382.00,75
26-11-2025 15:09:55,26382.00,825
26-11-2025 15:09:49,26380.00,375
26-11-2025 15:09:47,26381.00,150
26-11-2025 15:09:45,26380.00,750
26-11-2025 15:09:44,26380.00,150
26-11-2025 15:09:42,26380.00,150
26-11-2025 15:09:40,26380.00,375
26-11-2025 15:09:37,26377.00,600
26-11-2025 15:09:34,26380.00,75
26-11-2025 15:09:32,26381.00,150
26-11-2025 15:09:30,26375.20,75
26-11-2025 15:09:29,26375.30,225
26-11-2025 15:09:25,26381.70,1725
26-11-2025 15:09:24,26380.00,75
26-11-2025 15:09:20,26375.20,150
26-11-2025 15:09:19,26381.80,225
26-11-2025 15:09:17,26381.70,450
26-11-2025 15:09:15,26381.60,2100
26-11-2025 15:09:14,26381.00,225
26-11-2025 15:09:12,26381.30,75
26-11-2025 15:09:10,26381.60,375
26-11-2025 15:09:09,26381.60,150
26-11-2025 15:09:07,26381.80,450
26-11-2025 15:09:05,26381.50,225
26-11-2025 15:09:04,26381.50,300
26-11-2025 15:09:02,26380.00,3150
26-11-2025 15:09:01,26378.00,75
26-11-2025 15:08:57,26375.10,225
26-11-2025 15:08:56,26380.80,300
26-11-2025 15:08:54,26380.70,825
26-11-2025 15:08:52,26379.90,225
26-11-2025 15:08:51,26380.70,1875
26-11-2025 15:08:49,26379.90,150
26-11-2025 15:08:47,26378.70,75
26-11-2025 15:08:46,26375.00,225
26-11-2025 15:08:44,26379.80,225
26-11-2025 15:08:41,26381.30,1500
26-11-2025 15:08:39,26375.00,375
26-11-2025 15:08:37,26374.10,1950
26-11-2025 15:08:36,26374.10,150
26-11-2025 15:08:31,26376.70,150
26-11-2025 15:08:29,26379.30,300
26-11-2025 15:08:27,26375.00,1275
26-11-2025 15:08:26,26380.00,75
26-11-2025 15:08:24,26380.00,150
26-11-2025 15:08:22,26379.90,375
26-11-2025 15:08:21,26380.00,150
26-11-2025 15:08:19,26374.20,150
26-11-2025 15:08:17,26375.00,225
26-11-2025 15:08:16,26374.00,150
26-11-2025 15:08:14,26380.00,75
26-11-2025 15:08:12,26380.00,75
26-11-2025 15:08:11,26375.00,750
26-11-2025 15:08:09,26379.80,225
26-11-2025 15:08:07,26380.20,75
26-11-2025 15:08:06,26381.00,675
26-11-2025 15:08:04,26381.80,600
26-11-2025 15:08:02,26381.90,750
26-11-2025 15:08:01,26383.70,375
26-11-2025 15:07:59,26383.80,300
26-11-2025 15:07:57,26383.90,225
26-11-2025 15:07:56,26383.50,75
26-11-2025 15:07:54,26380.00,450
26-11-2025 15:07:52,26384.50,150
26-11-2025 15:07:51,26380.00,3900
26-11-2025 15:07:49,26381.70,150
26-11-2025 15:07:47,26381.70,525
26-11-2025 15:07:46,26381.70,225
26-11-2025 15:07:44,26381.40,450
26-11-2025 15:07:42,26380.80,225
26-11-2025 15:07:41,26378.00,150
26-11-2025 15:07:39,26378.00,225
26-11-2025 15:07:37,26380.10,450
26-11-2025 15:07:36,26381.90,75
26-11-2025 15:07:34,26380.00,450
26-11-2025 15:07:31,26382.00,375
26-11-2025 15:07:29,26381.00,750
26-11-2025 15:07:27,26380.30,2175
26-11-2025 15:07:26,26380.00,825
26-11-2025 15:07:24,26380.00,300
26-11-2025 15:07:22,26380.00,450
26-11-2025 15:07:21,26380.00,75
26-11-2025 15:07:19,26377.70,150
26-11-2025 15:07:17,26378.20,2025
26-11-2025 15:07:16,26379.30,375
26-11-2025 15:07:14,26380.00,375
26-11-2025 15:07:12,26378.10,2850
26-11-2025 15:07:11,26380.00,525
26-11-2025 15:07:09,26380.00,825
26-11-2025 15:07:07,26379.00,225
26-11-2025 15:07:04,26377.00,225
26-11-2025 15:07:02,26378.20,300
26-11-2025 15:07:01,26378.00,150
26-11-2025 15:06:59,26378.20,225
26-11-2025 15:06:57,26378.20,150
26-11-2025 15:06:56,26378.20,75
26-11-2025 15:06:52,26378.20,525
26-11-2025 15:06:51,26378.00,1125
26-11-2025 15:06:49,26378.20,75
26-11-2025 15:06:47,26378.20,225
26-11-2025 15:06:46,26378.20,300
26-11-2025 15:06:44,26378.10,375
26-11-2025 15:06:41,26378.00,225
26-11-2025 15:06:39,26377.80,225
26-11-2025 15:06:37,26378.00,75
26-11-2025 15:06:36,26378.00,150
26-11-2025 15:06:34,26375.80,450
26-11-2025 15:06:32,26378.00,150
26-11-2025 15:06:31,26378.00,300
26-11-2025 15:06:27,26376.90,150
26-11-2025 15:06:26,26378.00,525
26-11-2025 15:06:24,26378.00,1275
26-11-2025 15:06:22,26376.90,375
26-11-2025 15:06:21,26375.00,3525
26-11-2025 15:06:19,26374.80,1200
26-11-2025 15:06:17,26374.80,375
26-11-2025 15:06:16,26375.00,1050
26-11-2025 15:06:14,26374.00,375
26-11-2025 15:06:12,26374.00,375
26-11-2025 15:06:07,26375.00,225
26-11-2025 15:06:06,26375.00,150
26-11-2025 15:06:04,26375.00,600
26-11-2025 15:06:02,26375.00,75
26-11-2025 15:06:01,26375.00,150
26-11-2025 15:05:59,26375.00,1875
26-11-2025 15:05:56,26370.00,75
26-11-2025 15:05:54,26374.00,75
26-11-2025 15:05:51,26370.00,75
26-11-2025 15:05:49,26374.60,75
26-11-2025 15:05:47,26374.60,75
26-11-2025 15:05:46,26369.00,150
26-11-2025 15:05:44,26368.10,1200
26-11-2025 15:05:42,26373.80,225
26-11-2025 15:05:41,26373.70,1575
26-11-2025 15:05:37,26368.00,1950
26-11-2025 15:05:36,26368.00,150
26-11-2025 15:05:31,26373.70,225
26-11-2025 15:05:29,26370.00,6150
26-11-2025 15:05:27,26369.40,1950
26-11-2025 15:05:24,26370.00,375
26-11-2025 15:05:22,26369.40,300
26-11-2025 15:05:21,26369.40,750
26-11-2025 15:05:19,26370.00,150
26-11-2025 15:05:17,26370.80,975
26-11-2025 15:05:16,26370.50,1275
26-11-2025 15:05:14,26370.30,150
26-11-2025 15:05:12,26370.70,3450
26-11-2025 15:05:09,26370.50,1875
26-11-2025 15:05:07,26369.90,975
26-11-2025 15:05:06,26370.80,450
26-11-2025 15:05:04,26366.60,75
26-11-2025 15:05:02,26369.40,5775
26-11-2025 15:05:01,26372.00,1950
26-11-2025 15:04:59,26373.00,675
26-11-2025 15:04:57,26373.00,75
26-11-2025 15:04:56,26374.50,75
26-11-2025 15:04:51,26372.00,300
26-11-2025 15:04:49,26376.90,150
26-11-2025 15:04:47,26377.50,375
26-11-2025 15:04:44,26377.00,375
26-11-2025 15:04:42,26376.90,975
26-11-2025 15:04:41,26370.30,300
26-11-2025 15:04:39,26375.90,225
26-11-2025 15:04:37,26370.50,300
26-11-2025 15:04:36,26377.00,225
26-11-2025 15:04:34,26370.50,225
26-11-2025 15:04:33,26378.20,2025
26-11-2025 15:04:31,26371.10,6300
26-11-2025 15:04:29,26370.00,225
26-11-2025 15:04:27,26369.80,1800
26-11-2025 15:04:26,26370.00,2700
26-11-2025 15:04:24,26370.00,450
26-11-2025 15:04:22,26370.00,1275
26-11-2025 15:04:21,26377.00,2850
26-11-2025 15:04:19,26370.20,450
26-11-2025 15:04:17,26370.30,225
26-11-2025 15:04:16,26370.10,450
26-11-2025 15:04:14,26377.00,750
26-11-2025 15:04:12,26375.00,75
26-11-2025 15:04:11,26370.00,225
26-11-2025 15:04:09,26370.30,300
26-11-2025 15:04:07,26375.00,300
26-11-2025 15:04:06,26375.00,300
26-11-2025 15:04:04,26376.00,525
26-11-2025 15:04:01,26371.00,225
26-11-2025 15:03:59,26372.50,225
26-11-2025 15:03:57,26376.00,600
26-11-2025 15:03:56,26372.50,225
26-11-2025 15:03:54,26377.00,450
26-11-2025 15:03:52,26375.00,225
26-11-2025 15:03:51,26375.00,300
26-11-2025 15:03:49,26377.00,900
26-11-2025 15:03:47,26379.60,825
26-11-2025 15:03:46,26375.00,375
26-11-2025 15:03:44,26377.00,375
26-11-2025 15:03:42,26377.00,150
26-11-2025 15:03:41,26379.90,900
26-11-2025 15:03:39,26377.00,150
26-11-2025 15:03:37,26379.20,75
26-11-2025 15:03:36,26377.00,75
26-11-2025 15:03:34,26377.00,150
26-11-2025 15:03:32,26377.00,150
26-11-2025 15:03:31,26379.10,225
26-11-2025 15:03:29,26380.00,225
26-11-2025 15:03:26,26378.40,450
26-11-2025 15:03:24,26378.40,150
26-11-2025 15:03:21,26379.00,150
26-11-2025 15:03:19,26378.50,225
26-11-2025 15:03:18,26380.00,75
26-11-2025 15:03:16,26380.00,225
26-11-2025 15:03:14,26380.30,375
26-11-2025 15:03:12,26380.00,11250
26-11-2025 15:03:11,26380.50,300
26-11-2025 15:03:09,26382.60,150
26-11-2025 15:03:08,26381.90,3150
26-11-2025 15:03:06,26380.50,2250
26-11-2025 15:03:04,26382.00,375
26-11-2025 15:03:02,26382.20,2325
26-11-2025 15:03:01,26383.60,450
26-11-2025 15:02:59,26382.00,75
26-11-2025 15:02:57,26382.00,225
26-11-2025 15:02:56,26382.00,600
26-11-2025 15:02:54,26381.30,300
26-11-2025 15:02:52,26382.00,1875
26-11-2025 15:02:51,26382.00,3675
26-11-2025 15:02:49,26380.80,1500
26-11-2025 15:02:47,26380.00,5925
26-11-2025 15:02:46,26378.50,300
26-11-2025 15:02:44,26373.10,300
26-11-2025 15:02:42,26378.00,225
26-11-2025 15:02:39,26378.00,150
26-11-2025 15:02:37,26378.00,225
26-11-2025 15:02:36,26373.80,150
26-11-2025 15:02:34,26378.00,150
26-11-2025 15:02:32,26377.40,300
26-11-2025 15:02:31,26374.40,75
26-11-2025 15:02:29,26378.00,150
26-11-2025 15:02:27,26378.00,150
26-11-2025 15:02:26,26376.60,375
26-11-2025 15:02:24,26376.60,150
26-11-2025 15:02:22,26377.40,150
26-11-2025 15:02:21,26377.00,375
26-11-2025 15:02:19,26372.50,375
26-11-2025 15:02:17,26377.60,375
26-11-2025 15:02:16,26377.40,150
26-11-2025 15:02:14,26371.00,75
26-11-2025 15:02:11,26377.10,300
26-11-2025 15:02:09,26376.60,375
26-11-2025 15:02:07,26377.20,750
26-11-2025 15:02:04,26370.10,525
26-11-2025 15:02:02,26370.20,300
26-11-2025 15:02:01,26378.00,375
26-11-2025 15:01:59,26377.80,6300
26-11-2025 15:01:57,26370.00,75
26-11-2025 15:01:56,26374.00,675
26-11-2025 15:01:54,26373.90,5775
26-11-2025 15:01:52,26369.00,1425
26-11-2025 15:01:51,26368.20,300
26-11-2025 15:01:49,26369.00,225
26-11-2025 15:01:47,26368.00,375
26-11-2025 15:01:46,26365.00,450
26-11-2025 15:01:44,26368.00,300
26-11-2025 15:01:42,26368.00,375
26-11-2025 15:01:41,26368.00,75
26-11-2025 15:01:39,26368.00,375
26-11-2025 15:01:36,26369.00,75
26-11-2025 15:01:34,26365.00,150
26-11-2025 15:01:32,26368.80,75
26-11-2025 15:01:31,26369.00,375
26-11-2025 15:01:29,26369.00,750
26-11-2025 15:01:24,26368.80,150
26-11-2025 15:01:23,26368.90,1200
26-11-2025 15:01:21,26367.80,75
26-11-2025 15:01:17,26367.70,225
26-11-2025 15:01:14,26368.80,75
26-11-2025 15:01:12,26368.80,300
26-11-2025 15:01:11,26368.80,1500
26-11-2025 15:01:09,26368.40,150
26-11-2025 15:01:06,26368.40,75
26-11-2025 15:01:04,26368.00,150
26-11-2025 15:01:01,26368.00,1275
26-11-2025 15:00:51,26368.00,450
26-11-2025 15:00:49,26368.00,75
26-11-2025 15:00:46,26368.00,150
26-11-2025 15:00:44,26368.00,375
26-11-2025 15:00:43,26368.00,150
26-11-2025 15:00:41,26367.70,300
26-11-2025 15:00:39,26368.00,150
26-11-2025 15:00:38,26367.70,375
26-11-2025 15:00:34,26362.00,150
26-11-2025 15:00:33,26367.70,150
26-11-2025 15:00:29,26362.00,600
26-11-2025 15:00:28,26365.00,150
26-11-2025 15:00:26,26365.00,150
26-11-2025 15:00:23,26367.70,750
26-11-2025 15:00:21,26362.00,225
26-11-2025 15:00:18,26365.00,225
26-11-2025 15:00:13,26365.00,300
26-11-2025 15:00:11,26365.00,600
26-11-2025 15:00:08,26365.00,975
26-11-2025 15:00:06,26362.40,600
26-11-2025 15:00:05,26359.90,150
26-11-2025 15:00:03,26356.00,375
26-11-2025 15:00:01,26356.80,450
26-11-2025 15:00:00,26359.90,75
26-11-2025 14:59:48,26361.00,75
26-11-2025 14:59:46,26357.00,375
26-11-2025 14:59:45,26357.00,225
26-11-2025 14:59:40,26362.00,225
26-11-2025 14:59:38,26361.30,225
26-11-2025 14:59:36,26355.20,750
26-11-2025 14:59:34,26359.00,75
26-11-2025 14:59:29,26359.70,600
26-11-2025 14:59:23,26360.00,150
26-11-2025 14:59:21,26359.70,150
26-11-2025 14:59:19,26355.00,75
26-11-2025 14:59:18,26359.60,75
26-11-2025 14:59:15,26355.40,150
26-11-2025 14:59:11,26355.00,225
26-11-2025 14:59:10,26355.00,75
26-11-2025 14:59:08,26355.90,300
26-11-2025 14:59:05,26358.20,75
26-11-2025 14:59:01,26358.00,450
26-11-2025 14:59:00,26359.00,75
26-11-2025 14:58:58,26359.00,75
26-11-2025 14:58:55,26359.00,75
26-11-2025 14:58:51,26361.00,75
26-11-2025 14:58:50,26362.80,75
26-11-2025 14:58:48,26361.20,75
26-11-2025 14:58:46,26361.30,375
26-11-2025 14:58:45,26362.10,225
26-11-2025 14:58:43,26361.60,1275
26-11-2025 14:58:41,26360.00,75
26-11-2025 14:58:40,26360.60,75
26-11-2025 14:58:38,26361.20,225
26-11-2025 14:58:35,26362.50,150
26-11-2025 14:58:33,26360.00,75
26-11-2025 14:58:31,26360.00,375
26-11-2025 14:58:30,26362.70,150
26-11-2025 14:58:28,26362.70,75
26-11-2025 14:58:26,26360.00,150
26-11-2025 14:58:25,26361.90,150
26-11-2025 14:58:23,26361.70,225
26-11-2025 14:58:21,26361.70,225
26-11-2025 14:58:20,26361.00,900
26-11-2025 14:58:18,26361.00,75
26-11-2025 14:58:16,26361.80,300
26-11-2025 14:58:15,26362.40,300
26-11-2025 14:58:13,26362.30,300
26-11-2025 14:58:12,26361.80,225
26-11-2025 14:58:10,26361.00,450
26-11-2025 14:58:08,26361.00,75
26-11-2025 14:58:07,26362.20,675
26-11-2025 14:58:05,26362.20,450
26-11-2025 14:58:03,26361.90,450
26-11-2025 14:58:02,26361.20,300
26-11-2025 14:58:00,26362.60,600
26-11-2025 14:57:58,26361.70,75
26-11-2025 14:57:57,26361.70,525
26-11-2025 14:57:55,26363.60,300
26-11-2025 14:57:53,26364.40,1125
26-11-2025 14:57:52,26363.80,300
26-11-2025 14:57:50,26362.00,150
26-11-2025 14:57:48,26361.70,375
26-11-2025 14:57:46,26360.60,150
26-11-2025 14:57:45,26361.50,300
26-11-2025 14:57:43,26361.00,225
26-11-2025 14:57:41,26362.00,450
26-11-2025 14:57:40,26363.00,225
26-11-2025 14:57:38,26362.30,450
26-11-2025 14:57:37,26360.10,75
26-11-2025 14:57:35,26360.10,600
26-11-2025 14:57:33,26360.20,375
26-11-2025 14:57:31,26362.20,825
26-11-2025 14:57:30,26360.60,150
26-11-2025 14:57:28,26360.10,75
26-11-2025 14:57:25,26360.30,75
26-11-2025 14:57:23,26360.40,75
26-11-2025 14:57:21,26361.10,375
26-11-2025 14:57:18,26356.00,1350
26-11-2025 14:57:17,26360.40,150
26-11-2025 14:57:15,26361.00,75
26-11-2025 14:57:13,26362.10,75
26-11-2025 14:57:12,26362.30,75
26-11-2025 14:57:10,26362.10,450
26-11-2025 14:57:08,26361.60,75
26-11-2025 14:57:07,26360.00,150
26-11-2025 14:57:02,26361.60,225
26-11-2025 14:57:00,26361.60,75
26-11-2025 14:56:57,26362.10,75
26-11-2025 14:56:53,26363.80,75
26-11-2025 14:56:52,26361.00,75
26-11-2025 14:56:43,26361.60,225
26-11-2025 14:56:42,26362.60,75
26-11-2025 14:56:40,26362.20,150
26-11-2025 14:56:39,26360.40,225
26-11-2025 14:56:37,26360.20,75
26-11-2025 14:56:35,26356.00,375
26-11-2025 14:56:33,26359.00,75
26-11-2025 14:56:32,26361.00,225
26-11-2025 14:56:28,26361.80,225
26-11-2025 14:56:25,26360.40,75
26-11-2025 14:56:23,26359.00,75
26-11-2025 14:56:20,26359.00,825
26-11-2025 14:56:19,26360.00,375
26-11-2025 14:56:15,26364.00,1800
26-11-2025 14:56:12,26361.20,75
26-11-2025 14:56:09,26362.00,225
26-11-2025 14:56:07,26361.00,225
26-11-2025 14:56:06,26363.00,75
26-11-2025 14:56:04,26362.00,75
26-11-2025 14:56:02,26363.00,150
26-11-2025 14:56:01,26364.40,225
26-11-2025 14:55:59,26364.70,150
26-11-2025 14:55:57,26364.80,225
26-11-2025 14:55:56,26362.40,75
26-11-2025 14:55:54,26361.00,150
26-11-2025 14:55:52,26362.40,675
26-11-2025 14:55:51,26364.80,150
26-11-2025 14:55:49,26362.80,75
26-11-2025 14:55:48,26362.40,825
26-11-2025 14:55:46,26365.00,300
26-11-2025 14:55:44,26362.40,825
26-11-2025 14:55:42,26362.40,225
26-11-2025 14:55:41,26361.00,75
26-11-2025 14:55:39,26361.00,225
26-11-2025 14:55:38,26360.80,300
26-11-2025 14:55:36,26357.50,75
26-11-2025 14:55:34,26360.10,150
26-11-2025 14:55:31,26355.40,75
26-11-2025 14:55:26,26355.30,75
26-11-2025 14:55:21,26360.00,375
26-11-2025 14:55:16,26355.10,150
26-11-2025 14:55:14,26360.00,75
26-11-2025 14:55:13,26360.00,525
26-11-2025 14:55:11,26360.00,525
26-11-2025 14:55:10,26360.00,300
26-11-2025 14:55:06,26358.70,975
26-11-2025 14:55:03,26358.70,225
26-11-2025 14:55:01,26358.00,225
26-11-2025 14:54:59,26358.00,750
26-11-2025 14:54:58,26359.60,150
26-11-2025 14:54:54,26359.00,75
26-11-2025 14:54:51,26359.20,375
26-11-2025 14:54:49,26359.20,1200
26-11-2025 14:54:44,26358.00,225
26-11-2025 14:54:43,26358.00,75
26-11-2025 14:54:39,26358.00,75
26-11-2025 14:54:26,26359.60,75
26-11-2025 14:54:18,26358.80,150
26-11-2025 14:54:16,26356.00,75
26-11-2025 14:54:13,26356.00,75
26-11-2025 14:54:11,26359.00,75
26-11-2025 14:54:10,26355.00,75
26-11-2025 14:54:06,26355.10,75
26-11-2025 14:54:03,26355.00,225
26-11-2025 14:54:00,26360.40,975
26-11-2025 14:53:58,26355.00,225
26-11-2025 14:53:57,26356.00,75
26-11-2025 14:53:53,26355.00,150
26-11-2025 14:53:50,26356.00,75
26-11-2025 14:53:48,26357.00,75
26-11-2025 14:53:47,26358.40,300
26-11-2025 14:53:45,26358.60,75
26-11-2025 14:53:43,26359.40,75
26-11-2025 14:53:42,26359.30,150
26-11-2025 14:53:38,26360.00,150
26-11-2025 14:53:37,26360.70,300
26-11-2025 14:53:33,26360.00,1350
26-11-2025 14:53:30,26360.00,75
26-11-2025 14:53:28,26362.20,75
26-11-2025 14:53:27,26362.90,150
26-11-2025 14:53:25,26362.40,225
26-11-2025 14:53:23,26362.00,750
26-11-2025 14:53:22,26362.00,450
26-11-2025 14:53:20,26358.60,75
26-11-2025 14:53:19,26360.50,675
26-11-2025 14:53:17,26358.20,2925
26-11-2025 14:53:15,26358.60,225
26-11-2025 14:53:14,26357.80,75
26-11-2025 14:53:12,26362.60,150
26-11-2025 14:53:10,26363.00,150
26-11-2025 14:53:09,26360.30,75
26-11-2025 14:53:07,26363.20,975
26-11-2025 14:53:05,26361.00,450
26-11-2025 14:53:03,26360.60,375
26-11-2025 14:53:00,26357.30,750
26-11-2025 14:52:59,26359.00,750
26-11-2025 14:52:57,26357.90,1125
26-11-2025 14:52:55,26354.40,75
26-11-2025 14:52:53,26353.60,1425
26-11-2025 14:52:52,26351.20,525
26-11-2025 14:52:50,26349.00,75
26-11-2025 14:52:48,26350.00,150
26-11-2025 14:52:47,26349.30,300
26-11-2025 14:52:45,26349.00,150
26-11-2025 14:52:43,26349.00,2850
26-11-2025 14:52:42,26343.60,450
26-11-2025 14:52:40,26344.40,75
26-11-2025 14:52:38,26345.00,75
26-11-2025 14:52:35,26345.00,675
26-11-2025 14:52:34,26343.60,225
26-11-2025 14:52:32,26344.00,150
26-11-2025 14:52:30,26345.00,75
26-11-2025 14:52:28,26344.90,600
26-11-2025 14:52:27,26343.60,300
26-11-2025 14:52:23,26344.30,150
26-11-2025 14:52:20,26344.00,1125
26-11-2025 14:52:18,26343.60,300
26-11-2025 14:52:17,26343.60,225
26-11-2025 14:52:15,26343.70,75
26-11-2025 14:52:13,26344.30,150
26-11-2025 14:52:12,26344.30,225
26-11-2025 14:52:10,26344.30,675
26-11-2025 14:52:08,26343.70,225
26-11-2025 14:52:07,26343.70,450
26-11-2025 14:52:03,26344.00,225
26-11-2025 14:52:02,26345.00,75
26-11-2025 14:52:00,26345.00,375
26-11-2025 14:51:58,26345.00,450
26-11-2025 14:51:57,26343.70,600
26-11-2025 14:51:53,26345.00,375
26-11-2025 14:51:52,26344.60,375
26-11-2025 14:51:50,26345.00,300
26-11-2025 14:51:48,26345.60,75
26-11-2025 14:51:47,26346.30,450
26-11-2025 14:51:45,26345.00,750
26-11-2025 14:51:42,26346.30,375
26-11-2025 14:51:40,26346.30,375
26-11-2025 14:51:38,26346.00,225
26-11-2025 14:51:37,26345.70,75
26-11-2025 14:51:35,26345.00,1350
26-11-2025 14:51:33,26347.00,150
26-11-2025 14:51:30,26349.80,150
26-11-2025 14:51:28,26349.80,75
26-11-2025 14:51:27,26347.90,2325
26-11-2025 14:51:25,26347.00,75
26-11-2025 14:51:23,26346.60,75
26-11-2025 14:51:22,26345.30,225
26-11-2025 14:51:20,26347.90,75
26-11-2025 14:51:17,26348.00,1200
26-11-2025 14:51:15,26346.00,750
26-11-2025 14:51:14,26348.00,975
26-11-2025 14:51:12,26348.00,150
26-11-2025 14:51:07,26346.10,150
26-11-2025 14:51:05,26348.00,75
26-11-2025 14:51:04,26350.00,75
26-11-2025 14:51:02,26348.00,75
26-11-2025 14:51:00,26345.60,600
26-11-2025 14:50:59,26348.00,975
26-11-2025 14:50:57,26348.00,375
26-11-2025 14:50:55,26348.00,225
26-11-2025 14:50:52,26350.00,450
26-11-2025 14:50:50,26349.00,75
26-11-2025 14:50:48,26349.20,75
26-11-2025 14:50:47,26349.00,375
26-11-2025 14:50:45,26349.90,225
26-11-2025 14:50:43,26349.00,75
26-11-2025 14:50:40,26351.10,75
26-11-2025 14:50:37,26350.00,150
26-11-2025 14:50:33,26349.00,525
26-11-2025 14:50:30,26351.00,75
26-11-2025 14:50:28,26349.00,375
26-11-2025 14:50:27,26350.40,75
26-11-2025 14:50:25,26350.00,300
26-11-2025 14:50:23,26351.00,75
26-11-2025 14:50:18,26350.00,375
26-11-2025 14:50:17,26353.00,1200
26-11-2025 14:50:15,26352.80,450
26-11-2025 14:50:13,26352.80,150
26-11-2025 14:50:12,26350.70,75
26-11-2025 14:50:10,26350.30,75
26-11-2025 14:50:08,26350.00,20475
26-11-2025 14:50:05,26351.40,150
26-11-2025 14:50:03,26350.00,225
26-11-2025 14:50:02,26350.10,150
26-11-2025 14:50:00,26350.10,825
26-11-2025 14:49:57,26350.30,75
26-11-2025 14:49:50,26350.40,225
26-11-2025 14:49:49,26350.60,150
26-11-2025 14:49:47,26350.60,225
26-11-2025 14:49:45,26351.50,75
26-11-2025 14:49:44,26353.00,75
26-11-2025 14:49:40,26353.00,675
26-11-2025 14:49:37,26352.00,75
26-11-2025 14:49:35,26352.00,75
26-11-2025 14:49:34,26352.00,75
26-11-2025 14:49:32,26352.00,150
26-11-2025 14:49:30,26350.40,150
26-11-2025 14:49:25,26350.40,75
26-11-2025 14:49:14,26353.10,225
26-11-2025 14:49:12,26350.00,825
26-11-2025 14:49:10,26350.70,75
26-11-2025 14:49:09,26350.10,1950
26-11-2025 14:49:05,26353.00,75
26-11-2025 14:49:02,26353.60,75
26-11-2025 14:48:57,26353.50,75
26-11-2025 14:48:55,26353.60,375
26-11-2025 14:48:50,26353.60,150
26-11-2025 14:48:47,26355.00,300
26-11-2025 14:48:45,26355.00,675
26-11-2025 14:48:44,26357.10,150
26-11-2025 14:48:34,26355.00,225
26-11-2025 14:48:32,26355.00,300
26-11-2025 14:48:29,26356.00,75
26-11-2025 14:48:25,26358.00,75
26-11-2025 14:48:22,26356.00,75
26-11-2025 14:48:19,26358.00,375
26-11-2025 14:48:15,26358.40,225
26-11-2025 14:48:14,26359.00,300
26-11-2025 14:48:04,26359.00,150
26-11-2025 14:48:02,26359.00,150
26-11-2025 14:47:59,26359.00,150
26-11-2025 14:47:57,26359.00,75
26-11-2025 14:47:51,26359.50,75
26-11-2025 14:47:49,26359.00,75
26-11-2025 14:47:40,26358.00,75
26-11-2025 14:47:38,26360.00,150
26-11-2025 14:47:32,26359.00,150
26-11-2025 14:47:27,26360.00,75
26-11-2025 14:47:25,26360.00,75
26-11-2025 14:47:23,26360.00,375
26-11-2025 14:47:20,26358.00,150
26-11-2025 14:47:18,26356.00,75
26-11-2025 14:47:17,26357.90,75
26-11-2025 14:47:15,26357.00,75
26-11-2025 14:47:14,26355.00,150
26-11-2025 14:47:07,26356.70,75
26-11-2025 14:47:02,26357.30,75
26-11-2025 14:47:00,26358.90,375
26-11-2025 14:46:59,26360.00,75
26-11-2025 14:46:57,26356.00,75
26-11-2025 14:46:54,26359.50,75
26-11-2025 14:46:40,26358.30,150
26-11-2025 14:46:39,26358.80,75
26-11-2025 14:46:37,26355.00,150
26-11-2025 14:46:35,26360.00,75
26-11-2025 14:46:33,26359.70,75
26-11-2025 14:46:32,26359.50,150
26-11-2025 14:46:27,26358.60,75
26-11-2025 14:46:20,26358.60,75
26-11-2025 14:46:18,26355.00,75
26-11-2025 14:46:17,26358.60,150
26-11-2025 14:46:13,26357.00,300
26-11-2025 14:46:10,26357.20,150
26-11-2025 14:46:07,26357.40,300
26-11-2025 14:46:05,26358.20,150
26-11-2025 14:46:02,26358.60,75
26-11-2025 14:45:58,26355.20,600
26-11-2025 14:45:55,26359.50,75
26-11-2025 14:45:52,26355.70,450
26-11-2025 14:45:50,26357.70,225
26-11-2025 14:45:47,26359.00,75
26-11-2025 14:45:45,26359.50,75
26-11-2025 14:45:40,26359.50,150
26-11-2025 14:45:33,26357.20,150
26-11-2025 14:45:30,26350.90,525
26-11-2025 14:45:28,26351.00,750
26-11-2025 14:45:20,26357.00,150
26-11-2025 14:45:17,26353.40,225
26-11-2025 14:45:15,26356.00,1575
26-11-2025 14:45:14,26351.00,150
26-11-2025 14:45:12,26353.40,75
26-11-2025 14:45:10,26350.40,150
26-11-2025 14:45:08,26350.60,975
26-11-2025 14:45:05,26353.40,375
26-11-2025 14:45:03,26351.60,300
26-11-2025 14:45:02,26351.50,2550
26-11-2025 14:45:00,26353.40,375
26-11-2025 14:44:58,26352.60,225
26-11-2025 14:44:57,26352.60,375
26-11-2025 14:44:55,26353.50,150
26-11-2025 14:44:52,26353.90,75
26-11-2025 14:44:50,26353.50,900
26-11-2025 14:44:48,26352.60,600
26-11-2025 14:44:45,26353.40,1425
26-11-2025 14:44:43,26353.50,3300
26-11-2025 14:44:42,26355.10,1200
26-11-2025 14:44:40,26356.40,675
26-11-2025 14:44:39,26355.70,150
26-11-2025 14:44:35,26356.00,150
26-11-2025 14:44:32,26356.70,450
26-11-2025 14:44:30,26357.70,375
26-11-2025 14:44:29,26358.10,375
26-11-2025 14:44:27,26358.90,225
26-11-2025 14:44:26,26356.70,75
26-11-2025 14:44:24,26356.40,600
26-11-2025 14:44:19,26359.30,300
26-11-2025 14:44:17,26359.70,225
26-11-2025 14:44:15,26360.60,225
26-11-2025 14:44:10,26359.70,225
26-11-2025 14:44:09,26361.60,75
26-11-2025 14:44:05,26357.60,675
26-11-2025 14:44:02,26359.70,450
26-11-2025 14:44:00,26361.50,75
26-11-2025 14:43:59,26357.60,150
26-11-2025 14:43:54,26361.40,225
26-11-2025 14:43:52,26361.40,75
26-11-2025 14:43:50,26360.30,75
26-11-2025 14:43:49,26359.60,525
26-11-2025 14:43:47,26359.20,150
26-11-2025 14:43:46,26355.70,75
26-11-2025 14:43:44,26359.60,75
26-11-2025 14:43:42,26358.00,225
26-11-2025 14:43:41,26361.90,375
26-11-2025 14:43:39,26362.00,75
26-11-2025 14:43:37,26362.50,75
26-11-2025 14:43:36,26362.50,300
26-11-2025 14:43:34,26360.00,225
26-11-2025 14:43:32,26360.00,375
26-11-2025 14:43:31,26363.80,75
26-11-2025 14:43:27,26361.40,150
26-11-2025 14:43:24,26360.00,75
26-11-2025 14:43:22,26362.80,75
26-11-2025 14:43:21,26360.00,75
26-11-2025 14:43:19,26360.90,225
26-11-2025 14:43:16,26357.40,2550
26-11-2025 14:43:14,26360.00,1200
26-11-2025 14:43:09,26365.10,150
26-11-2025 14:43:06,26366.30,375
26-11-2025 14:43:02,26366.10,75
26-11-2025 14:42:59,26366.40,75
26-11-2025 14:42:57,26366.30,150
26-11-2025 14:42:56,26365.20,75
26-11-2025 14:42:54,26363.10,75
26-11-2025 14:42:49,26365.90,75
26-11-2025 14:42:45,26365.90,75
26-11-2025 14:42:44,26365.00,150
26-11-2025 14:42:40,26366.00,225
26-11-2025 14:42:39,26365.50,75
26-11-2025 14:42:35,26365.60,75
26-11-2025 14:42:32,26361.70,75
26-11-2025 14:42:30,26365.20,150
26-11-2025 14:42:29,26366.90,75
26-11-2025 14:42:22,26365.60,150
26-11-2025 14:42:20,26364.10,75
26-11-2025 14:42:19,26363.20,75
26-11-2025 14:42:17,26365.20,75
26-11-2025 14:42:14,26365.60,150
26-11-2025 14:42:09,26365.70,225
26-11-2025 14:42:07,26361.00,150
26-11-2025 14:42:02,26365.50,75
26-11-2025 14:42:01,26366.50,75
26-11-2025 14:41:59,26368.00,75
26-11-2025 14:41:57,26368.00,300
26-11-2025 14:41:56,26366.50,75
26-11-2025 14:41:54,26368.00,75
26-11-2025 14:41:52,26368.00,225
26-11-2025 14:41:51,26365.00,525
26-11-2025 14:41:49,26364.00,900
26-11-2025 14:41:47,26362.00,150
26-11-2025 14:41:46,26362.00,75
26-11-2025 14:41:44,26362.00,300
26-11-2025 14:41:41,26363.00,900
26-11-2025 14:41:37,26362.00,75
26-11-2025 14:41:36,26361.90,75
26-11-2025 14:41:31,26360.30,150
26-11-2025 14:41:27,26360.00,75
26-11-2025 14:41:21,26360.30,75
26-11-2025 14:41:11,26364.90,150
26-11-2025 14:41:09,26362.90,75
26-11-2025 14:41:06,26360.00,75
26-11-2025 14:41:02,26360.00,75
26-11-2025 14:41:01,26364.70,225
26-11-2025 14:40:59,26364.60,75
26-11-2025 14:40:57,26364.60,300
26-11-2025 14:40:56,26363.90,150
26-11-2025 14:40:54,26360.00,75
26-11-2025 14:40:52,26363.40,225
26-11-2025 14:40:51,26363.30,150
26-11-2025 14:40:49,26363.00,525
26-11-2025 14:40:46,26360.80,150
26-11-2025 14:40:39,26356.00,150
26-11-2025 14:40:34,26356.00,75
26-11-2025 14:40:31,26361.70,225
26-11-2025 14:40:27,26356.30,450
26-11-2025 14:40:21,26358.40,75
26-11-2025 14:40:19,26361.70,525
26-11-2025 14:40:17,26356.20,75
26-11-2025 14:40:14,26360.70,75
26-11-2025 14:40:12,26356.20,150
26-11-2025 14:40:11,26359.10,75
26-11-2025 14:40:09,26355.90,825
26-11-2025 14:40:07,26356.10,225
26-11-2025 14:40:06,26356.10,150
26-11-2025 14:40:02,26361.70,75
26-11-2025 14:39:59,26361.80,375
26-11-2025 14:39:57,26359.10,75
26-11-2025 14:39:56,26359.10,300
26-11-2025 14:39:52,26359.10,75
26-11-2025 14:39:49,26360.70,75
26-11-2025 14:39:48,26359.10,525
26-11-2025 14:39:46,26356.20,75
26-11-2025 14:39:43,26359.10,75
26-11-2025 14:39:39,26359.10,225
26-11-2025 14:39:38,26359.10,300
26-11-2025 14:39:34,26359.80,75
26-11-2025 14:39:33,26360.00,150
26-11-2025 14:39:31,26363.30,675
26-11-2025 14:39:29,26359.10,75
26-11-2025 14:39:28,26360.60,300
26-11-2025 14:39:24,26355.50,450
26-11-2025 14:39:23,26360.60,300
26-11-2025 14:39:21,26359.10,150
26-11-2025 14:39:19,26356.60,225
26-11-2025 14:39:16,26359.10,1050
26-11-2025 14:39:14,26356.60,225
26-11-2025 14:39:13,26356.60,75
26-11-2025 14:39:11,26359.10,150
26-11-2025 14:39:09,26359.10,75
26-11-2025 14:39:03,26356.60,450
26-11-2025 14:38:51,26356.60,75
26-11-2025 14:38:48,26355.00,375
26-11-2025 14:38:46,26356.50,1125
26-11-2025 14:38:44,26354.30,75
26-11-2025 14:38:43,26355.00,75
26-11-2025 14:38:41,26355.00,1050
26-11-2025 14:38:35,26356.40,75
26-11-2025 14:38:29,26357.30,450
26-11-2025 14:38:28,26358.80,75
26-11-2025 14:38:26,26359.40,75
26-11-2025 14:38:24,26360.60,75
26-11-2025 14:38:23,26361.70,75
26-11-2025 14:38:11,26357.00,150
26-11-2025 14:38:09,26364.00,75
26-11-2025 14:38:06,26363.60,150
26-11-2025 14:38:05,26363.20,150
26-11-2025 14:38:01,26364.80,75
26-11-2025 14:38:00,26364.90,75
26-11-2025 14:37:56,26364.90,75
26-11-2025 14:37:53,26364.10,1125
26-11-2025 14:37:51,26361.50,750
26-11-2025 14:37:50,26363.00,75
26-11-2025 14:37:45,26364.20,150
26-11-2025 14:37:41,26364.00,75
26-11-2025 14:37:40,26364.00,75
26-11-2025 14:37:31,26363.00,75
26-11-2025 14:37:30,26364.00,900
26-11-2025 14:37:26,26364.60,75
26-11-2025 14:37:23,26364.00,75
26-11-2025 14:37:20,26360.10,375
26-11-2025 14:37:16,26363.10,75
26-11-2025 14:37:15,26357.90,150
26-11-2025 14:37:12,26360.00,375
26-11-2025 14:37:10,26359.50,375
26-11-2025 14:37:05,26358.50,300
26-11-2025 14:37:03,26360.00,150
26-11-2025 14:37:02,26360.00,75
26-11-2025 14:37:00,26358.50,1650
26-11-2025 14:36:55,26360.00,75
26-11-2025 14:36:53,26359.20,75
26-11-2025 14:36:52,26360.00,150
26-11-2025 14:36:50,26356.70,75
26-11-2025 14:36:48,26360.00,300
26-11-2025 14:36:46,26359.60,75
26-11-2025 14:36:45,26360.00,450
26-11-2025 14:36:37,26359.20,75
26-11-2025 14:36:32,26360.00,225
26-11-2025 14:36:30,26359.70,75
26-11-2025 14:36:22,26360.00,75
26-11-2025 14:36:20,26360.00,75
26-11-2025 14:36:18,26360.00,525
26-11-2025 14:36:17,26360.00,150
26-11-2025 14:36:15,26355.80,1050
26-11-2025 14:36:13,26356.00,600
26-11-2025 14:36:12,26356.50,75
26-11-2025 14:36:10,26356.00,75
26-11-2025 14:36:08,26353.60,450
26-11-2025 14:36:07,26357.30,450
26-11-2025 14:36:05,26353.30,1200
26-11-2025 14:36:02,26355.40,75
26-11-2025 14:36:00,26355.20,675
26-11-2025 14:35:58,26355.00,150
26-11-2025 14:35:57,26355.00,900
26-11-2025 14:35:53,26356.10,75
26-11-2025 14:35:52,26355.00,525
26-11-2025 14:35:50,26357.00,75
26-11-2025 14:35:48,26360.00,675
26-11-2025 14:35:47,26359.20,225
26-11-2025 14:35:45,26360.00,1200
26-11-2025 14:35:40,26361.00,75
26-11-2025 14:35:39,26361.50,75
26-11-2025 14:35:37,26361.50,225
26-11-2025 14:35:35,26361.50,600
26-11-2025 14:35:34,26361.60,525
26-11-2025 14:35:29,26362.00,75
26-11-2025 14:35:26,26361.50,750
26-11-2025 14:35:22,26362.00,750
26-11-2025 14:35:19,26362.50,75
26-11-2025 14:35:16,26364.00,75
26-11-2025 14:35:14,26362.50,75
26-11-2025 14:35:12,26360.30,1275
26-11-2025 14:35:06,26362.50,75
26-11-2025 14:35:02,26363.00,225
26-11-2025 14:34:57,26364.60,75
26-11-2025 14:34:49,26364.60,75
26-11-2025 14:34:46,26364.60,150
26-11-2025 14:34:42,26360.30,75
26-11-2025 14:34:36,26360.30,75
26-11-2025 14:34:32,26360.10,75
26-11-2025 14:34:29,26360.00,600
26-11-2025 14:34:24,26365.00,75
26-11-2025 14:34:21,26364.60,150
26-11-2025 14:34:19,26365.00,525
26-11-2025 14:34:17,26365.00,225
26-11-2025 14:34:16,26365.00,75
26-11-2025 14:34:12,26364.00,75
26-11-2025 14:34:11,26364.00,150
26-11-2025 14:34:07,26365.00,375
26-11-2025 14:34:02,26362.10,75
26-11-2025 14:33:59,26360.60,300
26-11-2025 14:33:57,26360.60,75
26-11-2025 14:33:56,26365.00,150
26-11-2025 14:33:54,26362.00,75
26-11-2025 14:33:52,26359.10,300
26-11-2025 14:33:51,26362.00,75
26-11-2025 14:33:47,26365.00,150
26-11-2025 14:33:46,26365.00,75
26-11-2025 14:33:42,26365.00,75
26-11-2025 14:33:41,26364.40,150
26-11-2025 14:33:38,26362.00,675
26-11-2025 14:33:33,26364.90,75
26-11-2025 14:33:29,26363.60,75
26-11-2025 14:33:26,26365.00,150
26-11-2025 14:33:24,26362.30,150
26-11-2025 14:33:21,26365.00,75
26-11-2025 14:33:13,26364.90,75
26-11-2025 14:33:10,26364.90,75
26-11-2025 14:33:06,26362.00,75
26-11-2025 14:33:05,26364.90,150
26-11-2025 14:33:00,26363.20,75
26-11-2025 14:32:58,26361.70,300
26-11-2025 14:32:52,26361.70,75
26-11-2025 14:32:50,26361.70,75
26-11-2025 14:32:48,26364.00,150
26-11-2025 14:32:43,26361.70,75
26-11-2025 14:32:40,26361.70,75
26-11-2025 14:32:37,26362.80,75
26-11-2025 14:32:35,26363.00,225
26-11-2025 14:32:27,26361.70,150
26-11-2025 14:32:23,26362.00,525
26-11-2025 14:32:18,26362.00,75
26-11-2025 14:32:15,26360.90,75
26-11-2025 14:32:13,26360.00,150
26-11-2025 14:32:09,26361.70,150
26-11-2025 14:32:07,26359.70,1950
26-11-2025 14:32:04,26359.60,150
26-11-2025 14:32:02,26360.00,450
26-11-2025 14:32:00,26360.00,75
26-11-2025 14:31:59,26360.00,75
26-11-2025 14:31:57,26360.00,75
26-11-2025 14:31:55,26362.00,75
26-11-2025 14:31:54,26360.00,375
26-11-2025 14:31:50,26362.00,150
26-11-2025 14:31:49,26360.00,375
26-11-2025 14:31:47,26360.00,75
26-11-2025 14:31:44,26360.00,150
26-11-2025 14:31:42,26355.00,225
26-11-2025 14:31:40,26355.00,525
26-11-2025 14:31:39,26360.00,225
26-11-2025 14:31:37,26356.00,300
26-11-2025 14:31:35,26355.50,150
26-11-2025 14:31:34,26355.50,225
26-11-2025 14:31:29,26358.00,150
26-11-2025 14:31:27,26355.50,300
26-11-2025 14:31:25,26358.00,600
26-11-2025 14:31:22,26360.00,525
26-11-2025 14:31:20,26361.00,1350
26-11-2025 14:31:19,26367.90,75
26-11-2025 14:31:17,26367.80,150
26-11-2025 14:31:14,26368.20,150
26-11-2025 14:31:11,26368.30,225
26-11-2025 14:31:07,26368.00,75
26-11-2025 14:31:05,26367.40,75
26-11-2025 14:31:04,26368.00,75
26-11-2025 14:31:02,26369.00,75
26-11-2025 14:30:59,26369.00,525
26-11-2025 14:30:57,26369.00,300
26-11-2025 14:30:50,26368.00,150
26-11-2025 14:30:49,26368.70,375
26-11-2025 14:30:47,26366.00,225
26-11-2025 14:30:44,26366.00,225
26-11-2025 14:30:42,26369.00,150
26-11-2025 14:30:40,26366.00,75
26-11-2025 14:30:37,26365.00,75
26-11-2025 14:30:34,26367.00,75
26-11-2025 14:30:32,26369.90,525
26-11-2025 14:30:29,26366.00,75
26-11-2025 14:30:27,26362.90,225
26-11-2025 14:30:24,26367.00,225
26-11-2025 14:30:20,26366.30,300
26-11-2025 14:30:19,26362.50,900
26-11-2025 14:30:17,26360.00,1875
26-11-2025 14:30:15,26360.00,225
26-11-2025 14:30:14,26355.00,975
26-11-2025 14:30:12,26355.20,1425
26-11-2025 14:30:10,26356.00,150
26-11-2025 14:30:09,26357.00,225
26-11-2025 14:30:07,26358.00,300
26-11-2025 14:30:05,26358.00,225
26-11-2025 14:30:04,26360.00,525
26-11-2025 14:30:02,26360.00,75
26-11-2025 14:30:00,26360.00,225
26-11-2025 14:29:59,26363.00,1200
26-11-2025 14:29:57,26363.00,75
26-11-2025 14:29:55,26363.00,75
26-11-2025 14:29:54,26363.70,600
26-11-2025 14:29:52,26363.70,225
26-11-2025 14:29:50,26363.00,225
26-11-2025 14:29:49,26363.00,525
26-11-2025 14:29:47,26363.00,1050
26-11-2025 14:29:45,26361.00,450
26-11-2025 14:29:44,26362.00,225
26-11-2025 14:29:42,26362.40,75
26-11-2025 14:29:40,26361.70,375
26-11-2025 14:29:39,26360.00,1275
26-11-2025 14:29:37,26361.60,525
26-11-2025 14:29:35,26362.00,525
26-11-2025 14:29:34,26365.30,75
26-11-2025 14:29:30,26363.00,600
26-11-2025 14:29:29,26365.00,150
26-11-2025 14:29:27,26367.50,75
26-11-2025 14:29:25,26365.00,225
26-11-2025 14:29:24,26367.50,375
26-11-2025 14:29:22,26366.50,150
26-11-2025 14:29:21,26367.00,225
26-11-2025 14:29:16,26366.00,75
26-11-2025 14:29:14,26368.00,150
26-11-2025 14:29:12,26366.50,225
26-11-2025 14:29:11,26367.10,150
26-11-2025 14:29:09,26366.00,450
26-11-2025 14:29:07,26366.80,300
26-11-2025 14:29:06,26367.50,150
26-11-2025 14:29:02,26368.00,150
26-11-2025 14:29:01,26368.50,525
26-11-2025 14:28:59,26368.10,525
26-11-2025 14:28:54,26368.00,75
26-11-2025 14:28:52,26368.00,225
26-11-2025 14:28:51,26368.30,75
26-11-2025 14:28:47,26368.50,225
26-11-2025 14:28:46,26368.30,225
26-11-2025 14:28:44,26368.50,225
26-11-2025 14:28:41,26370.60,75
26-11-2025 14:28:39,26369.70,525
26-11-2025 14:28:37,26370.50,225
26-11-2025 14:28:36,26369.60,375
26-11-2025 14:28:32,26372.10,375
26-11-2025 14:28:31,26370.50,75
26-11-2025 14:28:29,26372.60,4950
26-11-2025 14:28:27,26370.00,675
26-11-2025 14:28:26,26368.50,75
26-11-2025 14:28:24,26368.50,75
26-11-2025 14:28:22,26368.60,75
26-11-2025 14:28:21,26369.00,75
26-11-2025 14:28:19,26369.00,150
26-11-2025 14:28:17,26368.60,150
26-11-2025 14:28:16,26369.00,75
26-11-2025 14:28:14,26368.60,525
26-11-2025 14:28:13,26368.80,225
26-11-2025 14:28:11,26368.80,150
26-11-2025 14:28:09,26366.00,450
26-11-2025 14:28:07,26369.00,75
26-11-2025 14:28:06,26369.60,75
26-11-2025 14:28:04,26369.60,225
26-11-2025 14:28:03,26370.00,150
26-11-2025 14:28:01,26370.00,225
26-11-2025 14:27:59,26370.00,75
26-11-2025 14:27:57,26370.00,75
26-11-2025 14:27:54,26371.00,450
26-11-2025 14:27:52,26371.00,75
26-11-2025 14:27:51,26371.00,375
26-11-2025 14:27:48,26371.00,75
26-11-2025 14:27:46,26371.00,150
26-11-2025 14:27:42,26371.00,600
26-11-2025 14:27:37,26371.50,75
26-11-2025 14:27:36,26371.60,75
26-11-2025 14:27:34,26374.90,150
26-11-2025 14:27:31,26372.60,75
26-11-2025 14:27:29,26373.00,150
26-11-2025 14:27:26,26371.10,1125
26-11-2025 14:27:24,26370.10,75
26-11-2025 14:27:21,26371.10,450
26-11-2025 14:27:19,26372.60,1725
26-11-2025 14:27:17,26376.50,225
26-11-2025 14:27:16,26376.60,150
26-11-2025 14:27:14,26378.30,150
26-11-2025 14:27:13,26376.90,225
26-11-2025 14:27:08,26376.60,225
26-11-2025 14:27:06,26378.80,225
26-11-2025 14:27:04,26379.80,225
26-11-2025 14:27:03,26378.20,150
26-11-2025 14:27:01,26377.80,300
26-11-2025 14:26:58,26377.30,75
26-11-2025 14:26:56,26373.00,825
26-11-2025 14:26:53,26376.60,75
26-11-2025 14:26:51,26377.10,75
26-11-2025 14:26:48,26374.00,450
26-11-2025 14:26:41,26378.20,150
26-11-2025 14:26:39,26380.00,975
26-11-2025 14:26:33,26381.30,75
26-11-2025 14:26:31,26383.00,900
26-11-2025 14:26:29,26382.00,75
26-11-2025 14:26:26,26382.00,150
26-11-2025 14:26:24,26381.80,225
26-11-2025 14:26:23,26382.00,75
26-11-2025 14:26:21,26382.40,75
26-11-2025 14:26:19,26383.00,150
26-11-2025 14:26:14,26384.00,75
26-11-2025 14:26:11,26384.00,450
26-11-2025 14:26:09,26383.00,225
26-11-2025 14:26:08,26383.10,300
26-11-2025 14:26:04,26383.00,225
26-11-2025 14:25:59,26380.00,225
26-11-2025 14:25:58,26382.80,75
26-11-2025 14:25:56,26382.10,75
26-11-2025 14:25:55,26382.10,750
26-11-2025 14:25:53,26382.00,150
26-11-2025 14:25:51,26382.00,75
26-11-2025 14:25:50,26382.00,150
26-11-2025 14:25:45,26382.00,75
26-11-2025 14:25:41,26382.00,375
26-11-2025 14:25:40,26382.00,375
26-11-2025 14:25:36,26381.00,75
26-11-2025 14:25:35,26380.00,75
26-11-2025 14:25:31,26381.00,150
26-11-2025 14:25:28,26380.00,300
26-11-2025 14:25:26,26380.50,450
26-11-2025 14:25:25,26382.00,225
26-11-2025 14:25:18,26382.00,150
26-11-2025 14:25:15,26382.00,75
26-11-2025 14:25:14,26380.70,150
26-11-2025 14:25:12,26380.50,375
26-11-2025 14:25:02,26379.60,75
26-11-2025 14:24:59,26381.20,150
26-11-2025 14:24:55,26380.50,1050
26-11-2025 14:24:52,26379.70,75
26-11-2025 14:24:49,26380.50,150
26-11-2025 14:24:47,26382.00,900
26-11-2025 14:24:46,26380.50,75
26-11-2025 14:24:39,26380.50,75
26-11-2025 14:24:37,26381.90,675
26-11-2025 14:24:36,26379.50,75
26-11-2025 14:24:34,26380.10,225
26-11-2025 14:24:32,26381.00,75
26-11-2025 14:24:31,26378.70,525
26-11-2025 14:24:27,26381.00,150
26-11-2025 14:24:26,26380.80,75
26-11-2025 14:24:24,26376.10,1575
26-11-2025 14:24:19,26379.10,300
26-11-2025 14:24:17,26381.90,75
26-11-2025 14:24:16,26380.90,75
26-11-2025 14:24:14,26380.00,75
26-11-2025 14:24:12,26380.50,150
26-11-2025 14:24:09,26380.00,375
26-11-2025 14:24:06,26380.50,75
26-11-2025 14:24:04,26380.50,225
26-11-2025 14:24:02,26381.40,75
26-11-2025 14:23:59,26381.90,150
26-11-2025 14:23:50,26380.00,225
26-11-2025 14:23:49,26380.00,75
26-11-2025 14:23:45,26382.80,150
26-11-2025 14:23:44,26379.90,300
26-11-2025 14:23:42,26381.40,375
26-11-2025 14:23:40,26383.90,2775
26-11-2025 14:23:39,26377.60,225
26-11-2025 14:23:37,26380.00,450
26-11-2025 14:23:35,26380.00,150
26-11-2025 14:23:32,26380.00,75
26-11-2025 14:23:31,26380.00,75
26-11-2025 14:23:27,26380.00,1200
26-11-2025 14:23:26,26379.00,225
26-11-2025 14:23:24,26375.80,1200
26-11-2025 14:23:21,26379.00,450
26-11-2025 14:23:19,26375.60,150
26-11-2025 14:23:17,26378.00,75
26-11-2025 14:23:16,26378.00,150
26-11-2025 14:23:14,26374.60,75
26-11-2025 14:23:07,26375.10,225
26-11-2025 14:23:06,26377.30,375
26-11-2025 14:23:04,26374.10,525
26-11-2025 14:22:57,26374.10,75
26-11-2025 14:22:56,26372.60,300
26-11-2025 14:22:52,26378.30,75
26-11-2025 14:22:51,26378.10,150
26-11-2025 14:22:49,26378.00,150
26-11-2025 14:22:47,26378.40,375
26-11-2025 14:22:46,26378.20,300
26-11-2025 14:22:44,26378.10,225
26-11-2025 14:22:42,26378.10,375
26-11-2025 14:22:41,26377.90,525
26-11-2025 14:22:39,26377.80,75
26-11-2025 14:22:37,26377.90,375
26-11-2025 14:22:36,26377.60,450
26-11-2025 14:22:34,26377.40,375
26-11-2025 14:22:32,26377.40,375
26-11-2025 14:22:31,26377.70,300
26-11-2025 14:22:29,26377.40,150
26-11-2025 14:22:27,26377.20,525
26-11-2025 14:22:26,26376.40,150
26-11-2025 14:22:24,26376.20,300
26-11-2025 14:22:22,26375.90,600
26-11-2025 14:22:21,26377.80,225
26-11-2025 14:22:19,26377.50,225
26-11-2025 14:22:17,26378.00,225
26-11-2025 14:22:16,26377.00,600
26-11-2025 14:22:14,26377.10,225
26-11-2025 14:22:13,26377.10,375
26-11-2025 14:22:11,26377.00,450
26-11-2025 14:22:09,26376.70,150
26-11-2025 14:22:08,26376.20,300
26-11-2025 14:22:06,26376.00,150
26-11-2025 14:22:04,26376.00,375
26-11-2025 14:22:03,26375.50,300
26-11-2025 14:22:01,26375.50,150
26-11-2025 14:21:59,26375.20,300
26-11-2025 14:21:58,26374.90,600
26-11-2025 14:21:56,26374.80,150
26-11-2025 14:21:55,26374.00,150
26-11-2025 14:21:53,26375.00,750
26-11-2025 14:21:51,26372.00,225
26-11-2025 14:21:50,26375.00,450
26-11-2025 14:21:48,26374.40,150
26-11-2025 14:21:46,26374.50,375
26-11-2025 14:21:45,26374.40,225
26-11-2025 14:21:43,26374.50,150
26-11-2025 14:21:42,26374.10,375
26-11-2025 14:21:40,26374.40,300
26-11-2025 14:21:38,26374.20,300
26-11-2025 14:21:37,26374.00,375
26-11-2025 14:21:35,26374.60,300
26-11-2025 14:21:34,26374.80,450
26-11-2025 14:21:32,26374.00,75
26-11-2025 14:21:30,26373.30,150
26-11-2025 14:21:29,26373.40,300
26-11-2025 14:21:27,26369.60,300
26-11-2025 14:21:25,26374.60,225
26-11-2025 14:21:24,26373.90,600
26-11-2025 14:21:22,26374.70,375
26-11-2025 14:21:20,26374.60,300
26-11-2025 14:21:19,26375.00,450
26-11-2025 14:21:17,26374.90,75
26-11-2025 14:21:16,26375.00,375
26-11-2025 14:21:14,26374.70,150
26-11-2025 14:21:13,26374.80,450
26-11-2025 14:21:11,26374.00,750
26-11-2025 14:21:09,26375.00,975
26-11-2025 14:21:07,26375.00,300
26-11-2025 14:21:06,26374.90,300
26-11-2025 14:21:04,26375.00,225
26-11-2025 14:21:03,26375.00,300
26-11-2025 14:21:01,26372.80,375
26-11-2025 14:20:59,26374.90,150
26-11-2025 14:20:58,26374.60,300
26-11-2025 14:20:56,26374.40,150
26-11-2025 14:20:54,26374.10,375
26-11-2025 14:20:53,26373.60,375
26-11-2025 14:20:51,26373.10,150
26-11-2025 14:20:49,26373.10,375
26-11-2025 14:20:48,26373.40,225
26-11-2025 14:20:46,26373.60,300
26-11-2025 14:20:44,26373.50,225
26-11-2025 14:20:43,26373.50,900
26-11-2025 14:20:41,26373.40,75
26-11-2025 14:20:39,26373.00,300
26-11-2025 14:20:38,26372.60,375
26-11-2025 14:20:36,26372.40,150
26-11-2025 14:20:35,26372.30,375
26-11-2025 14:20:33,26372.70,375
26-11-2025 14:20:31,26372.00,150
26-11-2025 14:20:30,26371.60,225
26-11-2025 14:20:28,26372.10,300
26-11-2025 14:20:26,26372.30,225
26-11-2025 14:20:25,26372.70,300
26-11-2025 14:20:23,26373.40,150
26-11-2025 14:20:21,26373.50,375
26-11-2025 14:20:20,26373.40,375
26-11-2025 14:20:18,26373.10,600
26-11-2025 14:20:16,26374.70,375
26-11-2025 14:20:15,26374.50,300
26-11-2025 14:20:13,26371.50,300
26-11-2025 14:20:12,26374.70,375
26-11-2025 14:20:10,26374.90,300
26-11-2025 14:20:08,26374.90,300
26-11-2025 14:20:07,26374.90,1575
26-11-2025 14:20:05,26373.20,150
26-11-2025 14:20:04,26374.20,300
26-11-2025 14:20:02,26374.00,300
26-11-2025 14:20:00,26373.80,300
26-11-2025 14:19:59,26374.00,300
26-11-2025 14:19:57,26373.80,75
26-11-2025 14:19:56,26373.60,600
26-11-2025 14:19:54,26374.00,225
26-11-2025 14:19:52,26373.00,75
26-11-2025 14:19:44,26374.00,75
26-11-2025 14:19:42,26372.10,75
26-11-2025 14:19:41,26371.50,75
26-11-2025 14:19:39,26374.00,75
26-11-2025 14:19:34,26373.20,75
26-11-2025 14:19:31,26370.00,675
26-11-2025 14:19:27,26365.90,450
26-11-2025 14:19:26,26372.20,300
26-11-2025 14:19:23,26370.00,75
26-11-2025 14:19:19,26370.00,450
26-11-2025 14:19:18,26370.00,75
26-11-2025 14:19:16,26370.00,525
26-11-2025 14:19:15,26371.50,150
26-11-2025 14:19:08,26371.60,150
26-11-2025 14:19:06,26372.90,75
26-11-2025 14:19:05,26372.90,75
26-11-2025 14:19:03,26372.00,75
26-11-2025 14:19:01,26372.00,150
26-11-2025 14:19:00,26370.00,1425
26-11-2025 14:18:58,26369.00,1050
26-11-2025 14:18:56,26369.00,675
26-11-2025 14:18:55,26368.70,150
26-11-2025 14:18:53,26368.70,75
26-11-2025 14:18:51,26368.70,150
26-11-2025 14:18:50,26367.30,300
26-11-2025 14:18:43,26367.60,75
26-11-2025 14:18:41,26368.00,75
26-11-2025 14:18:36,26367.00,75
26-11-2025 14:18:35,26366.00,150
26-11-2025 14:18:33,26365.30,600
26-11-2025 14:18:31,26365.00,225
26-11-2025 14:18:27,26365.00,375
26-11-2025 14:18:25,26365.00,300
26-11-2025 14:18:23,26365.00,75
26-11-2025 14:18:22,26365.00,75
26-11-2025 14:18:20,26365.00,75
26-11-2025 14:18:17,26365.00,225
26-11-2025 14:18:15,26365.00,75
26-11-2025 14:18:12,26365.00,150
26-11-2025 14:17:59,26365.30,75
26-11-2025 14:17:57,26369.00,75
26-11-2025 14:17:56,26367.00,75
26-11-2025 14:17:52,26365.00,300
26-11-2025 14:17:51,26365.70,600
26-11-2025 14:17:49,26365.30,75
26-11-2025 14:17:44,26365.30,300
26-11-2025 14:17:42,26365.80,1275
26-11-2025 14:17:41,26365.00,300
26-11-2025 14:17:39,26365.60,225
26-11-2025 14:17:34,26365.00,225
26-11-2025 14:17:32,26365.60,75
26-11-2025 14:17:29,26365.20,75
26-11-2025 14:17:27,26367.50,75
26-11-2025 14:17:26,26366.00,375
26-11-2025 14:17:24,26365.00,225
26-11-2025 14:17:22,26365.20,225
26-11-2025 14:17:21,26365.20,75
26-11-2025 14:17:19,26365.60,75
26-11-2025 14:17:17,26366.40,600
26-11-2025 14:17:14,26365.00,75
26-11-2025 14:17:11,26368.30,225
26-11-2025 14:17:09,26367.10,150
26-11-2025 14:17:08,26365.00,1650
26-11-2025 14:17:06,26369.60,1050
26-11-2025 14:17:04,26370.00,525
26-11-2025 14:17:03,26366.00,1125
26-11-2025 14:17:01,26369.00,75
26-11-2025 14:16:56,26369.00,150
26-11-2025 14:16:54,26369.00,75
26-11-2025 14:16:53,26366.00,300
26-11-2025 14:16:51,26369.00,300
26-11-2025 14:16:48,26369.00,75
26-11-2025 14:16:45,26366.70,150
26-11-2025 14:16:43,26369.00,75
26-11-2025 14:16:41,26369.00,75
26-11-2025 14:16:40,26366.50,75
26-11-2025 14:16:38,26365.40,75
26-11-2025 14:16:26,26369.00,150
26-11-2025 14:16:24,26366.70,75
26-11-2025 14:16:22,26369.00,150
26-11-2025 14:16:19,26366.90,75
26-11-2025 14:16:18,26369.00,75
26-11-2025 14:16:16,26366.00,75
26-11-2025 14:15:52,26370.00,75
26-11-2025 14:15:50,26370.00,150
26-11-2025 14:15:48,26365.00,375
26-11-2025 14:15:45,26366.00,150
26-11-2025 14:15:43,26370.00,75
26-11-2025 14:15:38,26365.30,300
26-11-2025 14:15:37,26370.00,150
26-11-2025 14:15:35,26367.00,75
26-11-2025 14:15:27,26367.00,450
26-11-2025 14:15:25,26367.60,75
26-11-2025 14:15:24,26367.00,300
26-11-2025 14:15:22,26367.00,75
26-11-2025 14:15:20,26367.00,75
26-11-2025 14:15:17,26372.00,75
26-11-2025 14:15:12,26370.00,225
26-11-2025 14:15:09,26367.00,75
26-11-2025 14:15:03,26367.00,75
26-11-2025 14:15:02,26367.00,75
26-11-2025 14:15:00,26372.10,75
26-11-2025 14:14:58,26367.10,75
26-11-2025 14:14:55,26372.10,75
26-11-2025 14:14:50,26366.10,300
26-11-2025 14:14:45,26373.90,75
26-11-2025 14:14:42,26368.00,150
26-11-2025 14:14:40,26374.40,75
26-11-2025 14:14:38,26375.00,300
26-11-2025 14:14:37,26373.20,75
26-11-2025 14:14:35,26375.00,825
26-11-2025 14:14:32,26368.70,150
26-11-2025 14:14:30,26367.50,300
26-11-2025 14:14:26,26373.90,75
26-11-2025 14:14:24,26368.40,75
26-11-2025 14:14:21,26373.20,225
26-11-2025 14:14:19,26373.80,150
26-11-2025 14:14:17,26373.90,225
26-11-2025 14:14:16,26374.40,75
26-11-2025 14:14:14,26373.00,150
26-11-2025 14:14:08,26373.00,75
26-11-2025 14:14:06,26373.00,75
26-11-2025 14:14:05,26374.20,75
26-11-2025 14:14:03,26373.00,225
26-11-2025 14:14:01,26373.00,75
26-11-2025 14:14:00,26373.00,225
26-11-2025 14:13:56,26373.00,300
26-11-2025 14:13:55,26373.00,300
26-11-2025 14:13:53,26373.00,1275
26-11-2025 14:13:52,26373.00,75
26-11-2025 14:13:50,26367.10,825
26-11-2025 14:13:48,26373.00,150
26-11-2025 14:13:47,26370.00,75
26-11-2025 14:13:42,26370.10,75
26-11-2025 14:13:40,26373.00,75
26-11-2025 14:13:37,26373.00,1200
26-11-2025 14:13:35,26371.00,75
26-11-2025 14:13:33,26370.00,75
26-11-2025 14:13:30,26370.00,75
26-11-2025 14:13:23,26371.00,75
26-11-2025 14:13:22,26372.00,225
26-11-2025 14:13:20,26373.00,375
26-11-2025 14:13:17,26372.00,300
26-11-2025 14:13:15,26372.00,225
26-11-2025 14:13:13,26373.00,150
26-11-2025 14:13:05,26372.00,150
26-11-2025 14:12:58,26373.00,75
26-11-2025 14:12:57,26372.00,75
26-11-2025 14:12:55,26371.00,150
26-11-2025 14:12:53,26371.00,150
26-11-2025 14:12:52,26370.10,75
26-11-2025 14:12:50,26373.00,150
26-11-2025 14:12:47,26373.00,75
26-11-2025 14:12:45,26372.00,75
26-11-2025 14:12:32,26373.00,75
26-11-2025 14:12:28,26370.00,450
26-11-2025 14:12:17,26368.80,75
26-11-2025 14:12:13,26368.80,150
26-11-2025 14:12:08,26370.00,75
26-11-2025 14:12:04,26368.80,225
26-11-2025 14:12:02,26367.00,225
26-11-2025 14:11:59,26367.00,150
26-11-2025 14:11:57,26367.20,75
26-11-2025 14:11:55,26373.00,225
26-11-2025 14:11:54,26373.00,225
26-11-2025 14:11:52,26368.50,225
26-11-2025 14:11:50,26368.60,450
26-11-2025 14:11:49,26368.60,150
26-11-2025 14:11:47,26370.00,225
26-11-2025 14:11:45,26370.00,300
26-11-2025 14:11:44,26370.00,375
26-11-2025 14:11:42,26370.00,225
26-11-2025 14:11:40,26368.50,375
26-11-2025 14:11:39,26370.00,225
26-11-2025 14:11:37,26370.00,525
26-11-2025 14:11:35,26373.00,225
26-11-2025 14:11:34,26370.00,600
26-11-2025 14:11:32,26373.00,150
26-11-2025 14:11:30,26370.10,75
26-11-2025 14:11:29,26373.00,450
26-11-2025 14:11:27,26373.00,225
26-11-2025 14:11:26,26373.00,300
26-11-2025 14:11:24,26373.00,225
26-11-2025 14:11:22,26373.00,225
26-11-2025 14:11:19,26373.00,225
26-11-2025 14:11:17,26373.00,225
26-11-2025 14:11:16,26373.00,375
26-11-2025 14:11:14,26371.20,2775
26-11-2025 14:11:11,26373.00,375
26-11-2025 14:11:09,26375.80,975
26-11-2025 14:11:06,26375.00,150
26-11-2025 14:11:02,26376.00,450
26-11-2025 14:11:01,26375.40,300
26-11-2025 14:10:57,26375.80,300
26-11-2025 14:10:55,26375.40,225
26-11-2025 14:10:54,26375.70,225
26-11-2025 14:10:52,26376.30,225
26-11-2025 14:10:50,26376.70,225
26-11-2025 14:10:49,26375.30,300
26-11-2025 14:10:45,26376.80,675
26-11-2025 14:10:44,26375.70,225
26-11-2025 14:10:42,26376.00,225
26-11-2025 14:10:40,26375.00,300
26-11-2025 14:10:39,26375.30,75
26-11-2025 14:10:37,26375.10,1575
26-11-2025 14:10:35,26376.00,600
26-11-2025 14:10:34,26376.10,450
26-11-2025 14:10:30,26375.80,1050
26-11-2025 14:10:29,26376.00,225
26-11-2025 14:10:27,26375.90,225
26-11-2025 14:10:25,26375.00,75
26-11-2025 14:10:24,26375.40,300
26-11-2025 14:10:22,26374.90,375
26-11-2025 14:10:20,26375.90,375
26-11-2025 14:10:19,26374.90,375
26-11-2025 14:10:17,26376.10,450
26-11-2025 14:10:15,26375.00,375
26-11-2025 14:10:14,26375.00,675
26-11-2025 14:10:12,26375.80,450
26-11-2025 14:10:10,26374.90,300
26-11-2025 14:10:09,26375.70,75
26-11-2025 14:10:07,26375.60,300
26-11-2025 14:10:05,26375.00,525
26-11-2025 14:10:04,26374.80,300
26-11-2025 14:10:02,26374.90,375
26-11-2025 14:10:00,26374.90,225
26-11-2025 14:09:59,26374.50,300
26-11-2025 14:09:57,26374.50,225
26-11-2025 14:09:56,26374.70,225
26-11-2025 14:09:54,26374.70,75
26-11-2025 14:09:52,26374.90,300
26-11-2025 14:09:50,26375.00,225
26-11-2025 14:09:49,26374.20,225
26-11-2025 14:09:47,26374.90,300
26-11-2025 14:09:45,26374.50,375
26-11-2025 14:09:44,26374.30,225
26-11-2025 14:09:42,26376.10,1050
26-11-2025 14:09:40,26376.30,225
26-11-2025 14:09:39,26376.20,600
26-11-2025 14:09:37,26376.20,225
26-11-2025 14:09:35,26376.30,300
26-11-2025 14:09:34,26377.30,75
26-11-2025 14:09:32,26377.40,225
26-11-2025 14:09:30,26377.20,225
26-11-2025 14:09:29,26377.20,300
26-11-2025 14:09:27,26377.00,225
26-11-2025 14:09:25,26377.30,375
26-11-2025 14:09:24,26371.40,300
26-11-2025 14:09:22,26377.50,300
26-11-2025 14:09:20,26377.10,225
26-11-2025 14:09:19,26376.70,525
26-11-2025 14:09:17,26376.70,225
26-11-2025 14:09:15,26376.30,1350
26-11-2025 14:09:14,26372.40,300
26-11-2025 14:09:12,26376.80,225
26-11-2025 14:09:10,26376.50,225
26-11-2025 14:09:09,26375.90,375
26-11-2025 14:09:07,26374.90,300
26-11-2025 14:09:05,26370.00,375
26-11-2025 14:09:04,26372.10,75
26-11-2025 14:09:02,26374.90,1575
26-11-2025 14:09:00,26370.00,150
26-11-2025 14:08:59,26370.00,450
26-11-2025 14:08:57,26368.80,300
26-11-2025 14:08:56,26368.00,375
26-11-2025 14:08:54,26368.80,300
26-11-2025 14:08:52,26368.50,75
26-11-2025 14:08:51,26368.80,375
26-11-2025 14:08:49,26368.00,300
26-11-2025 14:08:47,26368.00,150
26-11-2025 14:08:46,26368.80,750
26-11-2025 14:08:44,26367.80,225
26-11-2025 14:08:39,26368.00,75
26-11-2025 14:08:37,26368.00,150
26-11-2025 14:08:35,26370.00,450
26-11-2025 14:08:34,26368.00,75
26-11-2025 14:08:30,26368.00,975
26-11-2025 14:08:27,26363.00,150
26-11-2025 14:08:20,26363.00,75
26-11-2025 14:08:16,26364.00,150
26-11-2025 14:08:11,26367.90,150
26-11-2025 14:08:07,26365.00,150
26-11-2025 14:08:06,26365.00,150
26-11-2025 14:08:02,26364.00,75
26-11-2025 14:07:57,26363.20,225
26-11-2025 14:07:56,26364.00,75
26-11-2025 14:07:54,26364.00,75
26-11-2025 14:07:51,26362.00,375
26-11-2025 14:07:46,26362.10,300
26-11-2025 14:07:44,26364.00,300
26-11-2025 14:07:42,26362.00,150
26-11-2025 14:07:41,26360.00,1125
26-11-2025 14:07:39,26360.50,450
26-11-2025 14:07:38,26361.20,150
26-11-2025 14:07:36,26360.50,300
26-11-2025 14:07:34,26362.00,225
26-11-2025 14:07:32,26361.10,75
26-11-2025 14:07:31,26362.00,900
26-11-2025 14:07:26,26362.00,150
26-11-2025 14:07:24,26363.90,150
26-11-2025 14:07:22,26364.10,150
26-11-2025 14:07:21,26366.10,75
26-11-2025 14:07:19,26364.00,300
26-11-2025 14:07:14,26364.00,75
26-11-2025 14:07:11,26364.00,75
26-11-2025 14:07:04,26364.00,375
26-11-2025 14:07:03,26365.30,375
26-11-2025 14:07:01,26364.00,450
26-11-2025 14:06:59,26364.00,300
26-11-2025 14:06:58,26364.00,300
26-11-2025 14:06:56,26364.00,225
26-11-2025 14:06:54,26364.00,675
26-11-2025 14:06:53,26364.00,225
26-11-2025 14:06:51,26364.00,225
26-11-2025 14:06:49,26364.00,225
26-11-2025 14:06:48,26364.00,300
26-11-2025 14:06:46,26369.40,450
26-11-2025 14:06:44,26364.10,300
26-11-2025 14:06:43,26369.20,300
26-11-2025 14:06:39,26364.00,450
26-11-2025 14:06:38,26363.90,300
26-11-2025 14:06:36,26363.40,225
26-11-2025 14:06:35,26365.00,375
26-11-2025 14:06:33,26364.90,225
26-11-2025 14:06:31,26364.10,225
26-11-2025 14:06:30,26363.60,300
26-11-2025 14:06:28,26363.70,525
26-11-2025 14:06:26,26363.80,375
26-11-2025 14:06:25,26369.80,450
26-11-2025 14:06:23,26368.90,75
26-11-2025 14:06:21,26365.00,225
26-11-2025 14:06:19,26363.60,750
26-11-2025 14:06:18,26365.00,225
26-11-2025 14:06:16,26365.00,375
26-11-2025 14:06:15,26365.20,450
26-11-2025 14:06:13,26370.00,150
26-11-2025 14:06:11,26365.00,300
26-11-2025 14:06:10,26365.10,225
26-11-2025 14:06:08,26365.50,375
26-11-2025 14:06:06,26369.90,450
26-11-2025 14:06:05,26369.00,300
26-11-2025 14:06:03,26368.90,300
26-11-2025 14:06:01,26366.20,5325
26-11-2025 14:06:00,26365.90,300
26-11-2025 14:05:58,26365.90,75
26-11-2025 14:05:56,26366.00,1800
26-11-2025 14:05:55,26366.00,2025
26-11-2025 14:05:53,26366.40,225
26-11-2025 14:05:51,26365.50,1125
26-11-2025 14:05:50,26366.00,75
26-11-2025 14:05:45,26366.20,150
26-11-2025 14:05:41,26366.20,75
26-11-2025 14:05:38,26373.00,75
26-11-2025 14:05:36,26366.80,75
26-11-2025 14:05:35,26373.60,75
26-11-2025 14:05:33,26373.20,150
26-11-2025 14:05:31,26367.40,375
26-11-2025 14:05:30,26366.00,450
26-11-2025 14:05:28,26370.00,150
26-11-2025 14:05:26,26366.00,225
26-11-2025 14:05:25,26366.00,75
26-11-2025 14:05:23,26366.00,225
26-11-2025 14:05:21,26368.00,150
26-11-2025 14:05:20,26374.00,375
26-11-2025 14:05:18,26368.00,150
26-11-2025 14:05:15,26370.00,225
26-11-2025 14:05:13,26371.00,375
26-11-2025 14:05:12,26372.00,75
26-11-2025 14:05:10,26372.30,375
26-11-2025 14:05:07,26375.50,75
26-11-2025 14:05:05,26374.30,75
26-11-2025 14:05:03,26374.20,150
26-11-2025 14:05:02,26372.50,525
26-11-2025 14:05:00,26375.10,675
26-11-2025 14:04:58,26375.00,1950
26-11-2025 14:04:57,26377.00,225
26-11-2025 14:04:53,26377.00,300
26-11-2025 14:04:52,26377.00,1050
26-11-2025 14:04:50,26378.00,300
26-11-2025 14:04:48,26378.00,300
26-11-2025 14:04:47,26378.00,75
26-11-2025 14:04:45,26378.00,75
26-11-2025 14:04:43,26380.10,75
26-11-2025 14:04:33,26378.20,150
26-11-2025 14:04:31,26376.00,450
26-11-2025 14:04:30,26377.00,600
26-11-2025 14:04:28,26381.00,75
26-11-2025 14:04:27,26378.00,450
26-11-2025 14:04:25,26383.90,150
26-11-2025 14:04:23,26384.00,300
26-11-2025 14:04:22,26384.20,150
26-11-2025 14:04:20,26378.70,600
26-11-2025 14:04:18,26384.10,75
26-11-2025 14:04:15,26384.00,3900
26-11-2025 14:04:13,26384.10,75
26-11-2025 14:04:08,26384.10,525
26-11-2025 14:04:06,26385.00,150
26-11-2025 14:04:05,26384.10,75
26-11-2025 14:04:03,26383.30,75
26-11-2025 14:04:01,26385.00,75
26-11-2025 14:04:00,26385.00,75
26-11-2025 14:03:58,26383.30,675
26-11-2025 14:03:56,26383.00,450
26-11-2025 14:03:51,26386.00,225
26-11-2025 14:03:50,26386.00,375
26-11-2025 14:03:48,26384.00,1275
26-11-2025 14:03:46,26384.80,825
26-11-2025 14:03:43,26386.10,300
26-11-2025 14:03:41,26386.00,1350
26-11-2025 14:03:40,26381.40,1125
26-11-2025 14:03:38,26386.10,825
26-11-2025 14:03:36,26386.40,900
26-11-2025 14:03:35,26386.40,600
26-11-2025 14:03:33,26386.30,225
26-11-2025 14:03:31,26385.00,375
26-11-2025 14:03:30,26386.10,750
26-11-2025 14:03:28,26386.00,75
26-11-2025 14:03:26,26385.80,450
26-11-2025 14:03:25,26386.00,450
26-11-2025 14:03:23,26385.00,300
26-11-2025 14:03:21,26385.00,825
26-11-2025 14:03:20,26383.00,150
26-11-2025 14:03:18,26384.50,375
26-11-2025 14:03:16,26382.10,375
26-11-2025 14:03:15,26385.00,975
26-11-2025 14:03:11,26383.90,675
26-11-2025 14:03:10,26382.00,375
26-11-2025 14:03:08,26382.00,225
26-11-2025 14:03:06,26381.00,75
26-11-2025 14:03:05,26380.00,225
26-11-2025 14:03:03,26380.20,300
26-11-2025 14:03:01,26383.00,300
26-11-2025 14:03:00,26380.20,150
26-11-2025 14:02:58,26381.40,75
26-11-2025 14:02:56,26383.90,150
26-11-2025 14:02:55,26383.60,375
26-11-2025 14:02:53,26382.00,1425
26-11-2025 14:02:51,26383.60,750
26-11-2025 14:02:50,26383.60,450
26-11-2025 14:02:48,26383.90,1425
26-11-2025 14:02:46,26383.70,225
26-11-2025 14:02:45,26383.90,4725
26-11-2025 14:02:43,26382.70,150
26-11-2025 14:02:42,26384.10,900
26-11-2025 14:02:40,26382.00,225
26-11-2025 14:02:38,26382.70,75
26-11-2025 14:02:37,26383.40,1275
26-11-2025 14:02:35,26384.60,3300
26-11-2025 14:02:33,26385.70,1800
26-11-2025 14:02:32,26387.20,1
26-11-2025 14:02:32,26386.20,1650
26-11-2025 14:02:30,26386.00,1
26-11-2025 14:02:30,26385.50,1950
26-11-2025 14:02:28,26385.00,1575
26-11-2025 14:02:27,26383.60,1
26-11-2025 14:02:27,26385.00,21225
26-11-2025 14:02:25,26378.00,3225
26-11-2025 14:02:23,26375.50,300
26-11-2025 14:02:22,26375.50,600
26-11-2025 14:02:20,26375.00,1050
26-11-2025 14:02:18,26374.00,450
26-11-2025 14:02:16,26372.50,3150
26-11-2025 14:02:15,26372.50,300
26-11-2025 14:02:13,26374.00,900
26-11-2025 14:02:12,26374.00,300
26-11-2025 14:02:10,26371.00,75
26-11-2025 14:02:08,26370.50,150
26-11-2025 14:02:07,26370.50,375
26-11-2025 14:02:05,26371.00,150
26-11-2025 14:02:03,26372.80,675
26-11-2025 14:02:01,26369.50,450
26-11-2025 14:02:00,26369.00,75
26-11-2025 14:01:56,26369.00,450
26-11-2025 14:01:55,26369.80,150
26-11-2025 14:01:51,26370.00,900
26-11-2025 14:01:50,26369.70,75
26-11-2025 14:01:46,26369.70,225
26-11-2025 14:01:45,26370.00,750
26-11-2025 14:01:43,26369.80,75
26-11-2025 14:01:42,26368.40,225
26-11-2025 14:01:40,26368.40,75
26-11-2025 14:01:38,26368.70,150
26-11-2025 14:01:36,26368.40,375
26-11-2025 14:01:35,26368.50,1875
26-11-2025 14:01:33,26369.00,150
26-11-2025 14:01:30,26368.40,150
26-11-2025 14:01:28,26365.00,75
26-11-2025 14:01:26,26368.30,75
26-11-2025 14:01:25,26368.50,300
26-11-2025 14:01:23,26368.70,900
26-11-2025 14:01:21,26365.00,150
26-11-2025 14:01:20,26365.00,75
26-11-2025 14:01:16,26368.00,75
26-11-2025 14:01:13,26368.00,450
26-11-2025 14:01:10,26365.00,225
26-11-2025 14:01:06,26365.00,300
26-11-2025 14:01:05,26365.00,300
26-11-2025 14:01:03,26362.00,75
26-11-2025 14:01:01,26360.90,2475
26-11-2025 14:00:58,26360.50,900
26-11-2025 14:00:57,26360.00,75
26-11-2025 14:00:55,26360.00,75
26-11-2025 14:00:52,26357.70,525
26-11-2025 14:00:50,26360.00,225
26-11-2025 14:00:42,26357.40,75
26-11-2025 14:00:40,26357.70,75
26-11-2025 14:00:38,26360.00,75
26-11-2025 14:00:37,26357.00,75
26-11-2025 14:00:33,26357.00,300
26-11-2025 14:00:30,26357.00,300
26-11-2025 14:00:28,26357.00,375
26-11-2025 14:00:27,26357.00,75
26-11-2025 14:00:25,26357.00,75
26-11-2025 14:00:17,26356.00,150
26-11-2025 14:00:15,26355.10,75
26-11-2025 14:00:13,26357.30,150
26-11-2025 14:00:09,26355.90,150
26-11-2025 14:00:07,26357.50,450
26-11-2025 14:00:00,26355.30,75
26-11-2025 13:59:59,26356.00,825
26-11-2025 13:59:57,26356.00,75
26-11-2025 13:59:54,26356.00,150
26-11-2025 13:59:51,26356.00,75
26-11-2025 13:59:49,26356.20,75
26-11-2025 13:59:44,26356.40,300
26-11-2025 13:59:42,26356.80,75
26-11-2025 13:59:41,26357.70,75
26-11-2025 13:59:38,26359.80,300
26-11-2025 13:59:34,26357.50,225
26-11-2025 13:59:30,26356.10,225
26-11-2025 13:59:28,26355.10,225
26-11-2025 13:59:25,26355.00,975
26-11-2025 13:59:20,26356.40,150
26-11-2025 13:59:16,26356.50,525
26-11-2025 13:59:13,26358.50,75
26-11-2025 13:59:06,26360.00,75
26-11-2025 13:59:05,26358.50,150
26-11-2025 13:59:03,26360.00,225
26-11-2025 13:59:01,26358.50,75
26-11-2025 13:59:00,26359.00,150
26-11-2025 13:58:55,26358.90,600
26-11-2025 13:58:52,26358.40,150
26-11-2025 13:58:50,26358.70,225
26-11-2025 13:58:45,26358.80,75
26-11-2025 13:58:43,26358.50,150
26-11-2025 13:58:40,26358.50,150
26-11-2025 13:58:38,26360.00,75
26-11-2025 13:58:35,26359.20,525
26-11-2025 13:58:33,26358.00,75
26-11-2025 13:58:32,26358.00,75
26-11-2025 13:58:29,26358.60,75
26-11-2025 13:58:24,26358.00,150
26-11-2025 13:58:22,26358.00,150
26-11-2025 13:58:19,26358.00,300
26-11-2025 13:58:15,26358.50,75
26-11-2025 13:58:14,26358.00,150
26-11-2025 13:58:09,26358.10,300
26-11-2025 13:58:05,26358.00,600
26-11-2025 13:58:04,26360.00,150
26-11-2025 13:57:59,26360.00,150
26-11-2025 13:57:57,26362.10,75
26-11-2025 13:57:52,26359.00,150
26-11-2025 13:57:50,26359.00,225
26-11-2025 13:57:49,26359.00,450
26-11-2025 13:57:43,26361.00,225
26-11-2025 13:57:40,26359.30,150
26-11-2025 13:57:39,26359.60,525
26-11-2025 13:57:37,26360.00,150
26-11-2025 13:57:32,26362.50,150
26-11-2025 13:57:29,26365.00,75
26-11-2025 13:57:27,26360.70,150
26-11-2025 13:57:25,26362.20,225
26-11-2025 13:57:24,26361.80,375
26-11-2025 13:57:22,26360.10,600
26-11-2025 13:57:21,26360.80,75
26-11-2025 13:57:19,26361.50,75
26-11-2025 13:57:17,26363.70,75
26-11-2025 13:57:14,26363.00,300
26-11-2025 13:57:12,26363.00,150
26-11-2025 13:57:09,26364.50,75
26-11-2025 13:57:06,26363.60,75
26-11-2025 13:57:04,26362.40,75
26-11-2025 13:56:59,26365.50,375
26-11-2025 13:56:58,26368.30,375
26-11-2025 13:56:56,26365.00,150
26-11-2025 13:56:54,26368.00,150
26-11-2025 13:56:53,26368.20,225
26-11-2025 13:56:51,26368.00,75
26-11-2025 13:56:49,26368.00,525
26-11-2025 13:56:48,26365.20,300
26-11-2025 13:56:44,26368.00,300
26-11-2025 13:56:38,26368.00,375
26-11-2025 13:56:36,26370.00,750
26-11-2025 13:56:34,26371.40,150
26-11-2025 13:56:33,26372.00,150
26-11-2025 13:56:31,26370.80,150
26-11-2025 13:56:29,26372.50,1275
26-11-2025 13:56:28,26371.60,525
26-11-2025 13:56:26,26371.30,450
26-11-2025 13:56:24,26372.00,375
26-11-2025 13:56:23,26372.00,300
26-11-2025 13:56:21,26368.50,225
26-11-2025 13:56:19,26371.40,1275
26-11-2025 13:56:18,26370.00,225
26-11-2025 13:56:16,26370.00,675
26-11-2025 13:56:15,26368.60,450
26-11-2025 13:56:13,26370.00,75
26-11-2025 13:56:11,26369.90,900
26-11-2025 13:56:10,26369.20,225
26-11-2025 13:56:08,26369.70,300
26-11-2025 13:56:06,26369.60,300
26-11-2025 13:56:05,26369.40,225
26-11-2025 13:56:03,26369.00,225
26-11-2025 13:56:02,26369.40,375
26-11-2025 13:56:00,26369.80,225
26-11-2025 13:55:58,26370.00,1050
26-11-2025 13:55:57,26369.70,525
26-11-2025 13:55:55,26365.70,375
26-11-2025 13:55:53,26368.90,225
26-11-2025 13:55:52,26368.80,300
26-11-2025 13:55:50,26368.30,225
26-11-2025 13:55:48,26365.20,825
26-11-2025 13:55:47,26366.90,225
26-11-2025 13:55:45,26366.90,75
26-11-2025 13:55:44,26368.50,225
26-11-2025 13:55:42,26368.40,750
26-11-2025 13:55:40,26367.00,375
26-11-2025 13:55:39,26364.40,1500
26-11-2025 13:55:37,26369.30,225
26-11-2025 13:55:35,26369.50,75
26-11-2025 13:55:34,26369.50,600
26-11-2025 13:55:32,26369.40,375
26-11-2025 13:55:30,26369.10,375
26-11-2025 13:55:29,26368.70,225
26-11-2025 13:55:27,26368.90,225
26-11-2025 13:55:25,26368.50,225
26-11-2025 13:55:24,26368.20,300
26-11-2025 13:55:22,26369.20,450
26-11-2025 13:55:20,26368.70,150
26-11-2025 13:55:19,26368.30,300
26-11-2025 13:55:17,26368.30,375
26-11-2025 13:55:15,26368.30,1425
26-11-2025 13:55:14,26365.00,675
26-11-2025 13:55:12,26366.00,375
26-11-2025 13:55:11,26364.50,225
26-11-2025 13:55:09,26364.50,1050
26-11-2025 13:55:07,26365.00,300
26-11-2025 13:55:06,26365.00,225
26-11-2025 13:55:04,26365.00,225
26-11-2025 13:55:02,26365.00,525
26-11-2025 13:55:01,26365.00,225
26-11-2025 13:54:59,26364.20,75
26-11-2025 13:54:57,26364.20,225
26-11-2025 13:54:52,26364.00,75
26-11-2025 13:54:51,26363.70,225
26-11-2025 13:54:49,26363.00,525
26-11-2025 13:54:47,26360.40,150
26-11-2025 13:54:46,26360.40,75
26-11-2025 13:54:44,26360.10,225
26-11-2025 13:54:37,26363.00,75
26-11-2025 13:54:36,26360.60,150
26-11-2025 13:54:34,26360.50,300
26-11-2025 13:54:24,26363.00,75
26-11-2025 13:54:23,26365.00,375
26-11-2025 13:54:19,26364.00,75
26-11-2025 13:54:18,26365.00,225
26-11-2025 13:54:14,26363.00,375
26-11-2025 13:54:13,26361.50,225
26-11-2025 13:54:11,26361.50,225
26-11-2025 13:54:09,26361.50,75
26-11-2025 13:54:08,26361.60,75
26-11-2025 13:54:05,26361.70,150
26-11-2025 13:54:03,26361.50,75
26-11-2025 13:54:01,26361.50,75
26-11-2025 13:54:00,26364.90,450
26-11-2025 13:53:58,26361.30,150
26-11-2025 13:53:56,26361.80,75
26-11-2025 13:53:55,26361.50,150
26-11-2025 13:53:53,26361.50,75
26-11-2025 13:53:51,26361.50,75
26-11-2025 13:53:48,26363.00,150
26-11-2025 13:53:46,26361.10,375
26-11-2025 13:53:45,26361.00,225
26-11-2025 13:53:41,26361.30,375
26-11-2025 13:53:40,26360.10,600
26-11-2025 13:53:38,26360.10,225
26-11-2025 13:53:36,26362.00,300
26-11-2025 13:53:35,26362.00,225
26-11-2025 13:53:33,26362.40,225
26-11-2025 13:53:31,26361.10,225
26-11-2025 13:53:30,26361.30,225
26-11-2025 13:53:28,26362.00,375
26-11-2025 13:53:26,26361.50,375
26-11-2025 13:53:25,26360.10,1050
26-11-2025 13:53:23,26359.90,75
26-11-2025 13:53:21,26358.70,450
26-11-2025 13:53:20,26358.50,450
26-11-2025 13:53:18,26357.60,300
26-11-2025 13:53:16,26357.40,225
26-11-2025 13:53:15,26357.50,600
26-11-2025 13:53:13,26358.00,225
26-11-2025 13:53:10,26357.10,450
26-11-2025 13:53:08,26357.30,300
26-11-2025 13:53:06,26359.20,225
26-11-2025 13:53:05,26359.30,225
26-11-2025 13:53:03,26361.00,300
26-11-2025 13:53:00,26360.00,450
26-11-2025 13:52:58,26360.00,375
26-11-2025 13:52:56,26361.00,450
26-11-2025 13:52:55,26361.20,375
26-11-2025 13:52:53,26361.00,225
26-11-2025 13:52:51,26361.00,675
26-11-2025 13:52:50,26358.00,300
26-11-2025 13:52:48,26360.50,225
26-11-2025 13:52:46,26361.00,300
26-11-2025 13:52:45,26361.50,225
26-11-2025 13:52:41,26361.80,450
26-11-2025 13:52:40,26361.30,375
26-11-2025 13:52:38,26363.00,75
26-11-2025 13:52:36,26361.20,450
26-11-2025 13:52:35,26361.20,525
26-11-2025 13:52:33,26359.60,225
26-11-2025 13:52:31,26361.50,225
26-11-2025 13:52:30,26361.50,225
26-11-2025 13:52:28,26362.90,150
26-11-2025 13:52:26,26362.00,225
26-11-2025 13:52:25,26360.00,450
26-11-2025 13:52:23,26363.70,300
26-11-2025 13:52:21,26364.00,675
26-11-2025 13:52:20,26361.00,300
26-11-2025 13:52:18,26361.10,300
26-11-2025 13:52:16,26362.00,300
26-11-2025 13:52:15,26361.80,150
26-11-2025 13:52:13,26361.60,750
26-11-2025 13:52:11,26359.80,225
26-11-2025 13:52:10,26361.00,300
26-11-2025 13:52:08,26359.30,225
26-11-2025 13:52:06,26358.10,300
26-11-2025 13:52:05,26361.30,1050
26-11-2025 13:52:03,26358.60,300
26-11-2025 13:52:01,26363.60,450
26-11-2025 13:52:00,26357.60,450
26-11-2025 13:51:58,26359.10,300
26-11-2025 13:51:56,26363.00,300
26-11-2025 13:51:55,26360.90,375
26-11-2025 13:51:53,26361.30,525
26-11-2025 13:51:51,26359.70,375
26-11-2025 13:51:50,26361.00,300
26-11-2025 13:51:48,26361.50,375
26-11-2025 13:51:46,26362.30,300
26-11-2025 13:51:43,26362.50,300
26-11-2025 13:51:42,26362.50,300
26-11-2025 13:51:40,26364.20,375
26-11-2025 13:51:38,26364.10,300
26-11-2025 13:51:37,26363.70,375
26-11-2025 13:51:35,26363.50,225
26-11-2025 13:51:33,26364.90,225
26-11-2025 13:51:30,26364.20,75
26-11-2025 13:51:28,26364.30,75
26-11-2025 13:51:27,26363.30,150
26-11-2025 13:51:25,26363.30,75
26-11-2025 13:51:22,26364.00,75
26-11-2025 13:51:19,26363.00,750
26-11-2025 13:51:15,26361.40,375
26-11-2025 13:51:10,26362.10,75
26-11-2025 13:51:09,26362.50,75
26-11-2025 13:51:07,26361.10,675
26-11-2025 13:51:00,26363.00,225
26-11-2025 13:50:59,26361.90,75
26-11-2025 13:50:57,26363.00,150
26-11-2025 13:50:54,26365.00,150
26-11-2025 13:50:52,26362.80,75
26-11-2025 13:50:50,26360.90,1950
26-11-2025 13:50:49,26363.00,75
26-11-2025 13:50:45,26362.00,300
26-11-2025 13:50:44,26361.40,150
26-11-2025 13:50:42,26361.40,150
26-11-2025 13:50:40,26361.10,75
26-11-2025 13:50:39,26361.10,300
26-11-2025 13:50:37,26360.00,225
26-11-2025 13:50:36,26360.50,150
26-11-2025 13:50:32,26360.50,75
26-11-2025 13:50:30,26360.30,75
26-11-2025 13:50:29,26360.30,225
26-11-2025 13:50:27,26360.30,75
26-11-2025 13:50:24,26360.30,375
26-11-2025 13:50:19,26360.40,75
26-11-2025 13:50:16,26360.50,150
26-11-2025 13:50:14,26360.30,300
26-11-2025 13:50:11,26360.30,75
26-11-2025 13:50:09,26360.30,75
26-11-2025 13:50:08,26360.30,150
26-11-2025 13:50:04,26362.20,150
26-11-2025 13:50:03,26358.00,225
26-11-2025 13:50:01,26360.10,75
26-11-2025 13:49:59,26362.20,675
26-11-2025 13:49:58,26358.00,150
26-11-2025 13:49:54,26358.00,150
26-11-2025 13:49:53,26359.50,75
26-11-2025 13:49:48,26360.20,150
26-11-2025 13:49:46,26360.00,75
26-11-2025 13:49:44,26361.20,450
26-11-2025 13:49:41,26360.20,825
26-11-2025 13:49:38,26361.10,2325
26-11-2025 13:49:36,26361.30,300
26-11-2025 13:49:34,26361.10,225
26-11-2025 13:49:31,26361.30,75
26-11-2025 13:49:29,26361.50,150
26-11-2025 13:49:26,26361.50,225
26-11-2025 13:49:23,26361.00,150
26-11-2025 13:49:21,26361.00,150
26-11-2025 13:49:19,26357.20,225
26-11-2025 13:49:18,26357.40,75
26-11-2025 13:49:15,26357.10,450
26-11-2025 13:49:13,26357.10,75
26-11-2025 13:49:10,26357.10,75
26-11-2025 13:49:03,26362.00,375
26-11-2025 13:49:01,26356.20,75
26-11-2025 13:48:59,26356.30,150
26-11-2025 13:48:58,26356.60,75
26-11-2025 13:48:56,26356.90,300
26-11-2025 13:48:54,26354.90,300
26-11-2025 13:48:53,26355.20,75
26-11-2025 13:48:49,26354.60,150
26-11-2025 13:48:45,26354.60,75
26-11-2025 13:48:41,26357.00,75
26-11-2025 13:48:40,26357.00,75
26-11-2025 13:48:38,26360.10,750
26-11-2025 13:48:35,26353.80,75
26-11-2025 13:48:33,26358.20,300
26-11-2025 13:48:31,26355.00,75
26-11-2025 13:48:30,26353.40,225
26-11-2025 13:48:28,26353.70,150
26-11-2025 13:48:25,26354.60,300
26-11-2025 13:48:23,26353.50,75
26-11-2025 13:48:21,26351.60,150
26-11-2025 13:48:20,26355.50,75
26-11-2025 13:48:18,26358.40,450
26-11-2025 13:48:17,26351.70,150
26-11-2025 13:48:13,26357.90,375
26-11-2025 13:48:12,26351.50,975
26-11-2025 13:48:10,26350.30,225
26-11-2025 13:48:08,26350.20,750
26-11-2025 13:48:03,26351.70,150
26-11-2025 13:48:00,26350.30,150
26-11-2025 13:47:58,26350.30,225
26-11-2025 13:47:53,26356.40,150
26-11-2025 13:47:52,26356.30,225
26-11-2025 13:47:50,26355.60,1125
26-11-2025 13:47:48,26351.40,150
26-11-2025 13:47:45,26351.40,375
26-11-2025 13:47:42,26351.40,75
26-11-2025 13:47:40,26351.50,75
26-11-2025 13:47:38,26351.50,150
26-11-2025 13:47:37,26352.00,75
26-11-2025 13:47:35,26350.40,150
26-11-2025 13:47:33,26350.70,150
26-11-2025 13:47:30,26349.70,225
26-11-2025 13:47:28,26349.00,1500
26-11-2025 13:47:23,26350.30,225
26-11-2025 13:47:22,26350.00,150
26-11-2025 13:47:20,26350.00,150
26-11-2025 13:47:18,26350.00,375
26-11-2025 13:47:17,26350.70,150
26-11-2025 13:47:15,26351.00,225
26-11-2025 13:47:13,26354.30,600
26-11-2025 13:47:12,26351.50,75
26-11-2025 13:47:10,26351.50,300
26-11-2025 13:47:08,26351.50,150
26-11-2025 13:47:07,26351.50,825
26-11-2025 13:47:03,26354.10,150
26-11-2025 13:47:02,26350.70,150
26-11-2025 13:47:00,26358.10,300
26-11-2025 13:46:57,26350.70,300
26-11-2025 13:46:53,26350.50,375
26-11-2025 13:46:50,26355.30,150
26-11-2025 13:46:48,26357.30,75
26-11-2025 13:46:47,26358.00,150
26-11-2025 13:46:45,26359.30,525
26-11-2025 13:46:43,26357.80,75
26-11-2025 13:46:42,26357.80,150
26-11-2025 13:46:38,26361.20,150
26-11-2025 13:46:37,26362.30,525
26-11-2025 13:46:35,26362.00,1875
26-11-2025 13:46:33,26360.00,75
26-11-2025 13:46:30,26354.30,150
26-11-2025 13:46:28,26360.30,375
26-11-2025 13:46:27,26353.70,375
26-11-2025 13:46:23,26360.50,75
26-11-2025 13:46:22,26359.50,150
26-11-2025 13:46:20,26361.40,1275
26-11-2025 13:46:17,26362.00,75
26-11-2025 13:46:15,26362.00,75
26-11-2025 13:46:14,26362.50,300
26-11-2025 13:46:10,26361.50,225
26-11-2025 13:46:07,26362.90,1275
26-11-2025 13:46:05,26362.70,150
26-11-2025 13:46:04,26363.40,600
26-11-2025 13:46:02,26363.00,525
26-11-2025 13:46:00,26361.50,150
26-11-2025 13:45:59,26361.10,150
26-11-2025 13:45:57,26360.00,75
26-11-2025 13:45:55,26360.00,525
26-11-2025 13:45:54,26361.00,375
26-11-2025 13:45:52,26360.30,75
26-11-2025 13:45:49,26359.50,150
26-11-2025 13:45:45,26361.10,75
26-11-2025 13:45:44,26361.00,150
26-11-2025 13:45:42,26359.50,600
26-11-2025 13:45:40,26359.20,75
26-11-2025 13:45:37,26359.10,75
26-11-2025 13:45:35,26359.10,225
26-11-2025 13:45:34,26359.00,225
26-11-2025 13:45:30,26359.20,150
26-11-2025 13:45:28,26359.00,300
26-11-2025 13:45:27,26356.20,150
26-11-2025 13:45:25,26356.20,75
26-11-2025 13:45:23,26353.80,150
26-11-2025 13:45:20,26354.40,150
26-11-2025 13:45:18,26362.00,150
26-11-2025 13:45:15,26363.10,1800
26-11-2025 13:45:13,26360.00,75
26-11-2025 13:45:12,26360.00,150
26-11-2025 13:45:10,26360.00,75
26-11-2025 13:45:09,26355.70,375
26-11-2025 13:45:07,26356.10,225
26-11-2025 13:45:04,26353.40,225
26-11-2025 13:45:02,26355.00,375
26-11-2025 13:45:00,26353.80,300
26-11-2025 13:44:58,26353.40,75
26-11-2025 13:44:57,26352.70,825
26-11-2025 13:44:55,26351.00,600
26-11-2025 13:44:53,26351.30,600
26-11-2025 13:44:52,26350.20,375
26-11-2025 13:44:50,26350.00,375
26-11-2025 13:44:48,26350.60,1050
26-11-2025 13:44:47,26352.60,450
26-11-2025 13:44:45,26352.50,450
26-11-2025 13:44:43,26352.40,375
26-11-2025 13:44:42,26351.70,225
26-11-2025 13:44:40,26352.80,75
26-11-2025 13:44:38,26353.30,225
26-11-2025 13:44:37,26352.50,225
26-11-2025 13:44:35,26353.40,300
26-11-2025 13:44:33,26355.00,300
26-11-2025 13:44:32,26354.10,375
26-11-2025 13:44:29,26353.40,150
26-11-2025 13:44:27,26355.00,225
26-11-2025 13:44:25,26358.20,150
26-11-2025 13:44:22,26355.10,75
26-11-2025 13:44:19,26357.50,150
26-11-2025 13:44:15,26357.90,150
26-11-2025 13:44:14,26355.20,150
26-11-2025 13:44:12,26360.60,75
26-11-2025 13:44:10,26360.70,75
26-11-2025 13:44:07,26358.00,450
26-11-2025 13:44:04,26357.90,75
26-11-2025 13:44:02,26358.00,150
26-11-2025 13:43:59,26355.00,675
26-11-2025 13:43:54,26358.00,75
26-11-2025 13:43:52,26360.00,375
26-11-2025 13:43:50,26358.00,150
26-11-2025 13:43:49,26360.00,75
26-11-2025 13:43:47,26360.00,75
26-11-2025 13:43:45,26360.20,75
26-11-2025 13:43:44,26360.00,150
26-11-2025 13:43:40,26360.90,75
26-11-2025 13:43:39,26360.00,150
26-11-2025 13:43:35,26361.10,75
26-11-2025 13:43:32,26362.50,150
26-11-2025 13:43:29,26362.40,150
26-11-2025 13:43:25,26361.10,300
26-11-2025 13:43:24,26362.40,225
26-11-2025 13:43:22,26362.50,300
26-11-2025 13:43:20,26362.50,225
26-11-2025 13:43:19,26361.50,225
26-11-2025 13:43:17,26361.60,300
26-11-2025 13:43:15,26363.00,225
26-11-2025 13:43:14,26361.50,525
26-11-2025 13:43:12,26363.00,225
26-11-2025 13:43:10,26362.10,75
26-11-2025 13:43:09,26362.10,300
26-11-2025 13:43:07,26364.70,600
26-11-2025 13:43:05,26363.00,225
26-11-2025 13:43:04,26360.40,300
26-11-2025 13:43:02,26361.20,300
26-11-2025 13:43:00,26360.90,75
26-11-2025 13:42:59,26360.00,600
26-11-2025 13:42:57,26360.50,300
26-11-2025 13:42:54,26361.00,375
26-11-2025 13:42:52,26360.90,75
26-11-2025 13:42:50,26361.40,825
26-11-2025 13:42:47,26360.50,75
26-11-2025 13:42:45,26360.50,150
26-11-2025 13:42:44,26360.60,225
26-11-2025 13:42:42,26360.00,1200
26-11-2025 13:42:40,26360.00,1575
26-11-2025 13:42:39,26358.60,75
26-11-2025 13:42:37,26360.00,150
26-11-2025 13:42:35,26357.20,375
26-11-2025 13:42:34,26356.00,1800
26-11-2025 13:42:32,26357.90,75
26-11-2025 13:42:30,26357.90,75
26-11-2025 13:42:29,26357.20,450
26-11-2025 13:42:24,26357.20,75
26-11-2025 13:42:22,26356.80,225
26-11-2025 13:42:20,26357.10,150
26-11-2025 13:42:19,26356.60,525
26-11-2025 13:42:17,26360.00,150
26-11-2025 13:42:15,26358.00,750
26-11-2025 13:42:14,26358.00,225
26-11-2025 13:42:12,26358.20,75
26-11-2025 13:42:11,26358.10,75
26-11-2025 13:42:09,26358.00,150
26-11-2025 13:42:04,26358.00,150
26-11-2025 13:41:56,26359.00,675
26-11-2025 13:41:54,26358.30,225
26-11-2025 13:41:52,26357.10,150
26-11-2025 13:41:51,26357.70,75
26-11-2025 13:41:49,26358.30,75
26-11-2025 13:41:47,26358.30,150
26-11-2025 13:41:46,26357.70,150
26-11-2025 13:41:42,26358.30,75
26-11-2025 13:41:41,26357.70,450
26-11-2025 13:41:39,26357.60,225
26-11-2025 13:41:34,26357.70,75
26-11-2025 13:41:32,26357.70,75
26-11-2025 13:41:31,26358.10,150
26-11-2025 13:41:27,26357.50,450
26-11-2025 13:41:26,26356.00,150
26-11-2025 13:41:24,26356.00,75
26-11-2025 13:41:22,26355.00,75
26-11-2025 13:41:21,26355.20,75
26-11-2025 13:41:19,26354.50,150
26-11-2025 13:41:17,26352.70,600
26-11-2025 13:41:14,26352.00,300
26-11-2025 13:41:07,26353.00,75
26-11-2025 13:41:04,26352.50,225
26-11-2025 13:40:59,26353.00,75
26-11-2025 13:40:58,26353.10,75
26-11-2025 13:40:55,26352.70,300
26-11-2025 13:40:53,26351.60,150
26-11-2025 13:40:50,26351.60,300
26-11-2025 13:40:45,26352.50,75
26-11-2025 13:40:41,26352.80,75
26-11-2025 13:40:40,26355.20,150
26-11-2025 13:40:36,26352.50,150
26-11-2025 13:40:35,26352.80,225
26-11-2025 13:40:33,26353.30,225
26-11-2025 13:40:31,26353.00,75
26-11-2025 13:40:30,26352.80,225
26-11-2025 13:40:23,26353.00,150
26-11-2025 13:40:20,26353.30,75
26-11-2025 13:40:18,26353.30,150
26-11-2025 13:40:15,26353.40,75
26-11-2025 13:40:14,26353.30,150
26-11-2025 13:40:10,26353.70,225
26-11-2025 13:40:09,26353.60,150
26-11-2025 13:40:05,26353.30,150
26-11-2025 13:40:04,26355.00,75
26-11-2025 13:40:02,26352.00,975
26-11-2025 13:40:00,26352.00,75
26-11-2025 13:39:59,26351.70,150
26-11-2025 13:39:57,26352.00,75
26-11-2025 13:39:56,26352.00,150
26-11-2025 13:39:54,26350.30,225
26-11-2025 13:39:52,26350.70,75
26-11-2025 13:39:49,26352.00,150
26-11-2025 13:39:47,26351.30,75
26-11-2025 13:39:44,26350.40,375
26-11-2025 13:39:42,26350.40,150
26-11-2025 13:39:39,26350.40,225
26-11-2025 13:39:38,26351.00,75
26-11-2025 13:39:34,26351.20,150
26-11-2025 13:39:31,26351.20,75
26-11-2025 13:39:29,26351.30,75
26-11-2025 13:39:26,26351.00,300
26-11-2025 13:39:23,26352.00,300
26-11-2025 13:39:21,26350.00,225
26-11-2025 13:39:20,26350.00,75
26-11-2025 13:39:16,26348.70,225
26-11-2025 13:39:15,26348.70,150
26-11-2025 13:39:13,26349.00,75
26-11-2025 13:39:11,26349.00,75
26-11-2025 13:39:06,26352.00,150
26-11-2025 13:39:05,26348.60,150
26-11-2025 13:39:03,26348.80,75
26-11-2025 13:39:01,26348.40,75
26-11-2025 13:39:00,26348.50,300
26-11-2025 13:38:58,26347.70,75
26-11-2025 13:38:56,26349.40,150
26-11-2025 13:38:55,26347.40,150
26-11-2025 13:38:49,26351.40,75
26-11-2025 13:38:48,26354.20,75
26-11-2025 13:38:44,26351.60,150
26-11-2025 13:38:43,26348.20,225
26-11-2025 13:38:41,26355.00,75
26-11-2025 13:38:40,26355.00,450
26-11-2025 13:38:36,26355.00,1125
26-11-2025 13:38:35,26357.00,225
26-11-2025 13:38:33,26356.00,150
26-11-2025 13:38:31,26357.00,1575
26-11-2025 13:38:30,26355.00,450
26-11-2025 13:38:25,26354.00,150
26-11-2025 13:38:23,26354.00,225
26-11-2025 13:38:20,26350.20,300
26-11-2025 13:38:17,26348.70,75
26-11-2025 13:38:15,26350.20,75
26-11-2025 13:38:13,26349.60,300
26-11-2025 13:38:12,26350.30,75
26-11-2025 13:38:10,26348.80,225
26-11-2025 13:38:09,26348.60,150
26-11-2025 13:38:04,26350.20,150
26-11-2025 13:38:00,26350.70,525
26-11-2025 13:37:59,26358.80,825
26-11-2025 13:37:57,26355.60,75
26-11-2025 13:37:55,26353.60,300
26-11-2025 13:37:54,26351.60,75
26-11-2025 13:37:52,26354.10,75
26-11-2025 13:37:50,26355.60,75
26-11-2025 13:37:49,26357.10,300
26-11-2025 13:37:47,26355.80,225
26-11-2025 13:37:45,26357.10,150
26-11-2025 13:37:44,26355.80,150
26-11-2025 13:37:42,26355.00,375
26-11-2025 13:37:39,26358.60,3375
26-11-2025 13:37:37,26359.00,525
26-11-2025 13:37:35,26358.60,150
26-11-2025 13:37:34,26358.00,450
26-11-2025 13:37:32,26355.80,225
26-11-2025 13:37:30,26355.80,450
26-11-2025 13:37:29,26353.90,75
26-11-2025 13:37:27,26355.00,825
26-11-2025 13:37:25,26352.00,300
26-11-2025 13:37:24,26351.90,375
26-11-2025 13:37:22,26350.00,300
26-11-2025 13:37:21,26349.50,150
26-11-2025 13:37:17,26350.00,225
26-11-2025 13:37:16,26348.40,150
26-11-2025 13:37:14,26348.40,225
26-11-2025 13:37:12,26348.00,75
26-11-2025 13:37:11,26349.00,225
26-11-2025 13:37:09,26350.00,75
26-11-2025 13:37:07,26350.00,150
26-11-2025 13:37:04,26350.00,150
26-11-2025 13:37:02,26348.40,225
26-11-2025 13:37:01,26350.20,75
26-11-2025 13:36:59,26352.00,75
26-11-2025 13:36:57,26348.80,150
26-11-2025 13:36:56,26348.00,1050
26-11-2025 13:36:54,26347.50,375
26-11-2025 13:36:51,26347.70,75
26-11-2025 13:36:49,26347.70,525
26-11-2025 13:36:47,26347.00,450
26-11-2025 13:36:46,26348.00,525
26-11-2025 13:36:44,26347.70,150
26-11-2025 13:36:39,26348.20,150
26-11-2025 13:36:37,26349.50,75
26-11-2025 13:36:34,26348.20,600
26-11-2025 13:36:31,26348.00,525
26-11-2025 13:36:29,26348.00,525
26-11-2025 13:36:24,26348.60,75
26-11-2025 13:36:22,26349.30,150
26-11-2025 13:36:18,26348.90,75
26-11-2025 13:36:16,26348.90,75
26-11-2025 13:36:14,26348.90,75
26-11-2025 13:36:13,26349.50,150
26-11-2025 13:36:11,26348.20,975
26-11-2025 13:36:09,26350.00,75
26-11-2025 13:36:08,26349.90,75
26-11-2025 13:36:06,26349.00,1125
26-11-2025 13:36:04,26347.60,225
26-11-2025 13:36:01,26347.30,225
26-11-2025 13:35:59,26347.50,150
26-11-2025 13:35:56,26346.80,300
26-11-2025 13:35:53,26346.80,150
26-11-2025 13:35:50,26348.00,75
26-11-2025 13:35:46,26345.70,825
26-11-2025 13:35:45,26345.70,750
26-11-2025 13:35:43,26345.70,75
26-11-2025 13:35:40,26345.70,75
26-11-2025 13:35:38,26346.20,150
26-11-2025 13:35:33,26347.40,75
26-11-2025 13:35:30,26347.40,150
26-11-2025 13:35:28,26349.90,150
26-11-2025 13:35:27,26344.80,150
26-11-2025 13:35:25,26344.80,150
26-11-2025 13:35:24,26348.70,3000
26-11-2025 13:35:22,26344.80,225
26-11-2025 13:35:19,26344.50,75
26-11-2025 13:35:17,26345.20,75
26-11-2025 13:35:15,26345.20,450
26-11-2025 13:35:14,26345.20,2100
26-11-2025 13:35:12,26343.90,75
26-11-2025 13:35:10,26343.90,225
26-11-2025 13:35:09,26343.90,450
26-11-2025 13:35:07,26344.30,75
26-11-2025 13:35:05,26344.00,75
26-11-2025 13:35:04,26343.90,450
26-11-2025 13:35:02,26343.20,75
26-11-2025 13:35:00,26343.30,75
26-11-2025 13:34:57,26344.10,225
26-11-2025 13:34:54,26345.20,150
26-11-2025 13:34:52,26345.20,225
26-11-2025 13:34:50,26345.20,450
26-11-2025 13:34:49,26345.00,1800
26-11-2025 13:34:47,26344.20,2175
26-11-2025 13:34:45,26343.20,1725
26-11-2025 13:34:44,26343.20,375
26-11-2025 13:34:42,26343.20,2100
26-11-2025 13:34:40,26342.20,450
26-11-2025 13:34:39,26341.60,225
26-11-2025 13:34:37,26341.70,375
26-11-2025 13:34:35,26342.50,225
26-11-2025 13:34:33,26342.30,225
26-11-2025 13:34:32,26342.10,975
26-11-2025 13:34:30,26342.10,600
26-11-2025 13:34:28,26341.00,300
26-11-2025 13:34:27,26339.40,450
26-11-2025 13:34:25,26339.60,1800
26-11-2025 13:34:23,26338.00,150
26-11-2025 13:34:18,26338.40,150
26-11-2025 13:34:15,26338.00,225
26-11-2025 13:34:13,26341.30,75
26-11-2025 13:34:12,26341.40,150
26-11-2025 13:34:10,26340.00,375
26-11-2025 13:34:08,26339.40,375
26-11-2025 13:34:07,26340.20,750
26-11-2025 13:34:05,26338.50,525
26-11-2025 13:34:03,26339.40,450
26-11-2025 13:34:02,26340.00,450
26-11-2025 13:34:00,26341.20,525
26-11-2025 13:33:58,26341.40,225
26-11-2025 13:33:57,26340.70,525
26-11-2025 13:33:55,26340.90,600
26-11-2025 13:33:53,26341.20,675
26-11-2025 13:33:52,26340.00,600
26-11-2025 13:33:50,26340.70,525
26-11-2025 13:33:48,26341.60,450
26-11-2025 13:33:47,26341.20,525
26-11-2025 13:33:45,26341.70,675
26-11-2025 13:33:43,26342.40,675
26-11-2025 13:33:42,26342.60,525
26-11-2025 13:33:40,26343.50,750
26-11-2025 13:33:38,26344.00,225
26-11-2025 13:33:37,26343.90,1050
26-11-2025 13:33:35,26343.10,450
26-11-2025 13:33:33,26343.50,300
26-11-2025 13:33:32,26342.80,675
26-11-2025 13:33:30,26343.00,825
26-11-2025 13:33:28,26343.80,375
26-11-2025 13:33:27,26343.90,450
26-11-2025 13:33:25,26344.30,600
26-11-2025 13:33:23,26344.70,300
26-11-2025 13:33:22,26344.70,525
26-11-2025 13:33:20,26345.20,600
26-11-2025 13:33:18,26350.00,375
26-11-2025 13:33:17,26345.20,525
26-11-2025 13:33:15,26348.20,975
26-11-2025 13:33:13,26343.90,300
26-11-2025 13:33:12,26344.00,600
26-11-2025 13:33:10,26344.90,675
26-11-2025 13:33:08,26344.90,300
26-11-2025 13:33:07,26345.00,1125
26-11-2025 13:33:05,26345.40,525
26-11-2025 13:33:04,26344.70,2175
26-11-2025 13:33:02,26348.00,675
26-11-2025 13:33:00,26351.10,300
26-11-2025 13:32:59,26348.60,975
26-11-2025 13:32:57,26349.50,525
26-11-2025 13:32:55,26351.10,225
26-11-2025 13:32:54,26350.00,375
26-11-2025 13:32:52,26350.40,75
26-11-2025 13:32:49,26351.90,300
26-11-2025 13:32:47,26351.90,150
26-11-2025 13:32:44,26351.60,75
26-11-2025 13:32:42,26352.20,75
26-11-2025 13:32:40,26351.50,75
26-11-2025 13:32:37,26350.40,450
26-11-2025 13:32:35,26350.40,75
26-11-2025 13:32:30,26351.50,75
26-11-2025 13:32:23,26350.00,150
26-11-2025 13:32:22,26353.80,225
26-11-2025 13:32:20,26353.80,450
26-11-2025 13:32:18,26354.50,375
26-11-2025 13:32:17,26353.80,75
26-11-2025 13:32:12,26351.50,225
26-11-2025 13:32:08,26350.00,450
26-11-2025 13:32:07,26351.50,75
26-11-2025 13:32:05,26351.50,75
26-11-2025 13:32:03,26351.50,225
26-11-2025 13:32:02,26350.00,375
26-11-2025 13:32:00,26350.00,225
26-11-2025 13:31:58,26351.50,75
26-11-2025 13:31:57,26352.00,75
26-11-2025 13:31:55,26351.10,75
26-11-2025 13:31:48,26352.00,300
26-11-2025 13:31:47,26351.00,150
26-11-2025 13:31:44,26350.00,525
26-11-2025 13:31:40,26351.10,225
26-11-2025 13:31:39,26351.00,150
26-11-2025 13:31:37,26352.00,75
26-11-2025 13:31:34,26353.00,225
26-11-2025 13:31:32,26351.00,75
26-11-2025 13:31:30,26350.00,150
26-11-2025 13:31:29,26351.30,150
26-11-2025 13:31:24,26352.80,75
26-11-2025 13:31:22,26351.30,375
26-11-2025 13:31:20,26354.00,150
26-11-2025 13:31:19,26350.00,225
26-11-2025 13:31:17,26350.00,225
26-11-2025 13:31:15,26351.00,525
26-11-2025 13:31:14,26349.90,150
26-11-2025 13:31:12,26348.40,150
26-11-2025 13:31:10,26346.10,150
26-11-2025 13:31:09,26348.00,150
26-11-2025 13:31:05,26348.40,150
26-11-2025 13:31:04,26345.00,75
26-11-2025 13:31:02,26345.00,900
26-11-2025 13:31:00,26344.10,75
26-11-2025 13:30:59,26345.00,150
26-11-2025 13:30:57,26345.20,525
26-11-2025 13:30:55,26342.00,150
26-11-2025 13:30:52,26344.90,75
26-11-2025 13:30:50,26344.00,75
26-11-2025 13:30:49,26344.00,75
26-11-2025 13:30:47,26344.00,225
26-11-2025 13:30:44,26344.90,75
26-11-2025 13:30:42,26340.20,600
26-11-2025 13:30:40,26344.00,150
26-11-2025 13:30:35,26339.50,375
26-11-2025 13:30:34,26343.00,225
26-11-2025 13:30:32,26343.00,300
26-11-2025 13:30:30,26340.20,1200
26-11-2025 13:30:29,26338.40,375
26-11-2025 13:30:27,26339.00,450
26-11-2025 13:30:25,26339.50,300
26-11-2025 13:30:24,26338.00,150
26-11-2025 13:30:22,26339.20,225
26-11-2025 13:30:20,26338.00,225
26-11-2025 13:30:19,26339.00,75
26-11-2025 13:30:17,26337.90,225
26-11-2025 13:30:15,26337.90,375
26-11-2025 13:30:14,26337.80,75
26-11-2025 13:30:12,26338.00,450
26-11-2025 13:30:12,26340.00,300
26-11-2025 13:30:11,26338.00,450
26-11-2025 13:30:11,26338.10,450
26-11-2025 13:30:07,26340.00,300
26-11-2025 13:30:04,26340.00,150
26-11-2025 13:30:02,26341.00,600
26-11-2025 13:30:00,26341.50,450
26-11-2025 13:29:59,26340.70,75
26-11-2025 13:29:57,26340.70,375
26-11-2025 13:29:55,26341.50,825
26-11-2025 13:29:54,26345.50,2550
26-11-2025 13:29:52,26341.90,3450
26-11-2025 13:29:50,26343.90,2250
26-11-2025 13:29:49,26344.40,975
26-11-2025 13:29:47,26342.10,1350
26-11-2025 13:29:45,26342.50,5925
26-11-2025 13:29:44,26343.10,375
26-11-2025 13:29:42,26342.70,150
26-11-2025 13:29:40,26341.50,300
26-11-2025 13:29:39,26343.50,900
26-11-2025 13:29:37,26342.00,1725
26-11-2025 13:29:34,26345.50,900
26-11-2025 13:29:32,26342.50,375
26-11-2025 13:29:30,26346.40,375
26-11-2025 13:29:29,26346.40,75
26-11-2025 13:29:27,26345.50,300
26-11-2025 13:29:25,26345.50,1050
26-11-2025 13:29:24,26345.50,75
26-11-2025 13:29:22,26345.50,225
26-11-2025 13:29:20,26349.40,150
26-11-2025 13:29:19,26342.30,2025
26-11-2025 13:29:17,26349.10,975
26-11-2025 13:29:15,26350.40,900
26-11-2025 13:29:14,26349.80,825
26-11-2025 13:29:12,26349.80,675
26-11-2025 13:29:11,26347.20,375
26-11-2025 13:29:09,26349.70,1050
26-11-2025 13:29:07,26348.40,375
26-11-2025 13:29:06,26347.40,525
26-11-2025 13:29:04,26345.50,450
26-11-2025 13:29:02,26345.50,375
26-11-2025 13:29:01,26342.00,525
26-11-2025 13:28:59,26345.50,150
26-11-2025 13:28:56,26345.50,1050
26-11-2025 13:28:52,26341.50,375
26-11-2025 13:28:51,26345.50,225
26-11-2025 13:28:49,26344.40,75
26-11-2025 13:28:47,26344.30,300
26-11-2025 13:28:44,26345.00,600
26-11-2025 13:28:42,26342.00,825
26-11-2025 13:28:41,26340.60,75
26-11-2025 13:28:39,26340.60,450
26-11-2025 13:28:37,26341.00,750
26-11-2025 13:28:35,26341.20,150
26-11-2025 13:28:34,26341.80,75
26-11-2025 13:28:32,26342.00,150
26-11-2025 13:28:31,26343.00,75
26-11-2025 13:28:27,26343.00,150
26-11-2025 13:28:26,26343.00,150
26-11-2025 13:28:24,26344.00,450
26-11-2025 13:28:22,26345.00,150
26-11-2025 13:28:19,26344.80,150
26-11-2025 13:28:17,26345.00,525
26-11-2025 13:28:16,26347.00,150
26-11-2025 13:28:14,26345.60,225
26-11-2025 13:28:12,26345.20,1950
26-11-2025 13:28:09,26345.00,300
26-11-2025 13:28:07,26344.40,300
26-11-2025 13:28:06,26345.00,1950
26-11-2025 13:28:04,26343.70,2925
26-11-2025 13:28:02,26342.10,5700
26-11-2025 13:28:01,26345.00,1425
26-11-2025 13:27:59,26345.00,1575
26-11-2025 13:27:57,26341.20,1875
26-11-2025 13:27:56,26347.50,450
26-11-2025 13:27:54,26347.50,1125
26-11-2025 13:27:52,26346.60,150
26-11-2025 13:27:51,26347.00,1125
26-11-2025 13:27:49,26346.40,525
26-11-2025 13:27:47,26345.70,10275
26-11-2025 13:27:46,26351.00,675
26-11-2025 13:27:44,26351.30,150
26-11-2025 13:27:42,26352.00,225
26-11-2025 13:27:41,26353.00,675
26-11-2025 13:27:39,26353.90,75
26-11-2025 13:27:38,26354.00,525
26-11-2025 13:27:36,26355.00,75
26-11-2025 13:27:33,26355.70,300
26-11-2025 13:27:31,26355.80,75
26-11-2025 13:27:29,26355.80,75
26-11-2025 13:27:28,26355.80,150
26-11-2025 13:27:26,26355.80,150
26-11-2025 13:27:24,26355.20,75
26-11-2025 13:27:23,26356.00,375
26-11-2025 13:27:21,26355.00,825
26-11-2025 13:27:18,26356.10,150
26-11-2025 13:27:14,26358.90,75
26-11-2025 13:27:11,26356.10,75
26-11-2025 13:27:08,26355.20,450
26-11-2025 13:27:06,26356.20,75
26-11-2025 13:27:04,26355.70,75
26-11-2025 13:27:03,26355.70,150
26-11-2025 13:26:59,26356.30,75
26-11-2025 13:26:58,26355.60,150
26-11-2025 13:26:54,26355.60,75
26-11-2025 13:26:53,26360.00,300
26-11-2025 13:26:51,26354.80,75
26-11-2025 13:26:49,26355.00,75
26-11-2025 13:26:48,26354.90,225
26-11-2025 13:26:46,26355.40,75
26-11-2025 13:26:44,26355.00,150
26-11-2025 13:26:43,26354.90,75
26-11-2025 13:26:41,26355.00,75
26-11-2025 13:26:40,26356.10,150
26-11-2025 13:26:38,26354.80,375
26-11-2025 13:26:36,26355.30,75
26-11-2025 13:26:33,26354.80,450
26-11-2025 13:26:31,26355.00,450
26-11-2025 13:26:29,26355.00,675
26-11-2025 13:26:28,26354.80,75
26-11-2025 13:26:26,26354.80,75
26-11-2025 13:26:23,26354.80,225
26-11-2025 13:26:19,26354.80,75
26-11-2025 13:26:18,26354.40,225
26-11-2025 13:26:14,26353.70,150
26-11-2025 13:26:13,26353.00,675
26-11-2025 13:26:10,26353.20,375
26-11-2025 13:26:06,26353.00,75
26-11-2025 13:26:05,26353.00,75
26-11-2025 13:26:03,26353.50,150
26-11-2025 13:26:01,26353.00,150
26-11-2025 13:26:00,26353.00,525
26-11-2025 13:25:58,26352.20,375
26-11-2025 13:25:56,26353.00,150
26-11-2025 13:25:55,26352.80,75
26-11-2025 13:25:50,26353.80,150
26-11-2025 13:25:48,26352.80,600
26-11-2025 13:25:47,26351.60,225
26-11-2025 13:25:43,26352.20,75
26-11-2025 13:25:42,26354.00,450
26-11-2025 13:25:40,26352.00,75
26-11-2025 13:25:38,26351.10,150
26-11-2025 13:25:37,26350.10,1575
26-11-2025 13:25:35,26351.30,150
26-11-2025 13:25:34,26352.00,675
26-11-2025 13:25:32,26353.00,300
26-11-2025 13:25:29,26354.00,75
26-11-2025 13:25:27,26353.00,150
26-11-2025 13:25:24,26354.90,300
26-11-2025 13:25:22,26354.80,300
26-11-2025 13:25:20,26355.00,5700
26-11-2025 13:25:19,26355.00,675
26-11-2025 13:25:17,26355.00,750
26-11-2025 13:25:15,26355.00,675
26-11-2025 13:25:14,26355.10,450
26-11-2025 13:25:12,26355.00,450
26-11-2025 13:25:10,26355.00,300
26-11-2025 13:25:09,26355.00,75
26-11-2025 13:25:07,26355.00,150
26-11-2025 13:25:05,26355.00,225
26-11-2025 13:25:04,26355.20,450
26-11-2025 13:25:02,26355.00,750
26-11-2025 13:25:00,26355.00,1500
26-11-2025 13:24:59,26355.50,375
26-11-2025 13:24:57,26355.70,75
26-11-2025 13:24:55,26355.70,150
26-11-2025 13:24:54,26355.70,150
26-11-2025 13:24:50,26356.10,525
26-11-2025 13:24:49,26355.00,675
26-11-2025 13:24:47,26355.50,75
26-11-2025 13:24:45,26355.00,300
26-11-2025 13:24:44,26355.00,150
26-11-2025 13:24:42,26355.10,225
26-11-2025 13:24:40,26355.20,375
26-11-2025 13:24:37,26355.00,1425
26-11-2025 13:24:35,26356.10,675
26-11-2025 13:24:34,26355.00,1200
26-11-2025 13:24:32,26355.20,600
26-11-2025 13:24:30,26356.10,675
26-11-2025 13:24:29,26355.00,1125
26-11-2025 13:24:27,26355.00,600
26-11-2025 13:24:25,26357.00,150
26-11-2025 13:24:24,26356.20,675
26-11-2025 13:24:22,26356.30,225
26-11-2025 13:24:20,26358.20,450
26-11-2025 13:24:19,26356.00,525
26-11-2025 13:24:17,26356.10,450
26-11-2025 13:24:15,26356.50,375
26-11-2025 13:24:14,26357.00,75
26-11-2025 13:24:12,26357.00,75
26-11-2025 13:24:09,26356.90,525
26-11-2025 13:24:07,26359.20,75
26-11-2025 13:24:05,26358.90,450
26-11-2025 13:24:04,26360.00,600
26-11-2025 13:24:02,26360.50,150
26-11-2025 13:24:00,26360.40,300
26-11-2025 13:23:59,26361.10,75
26-11-2025 13:23:57,26360.90,225
26-11-2025 13:23:55,26362.00,75
26-11-2025 13:23:54,26360.70,300
26-11-2025 13:23:52,26361.80,75
26-11-2025 13:23:50,26361.40,225
26-11-2025 13:23:49,26363.50,450
26-11-2025 13:23:47,26361.60,150
26-11-2025 13:23:45,26360.60,300
26-11-2025 13:23:40,26366.00,300
26-11-2025 13:23:39,26362.00,225
26-11-2025 13:23:37,26361.60,300
26-11-2025 13:23:35,26364.00,225
26-11-2025 13:23:30,26365.00,75
26-11-2025 13:23:29,26365.00,225
26-11-2025 13:23:27,26364.10,525
26-11-2025 13:23:25,26364.70,75
26-11-2025 13:23:24,26364.60,75
26-11-2025 13:23:22,26364.70,75
26-11-2025 13:23:17,26364.70,75
26-11-2025 13:23:15,26366.00,600
26-11-2025 13:23:14,26364.00,225
26-11-2025 13:23:12,26364.00,150
26-11-2025 13:23:10,26364.20,75
26-11-2025 13:23:09,26365.00,75
26-11-2025 13:23:07,26366.00,75
26-11-2025 13:23:04,26366.00,150
26-11-2025 13:23:02,26363.40,375
26-11-2025 13:22:59,26363.10,150
26-11-2025 13:22:57,26363.10,75
26-11-2025 13:22:55,26362.70,150
26-11-2025 13:22:54,26363.00,225
26-11-2025 13:22:50,26362.60,300
26-11-2025 13:22:47,26362.40,150
26-11-2025 13:22:44,26362.60,75
26-11-2025 13:22:42,26362.40,150
26-11-2025 13:22:40,26362.60,150
26-11-2025 13:22:39,26362.50,75
26-11-2025 13:22:35,26362.40,225
26-11-2025 13:22:34,26361.90,75
26-11-2025 13:22:32,26361.90,300
26-11-2025 13:22:30,26360.80,1575
26-11-2025 13:22:29,26360.70,525
26-11-2025 13:22:27,26362.40,150
26-11-2025 13:22:25,26362.40,75
26-11-2025 13:22:22,26362.30,300
26-11-2025 13:22:20,26362.20,75
26-11-2025 13:22:15,26360.20,225
26-11-2025 13:22:12,26361.60,750
26-11-2025 13:22:06,26365.00,75
26-11-2025 13:22:04,26366.50,75
26-11-2025 13:22:01,26366.50,75
26-11-2025 13:21:59,26366.00,75
26-11-2025 13:21:57,26365.10,300
26-11-2025 13:21:52,26366.00,225
26-11-2025 13:21:49,26371.60,525
26-11-2025 13:21:47,26368.30,450
26-11-2025 13:21:46,26369.80,375
26-11-2025 13:21:44,26370.00,525
26-11-2025 13:21:42,26370.70,225
26-11-2025 13:21:41,26370.50,375
26-11-2025 13:21:39,26366.00,600
26-11-2025 13:21:37,26366.00,300
26-11-2025 13:21:36,26370.10,450
26-11-2025 13:21:34,26370.00,150
26-11-2025 13:21:32,26366.00,525
26-11-2025 13:21:31,26369.00,300
26-11-2025 13:21:29,26369.90,300
26-11-2025 13:21:27,26369.70,1425
26-11-2025 13:21:26,26368.80,150
26-11-2025 13:21:24,26369.00,600
26-11-2025 13:21:22,26368.50,75
26-11-2025 13:21:21,26366.90,300
26-11-2025 13:21:19,26366.70,150
26-11-2025 13:21:17,26368.00,300
26-11-2025 13:21:16,26367.50,300
26-11-2025 13:21:14,26367.40,225
26-11-2025 13:21:13,26367.30,675
26-11-2025 13:21:11,26367.60,900
26-11-2025 13:21:09,26362.70,900
26-11-2025 13:21:08,26367.50,525
26-11-2025 13:21:06,26369.60,2550
26-11-2025 13:21:04,26368.20,375
26-11-2025 13:21:03,26369.40,1125
26-11-2025 13:21:01,26365.00,225
26-11-2025 13:20:59,26361.00,1125
26-11-2025 13:20:58,26359.50,150
26-11-2025 13:20:56,26360.00,225
26-11-2025 13:20:53,26356.70,300
26-11-2025 13:20:51,26357.00,150
26-11-2025 13:20:49,26359.50,75
26-11-2025 13:20:48,26358.00,300
26-11-2025 13:20:46,26360.00,300
26-11-2025 13:20:44,26360.10,75
26-11-2025 13:20:43,26360.00,75
26-11-2025 13:20:41,26362.20,225
26-11-2025 13:20:39,26360.10,225
26-11-2025 13:20:38,26361.10,225
26-11-2025 13:20:36,26363.40,75
26-11-2025 13:20:33,26360.40,150
26-11-2025 13:20:31,26360.70,150
26-11-2025 13:20:29,26361.10,75
26-11-2025 13:20:28,26367.70,825
26-11-2025 13:20:24,26361.10,75
26-11-2025 13:20:23,26360.70,150
26-11-2025 13:20:21,26360.70,300
26-11-2025 13:20:16,26360.10,600
26-11-2025 13:20:14,26361.50,150
26-11-2025 13:20:13,26360.10,225
26-11-2025 13:20:10,26360.10,150
26-11-2025 13:20:08,26363.00,75
26-11-2025 13:20:06,26368.00,825
26-11-2025 13:20:05,26360.10,150
26-11-2025 13:20:01,26365.00,225
26-11-2025 13:20:00,26360.00,75
26-11-2025 13:19:58,26361.00,300
26-11-2025 13:19:55,26361.00,675
26-11-2025 13:19:53,26360.70,150
26-11-2025 13:19:49,26360.70,225
26-11-2025 13:19:48,26360.70,375
26-11-2025 13:19:46,26361.00,75
26-11-2025 13:19:44,26360.00,825
26-11-2025 13:19:43,26360.70,1050
26-11-2025 13:19:41,26361.10,75
26-11-2025 13:19:36,26360.60,75
26-11-2025 13:19:34,26361.90,150
26-11-2025 13:19:33,26361.90,375
26-11-2025 13:19:31,26362.00,300
26-11-2025 13:19:29,26362.60,75
26-11-2025 13:19:28,26363.50,300
26-11-2025 13:19:24,26364.80,75
26-11-2025 13:19:19,26364.40,75
26-11-2025 13:19:18,26368.90,1050
26-11-2025 13:19:14,26361.50,525
26-11-2025 13:19:13,26365.00,150
26-11-2025 13:19:09,26365.00,75
26-11-2025 13:19:08,26367.90,225
26-11-2025 13:19:06,26367.60,225
26-11-2025 13:19:03,26367.50,2550
26-11-2025 13:19:01,26365.70,75
26-11-2025 13:18:58,26365.70,300
26-11-2025 13:18:56,26369.80,750
26-11-2025 13:18:54,26365.60,75
26-11-2025 13:18:53,26366.60,225
26-11-2025 13:18:51,26369.90,75
26-11-2025 13:18:48,26365.70,300
26-11-2025 13:18:43,26370.30,75
26-11-2025 13:18:41,26370.60,375
26-11-2025 13:18:39,26370.10,4125
26-11-2025 13:18:38,26370.10,300
26-11-2025 13:18:36,26370.30,75
26-11-2025 13:18:33,26370.60,75
26-11-2025 13:18:31,26370.10,300
26-11-2025 13:18:30,26370.60,1500
26-11-2025 13:18:26,26370.00,225
26-11-2025 13:18:25,26370.90,1575
26-11-2025 13:18:23,26370.90,1650
26-11-2025 13:18:21,26370.00,75
26-11-2025 13:18:20,26370.90,975
26-11-2025 13:18:18,26370.50,375
26-11-2025 13:18:15,26369.20,150
26-11-2025 13:18:13,26369.70,75
26-11-2025 13:18:11,26368.90,750
26-11-2025 13:18:10,26370.00,300
26-11-2025 13:18:08,26370.00,225
26-11-2025 13:18:06,26370.00,1125
26-11-2025 13:18:05,26371.40,1200
26-11-2025 13:18:03,26370.00,1875
26-11-2025 13:18:01,26369.60,3075
26-11-2025 13:18:00,26366.00,4350
26-11-2025 13:17:58,26368.40,3075
26-11-2025 13:17:56,26369.40,225
26-11-2025 13:17:55,26369.90,300
26-11-2025 13:17:53,26367.80,75
26-11-2025 13:17:51,26368.00,225
26-11-2025 13:17:49,26370.00,1200
26-11-2025 13:17:48,26365.00,150
26-11-2025 13:17:46,26365.00,1275
26-11-2025 13:17:44,26363.50,150
26-11-2025 13:17:43,26364.20,375
26-11-2025 13:17:41,26364.30,375
26-11-2025 13:17:38,26363.90,150
26-11-2025 13:17:36,26365.00,150
26-11-2025 13:17:33,26365.00,75
26-11-2025 13:17:31,26364.00,675
26-11-2025 13:17:30,26365.80,1875
26-11-2025 13:17:28,26366.70,750
26-11-2025 13:17:26,26366.50,1650
26-11-2025 13:17:25,26366.40,750
26-11-2025 13:17:23,26366.70,525
26-11-2025 13:17:21,26367.00,450
26-11-2025 13:17:20,26366.40,75
26-11-2025 13:17:18,26366.40,300
26-11-2025 13:17:16,26368.00,150
26-11-2025 13:17:15,26368.00,225
26-11-2025 13:17:13,26366.50,450
26-11-2025 13:17:11,26367.60,375
26-11-2025 13:17:10,26368.00,675
26-11-2025 13:17:08,26367.50,825
26-11-2025 13:17:06,26367.70,300
26-11-2025 13:17:05,26367.00,375
26-11-2025 13:17:03,26369.90,6300
26-11-2025 13:17:01,26363.50,525
26-11-2025 13:17:00,26363.50,150
26-11-2025 13:16:58,26363.50,300
26-11-2025 13:16:57,26361.00,225
26-11-2025 13:16:55,26361.00,75
26-11-2025 13:16:53,26365.00,675
26-11-2025 13:16:52,26359.70,150
26-11-2025 13:16:50,26359.10,300
26-11-2025 13:16:48,26360.50,75
26-11-2025 13:16:47,26361.10,150
26-11-2025 13:16:45,26358.40,825
26-11-2025 13:16:43,26358.40,75
26-11-2025 13:16:42,26360.90,75
26-11-2025 13:16:40,26358.30,300
26-11-2025 13:16:38,26358.70,525
26-11-2025 13:16:37,26359.70,150
26-11-2025 13:16:35,26358.70,225
26-11-2025 13:16:33,26358.80,300
26-11-2025 13:16:32,26361.20,225
26-11-2025 13:16:30,26362.50,450
26-11-2025 13:16:29,26361.20,225
26-11-2025 13:16:27,26366.60,6450
26-11-2025 13:16:25,26358.30,450
26-11-2025 13:16:24,26357.90,375
26-11-2025 13:16:22,26357.60,150
26-11-2025 13:16:20,26358.00,300
26-11-2025 13:16:19,26358.50,75
26-11-2025 13:16:17,26357.70,75
26-11-2025 13:16:15,26359.50,225
26-11-2025 13:16:14,26358.80,225
26-11-2025 13:16:12,26357.80,225
26-11-2025 13:16:10,26357.80,825
26-11-2025 13:16:09,26364.00,975
26-11-2025 13:16:07,26356.90,3975
26-11-2025 13:16:05,26356.30,4800
26-11-2025 13:16:04,26356.90,5175
26-11-2025 13:16:02,26357.00,10800
26-11-2025 13:16:00,26357.10,1050
26-11-2025 13:15:59,26357.40,2175
26-11-2025 13:15:57,26359.10,75
26-11-2025 13:15:55,26359.00,75
26-11-2025 13:15:54,26359.00,300
26-11-2025 13:15:52,26359.30,675
26-11-2025 13:15:50,26359.10,75
26-11-2025 13:15:49,26359.10,375
26-11-2025 13:15:47,26360.00,2625
26-11-2025 13:15:45,26359.10,600
26-11-2025 13:15:44,26359.30,525
26-11-2025 13:15:42,26359.10,225
26-11-2025 13:15:40,26359.30,150
26-11-2025 13:15:39,26359.30,900
26-11-2025 13:15:37,26360.00,750
26-11-2025 13:15:35,26360.00,150
26-11-2025 13:15:34,26360.00,600
26-11-2025 13:15:32,26360.20,600
26-11-2025 13:15:30,26361.10,150
26-11-2025 13:15:29,26361.00,450
26-11-2025 13:15:27,26360.60,2175
26-11-2025 13:15:25,26363.80,375
26-11-2025 13:15:24,26360.10,675
26-11-2025 13:15:22,26362.70,150
26-11-2025 13:15:20,26360.40,1800
26-11-2025 13:15:19,26360.40,450
26-11-2025 13:15:17,26360.40,375
26-11-2025 13:15:16,26360.40,2325
26-11-2025 13:15:14,26360.40,450
26-11-2025 13:15:12,26367.20,450
26-11-2025 13:15:10,26368.10,750
26-11-2025 13:15:09,26360.40,300
26-11-2025 13:15:08,26360.40,450
26-11-2025 13:15:06,26360.60,900
26-11-2025 13:15:04,26360.40,375
26-11-2025 13:15:02,26360.50,375
26-11-2025 13:15:00,26362.60,300
26-11-2025 13:14:59,26362.60,600
26-11-2025 13:14:57,26361.60,7350
26-11-2025 13:14:55,26360.60,525
26-11-2025 13:14:54,26360.20,600
26-11-2025 13:14:52,26359.80,1050
26-11-2025 13:14:50,26359.00,450
26-11-2025 13:14:49,26359.00,1500
26-11-2025 13:14:47,26360.00,225
26-11-2025 13:14:45,26359.20,1875
26-11-2025 13:14:44,26360.00,75
26-11-2025 13:14:42,26360.00,1950
26-11-2025 13:14:40,26360.00,900
26-11-2025 13:14:39,26359.80,1275
26-11-2025 13:14:37,26360.00,2325
26-11-2025 13:14:35,26361.00,525
26-11-2025 13:14:32,26361.90,300
26-11-2025 13:14:30,26361.90,1050
26-11-2025 13:14:29,26361.30,375
26-11-2025 13:14:27,26361.80,300
26-11-2025 13:14:25,26361.90,450
26-11-2025 13:14:24,26361.80,225
26-11-2025 13:14:22,26361.80,675
26-11-2025 13:14:20,26361.90,75
26-11-2025 13:14:19,26361.90,75
26-11-2025 13:14:17,26362.30,225
26-11-2025 13:14:15,26361.80,225
26-11-2025 13:14:14,26361.80,75
26-11-2025 13:14:12,26361.80,300
26-11-2025 13:14:10,26362.10,675
26-11-2025 13:14:09,26362.00,1275
26-11-2025 13:14:05,26362.10,450
26-11-2025 13:14:04,26361.80,375
26-11-2025 13:14:02,26365.00,75
26-11-2025 13:14:00,26368.30,825
26-11-2025 13:13:57,26362.10,150
26-11-2025 13:13:55,26359.00,1425
26-11-2025 13:13:54,26367.10,600
26-11-2025 13:13:50,26359.70,300
26-11-2025 13:13:49,26359.80,450
26-11-2025 13:13:47,26360.20,375
26-11-2025 13:13:45,26360.30,750
26-11-2025 13:13:44,26360.20,450
26-11-2025 13:13:42,26360.50,675
26-11-2025 13:13:40,26360.20,225
26-11-2025 13:13:39,26361.30,75
26-11-2025 13:13:37,26362.80,150
26-11-2025 13:13:35,26363.70,75
26-11-2025 13:13:34,26361.30,1500
26-11-2025 13:13:32,26364.40,75
26-11-2025 13:13:30,26362.80,3150
26-11-2025 13:13:29,26370.10,4875
26-11-2025 13:13:27,26370.00,150
26-11-2025 13:13:25,26370.30,225
26-11-2025 13:13:24,26370.00,225
26-11-2025 13:13:22,26370.00,675
26-11-2025 13:13:20,26370.00,75
26-11-2025 13:13:19,26370.00,150
26-11-2025 13:13:17,26370.00,675
26-11-2025 13:13:15,26370.90,300
26-11-2025 13:13:14,26373.20,75
26-11-2025 13:13:12,26373.70,225
26-11-2025 13:13:10,26372.90,825
26-11-2025 13:13:07,26376.40,1
26-11-2025 13:13:07,26378.90,2625
26-11-2025 13:13:05,26378.50,1800
26-11-2025 13:13:04,26378.00,1
26-11-2025 13:13:04,26374.50,4275
26-11-2025 13:13:02,26375.00,3750
26-11-2025 13:13:00,26377.40,150
26-11-2025 13:12:59,26377.40,750
26-11-2025 13:12:57,26377.30,225
26-11-2025 13:12:55,26377.30,450
26-11-2025 13:12:54,26377.30,1125
26-11-2025 13:12:52,26377.30,2025
26-11-2025 13:12:50,26377.90,1
26-11-2025 13:12:50,26377.30,975
26-11-2025 13:12:49,26377.50,525
26-11-2025 13:12:47,26377.20,1425
26-11-2025 13:12:45,26376.70,450
26-11-2025 13:12:44,26376.50,16275
26-11-2025 13:12:42,26374.80,600
26-11-2025 13:12:40,26373.80,900
26-11-2025 13:12:39,26373.90,825
26-11-2025 13:12:37,26372.60,75
26-11-2025 13:12:35,26373.80,300
26-11-2025 13:12:34,26372.30,825
26-11-2025 13:12:32,26372.30,375
26-11-2025 13:12:30,26372.00,150
26-11-2025 13:12:29,26372.00,225
26-11-2025 13:12:27,26372.00,150
26-11-2025 13:12:26,26373.80,150
26-11-2025 13:12:22,26372.00,150
26-11-2025 13:12:19,26373.90,450
26-11-2025 13:12:17,26373.80,75
26-11-2025 13:12:16,26373.00,150
26-11-2025 13:12:14,26372.90,75
26-11-2025 13:12:11,26372.00,300
26-11-2025 13:12:09,26373.90,225
26-11-2025 13:12:07,26372.60,75
26-11-2025 13:12:06,26373.80,375
26-11-2025 13:12:04,26372.00,600
26-11-2025 13:12:02,26373.00,375
26-11-2025 13:12:01,26371.00,225
26-11-2025 13:11:59,26371.00,75
26-11-2025 13:11:57,26372.00,150
26-11-2025 13:11:56,26372.00,525
26-11-2025 13:11:54,26374.00,375
26-11-2025 13:11:52,26374.00,225
26-11-2025 13:11:51,26371.00,300
26-11-2025 13:11:49,26372.70,300
26-11-2025 13:11:47,26372.90,300
26-11-2025 13:11:46,26372.00,225
26-11-2025 13:11:44,26370.20,1575
26-11-2025 13:11:42,26372.00,450
26-11-2025 13:11:41,26370.30,1275
26-11-2025 13:11:39,26371.80,300
26-11-2025 13:11:37,26371.70,75
26-11-2025 13:11:36,26372.00,375
26-11-2025 13:11:34,26371.00,225
26-11-2025 13:11:32,26370.90,300
26-11-2025 13:11:31,26370.90,150
26-11-2025 13:11:29,26370.50,150
26-11-2025 13:11:27,26370.70,225
26-11-2025 13:11:24,26371.20,75
26-11-2025 13:11:22,26371.20,75
26-11-2025 13:11:21,26372.50,75
26-11-2025 13:11:19,26371.40,150
26-11-2025 13:11:17,26370.30,375
26-11-2025 13:11:16,26372.50,375
26-11-2025 13:11:14,26374.00,225
26-11-2025 13:11:12,26372.20,225
26-11-2025 13:11:11,26372.80,150
26-11-2025 13:11:09,26371.60,300
26-11-2025 13:11:07,26371.60,225
26-11-2025 13:11:06,26373.00,75
26-11-2025 13:11:04,26374.00,75
26-11-2025 13:11:02,26372.40,75
26-11-2025 13:11:01,26374.00,225
26-11-2025 13:10:59,26375.00,300
26-11-2025 13:10:57,26375.00,1
26-11-2025 13:10:57,26373.80,2025
26-11-2025 13:10:56,26374.50,1425
26-11-2025 13:10:54,26374.50,1275
26-11-2025 13:10:52,26374.00,375
26-11-2025 13:10:51,26374.00,75
26-11-2025 13:10:49,26372.00,75
26-11-2025 13:10:47,26371.40,225
26-11-2025 13:10:46,26370.90,300
26-11-2025 13:10:44,26371.40,75
26-11-2025 13:10:42,26371.70,75
26-11-2025 13:10:41,26370.90,375
26-11-2025 13:10:39,26371.20,225
26-11-2025 13:10:37,26370.90,600
26-11-2025 13:10:36,26372.60,450
26-11-2025 13:10:34,26373.90,450
26-11-2025 13:10:32,26370.90,450
26-11-2025 13:10:31,26369.40,150
26-11-2025 13:10:29,26368.30,225
26-11-2025 13:10:27,26369.90,225
26-11-2025 13:10:26,26370.90,1050
26-11-2025 13:10:24,26372.80,600
26-11-2025 13:10:22,26370.90,300
26-11-2025 13:10:21,26370.90,450
26-11-2025 13:10:19,26370.00,225
26-11-2025 13:10:17,26370.00,300
26-11-2025 13:10:16,26370.00,225
26-11-2025 13:10:14,26370.00,600
26-11-2025 13:10:13,26373.90,600
26-11-2025 13:10:09,26374.00,225
26-11-2025 13:10:08,26374.60,750
26-11-2025 13:10:07,26372.90,1
26-11-2025 13:10:07,26374.90,900
26-11-2025 13:10:04,26374.20,4575
26-11-2025 13:10:03,26370.00,5175
26-11-2025 13:10:01,26369.90,450
26-11-2025 13:09:59,26368.80,900
26-11-2025 13:09:58,26369.90,450
26-11-2025 13:09:56,26369.90,225
26-11-2025 13:09:54,26369.90,1575
26-11-2025 13:09:53,26367.70,300
26-11-2025 13:09:51,26368.00,225
26-11-2025 13:09:50,26367.60,75
26-11-2025 13:09:48,26368.00,150
26-11-2025 13:09:46,26369.90,300
26-11-2025 13:09:45,26369.90,375
26-11-2025 13:09:43,26368.00,225
26-11-2025 13:09:40,26370.00,375
26-11-2025 13:09:38,26370.00,525
26-11-2025 13:09:36,26369.90,300
26-11-2025 13:09:35,26370.00,1
26-11-2025 13:09:35,26369.90,1725
26-11-2025 13:09:33,26369.90,375
26-11-2025 13:09:31,26367.10,375
26-11-2025 13:09:30,26365.70,75
26-11-2025 13:09:28,26367.10,1
26-11-2025 13:09:28,26369.90,225
26-11-2025 13:09:27,26369.80,1
26-11-2025 13:09:27,26369.70,825
26-11-2025 13:09:25,26365.00,450
26-11-2025 13:09:23,26365.60,300
26-11-2025 13:09:21,26366.50,525
26-11-2025 13:09:20,26366.50,75
26-11-2025 13:09:17,26366.30,300
26-11-2025 13:09:15,26369.30,525
26-11-2025 13:09:13,26363.10,1950
26-11-2025 13:09:12,26369.00,300
26-11-2025 13:09:10,26368.90,375
26-11-2025 13:09:08,26368.90,225
26-11-2025 13:09:03,26365.00,375
26-11-2025 13:09:02,26363.70,150
26-11-2025 13:09:00,26363.70,75
26-11-2025 13:08:57,26365.50,150
26-11-2025 13:08:55,26368.30,2100
26-11-2025 13:08:53,26364.40,75
26-11-2025 13:08:52,26365.00,1575
26-11-2025 13:08:50,26365.00,975
26-11-2025 13:08:47,26364.00,150
26-11-2025 13:08:45,26362.90,525
26-11-2025 13:08:43,26362.70,75
26-11-2025 13:08:38,26362.70,450
26-11-2025 13:08:37,26362.70,75
26-11-2025 13:08:33,26362.50,900
26-11-2025 13:08:32,26362.90,225
26-11-2025 13:08:28,26362.90,150
26-11-2025 13:08:25,26363.00,75
26-11-2025 13:08:23,26362.90,300
26-11-2025 13:08:18,26362.90,150
26-11-2025 13:08:17,26364.10,75
26-11-2025 13:08:14,26363.20,75
26-11-2025 13:08:10,26364.40,225
26-11-2025 13:08:07,26362.90,150
26-11-2025 13:08:04,26362.90,300
26-11-2025 13:08:02,26362.90,600
26-11-2025 13:08:00,26362.60,75
26-11-2025 13:07:57,26362.50,150
26-11-2025 13:07:55,26363.40,75
26-11-2025 13:07:54,26362.50,75
26-11-2025 13:07:52,26364.40,225
26-11-2025 13:07:50,26364.40,75
26-11-2025 13:07:47,26362.50,300
26-11-2025 13:07:44,26365.00,1050
26-11-2025 13:07:42,26361.00,375
26-11-2025 13:07:39,26361.00,450
26-11-2025 13:07:37,26362.30,450
26-11-2025 13:07:36,26362.00,75
26-11-2025 13:07:34,26362.10,75
26-11-2025 13:07:31,26362.40,150
26-11-2025 13:07:29,26362.00,450
26-11-2025 13:07:26,26362.70,300
26-11-2025 13:07:24,26363.00,750
26-11-2025 13:07:22,26362.00,1350
26-11-2025 13:07:19,26362.70,300
26-11-2025 13:07:17,26362.70,375
26-11-2025 13:07:16,26362.30,225
26-11-2025 13:07:14,26362.00,150
26-11-2025 13:07:12,26362.50,150
26-11-2025 13:07:11,26362.00,225
26-11-2025 13:07:09,26362.00,150
26-11-2025 13:07:08,26362.30,750
26-11-2025 13:07:06,26362.00,75
26-11-2025 13:07:04,26361.50,225
26-11-2025 13:07:02,26361.00,600
26-11-2025 13:07:01,26359.00,75
26-11-2025 13:06:59,26360.00,75
26-11-2025 13:06:57,26361.00,600
26-11-2025 13:06:56,26361.00,75
26-11-2025 13:06:54,26362.40,375
26-11-2025 13:06:52,26362.90,150
26-11-2025 13:06:51,26363.00,3900
26-11-2025 13:06:49,26362.00,750
26-11-2025 13:06:47,26360.10,375
26-11-2025 13:06:46,26362.00,975
26-11-2025 13:06:44,26360.00,75
26-11-2025 13:06:42,26360.10,300
26-11-2025 13:06:41,26360.00,900
26-11-2025 13:06:39,26361.10,375
26-11-2025 13:06:37,26362.50,75
26-11-2025 13:06:36,26363.00,150
26-11-2025 13:06:32,26365.00,75
26-11-2025 13:06:31,26364.80,150
26-11-2025 13:06:29,26362.90,150
26-11-2025 13:06:27,26363.70,1050
26-11-2025 13:06:26,26364.00,75
26-11-2025 13:06:24,26364.00,225
26-11-2025 13:06:22,26362.80,300
26-11-2025 13:06:21,26361.80,150
26-11-2025 13:06:19,26363.50,75
26-11-2025 13:06:17,26363.20,450
26-11-2025 13:06:16,26362.60,75
26-11-2025 13:06:14,26361.80,450
26-11-2025 13:06:13,26362.00,2700
26-11-2025 13:06:11,26361.80,7125
26-11-2025 13:06:09,26361.80,225
26-11-2025 13:06:08,26363.20,150
26-11-2025 13:06:06,26362.00,75
26-11-2025 13:06:03,26362.20,300
26-11-2025 13:06:01,26365.90,600
26-11-2025 13:05:59,26360.10,600
26-11-2025 13:05:58,26360.20,5400
26-11-2025 13:05:56,26361.60,375
26-11-2025 13:05:54,26360.80,150
26-11-2025 13:05:53,26360.60,150
26-11-2025 13:05:51,26361.30,675
26-11-2025 13:05:49,26360.70,525
26-11-2025 13:05:48,26360.00,6600
26-11-2025 13:05:46,26360.00,150
26-11-2025 13:05:44,26360.00,600
26-11-2025 13:05:43,26360.00,3750
26-11-2025 13:05:41,26361.80,150
26-11-2025 13:05:39,26360.20,75
26-11-2025 13:05:38,26362.00,150
26-11-2025 13:05:36,26362.80,75
26-11-2025 13:05:34,26361.80,1125
26-11-2025 13:05:33,26361.50,450
26-11-2025 13:05:31,26362.20,600
26-11-2025 13:05:30,26362.70,225
26-11-2025 13:05:28,26362.20,975
26-11-2025 13:05:26,26362.00,225
26-11-2025 13:05:25,26363.50,525
26-11-2025 13:05:23,26365.00,450
26-11-2025 13:05:21,26366.00,300
26-11-2025 13:05:20,26366.00,75
26-11-2025 13:05:18,26366.30,600
26-11-2025 13:05:16,26367.80,150
26-11-2025 13:05:15,26366.20,600
26-11-2025 13:05:13,26367.70,2625
26-11-2025 13:05:11,26367.80,150
26-11-2025 13:05:09,26367.80,1
26-11-2025 13:05:09,26369.30,975
26-11-2025 13:05:08,26367.90,675
26-11-2025 13:05:06,26368.50,1875
26-11-2025 13:05:05,26367.10,225
26-11-2025 13:05:03,26366.80,75
26-11-2025 13:05:01,26369.20,1875
26-11-2025 13:05:00,26367.10,150
26-11-2025 13:04:58,26369.00,225
26-11-2025 13:04:56,26363.30,825
26-11-2025 13:04:55,26369.00,300
26-11-2025 13:04:53,26366.20,450
26-11-2025 13:04:51,26369.00,375
26-11-2025 13:04:50,26366.90,150
26-11-2025 13:04:48,26365.00,1725
26-11-2025 13:04:46,26369.00,1
26-11-2025 13:04:46,26365.50,1725
26-11-2025 13:04:45,26366.00,17700
26-11-2025 13:04:43,26357.40,150
26-11-2025 13:04:41,26357.80,450
26-11-2025 13:04:40,26356.80,150
26-11-2025 13:04:38,26357.80,450
26-11-2025 13:04:36,26358.00,300
26-11-2025 13:04:35,26356.30,300
26-11-2025 13:04:31,26356.00,375
26-11-2025 13:04:28,26355.00,375
26-11-2025 13:04:25,26356.00,300
26-11-2025 13:04:23,26356.00,150
26-11-2025 13:04:21,26356.00,75
26-11-2025 13:04:20,26356.00,75
26-11-2025 13:04:18,26356.00,75
26-11-2025 13:04:15,26356.00,75
26-11-2025 13:04:13,26357.90,75
26-11-2025 13:04:12,26357.90,75
26-11-2025 13:04:10,26357.90,375
26-11-2025 13:04:08,26355.00,300
26-11-2025 13:04:05,26356.80,150
26-11-2025 13:04:02,26357.90,75
26-11-2025 13:04:00,26359.90,375
26-11-2025 13:03:59,26358.00,75
26-11-2025 13:03:57,26359.50,75
26-11-2025 13:03:55,26359.00,150
26-11-2025 13:03:54,26354.70,450
26-11-2025 13:03:52,26355.80,75
26-11-2025 13:03:49,26356.80,75
26-11-2025 13:03:47,26358.00,375
26-11-2025 13:03:44,26358.50,750
26-11-2025 13:03:42,26358.50,375
26-11-2025 13:03:39,26358.50,75
26-11-2025 13:03:36,26358.20,225
26-11-2025 13:03:34,26359.00,525
26-11-2025 13:03:32,26358.60,75
26-11-2025 13:03:29,26358.20,675
26-11-2025 13:03:27,26358.20,150
26-11-2025 13:03:26,26359.00,150
26-11-2025 13:03:24,26358.60,225
26-11-2025 13:03:22,26358.20,450
26-11-2025 13:03:21,26356.40,225
26-11-2025 13:03:19,26356.40,150
26-11-2025 13:03:17,26354.80,375
26-11-2025 13:03:16,26354.80,150
26-11-2025 13:03:14,26358.20,75
26-11-2025 13:03:12,26357.40,300
26-11-2025 13:03:11,26359.00,300
26-11-2025 13:03:09,26358.00,225
26-11-2025 13:03:06,26360.00,1
26-11-2025 13:03:06,26353.80,4500
26-11-2025 13:03:04,26358.00,225
26-11-2025 13:03:02,26356.00,75
26-11-2025 13:03:01,26356.40,150
26-11-2025 13:02:57,26356.40,300
26-11-2025 13:02:56,26355.70,75
26-11-2025 13:02:52,26355.70,75
26-11-2025 13:02:47,26354.90,300
26-11-2025 13:02:46,26355.70,75
26-11-2025 13:02:42,26353.10,150
26-11-2025 13:02:41,26354.00,525
26-11-2025 13:02:39,26358.40,75
26-11-2025 13:02:37,26359.90,225
26-11-2025 13:02:36,26359.90,375
26-11-2025 13:02:34,26357.70,150
26-11-2025 13:02:32,26356.40,5250
26-11-2025 13:02:31,26356.90,1650
26-11-2025 13:02:29,26356.90,900
26-11-2025 13:02:27,26356.20,450
26-11-2025 13:02:26,26355.20,225
26-11-2025 13:02:22,26356.90,150
26-11-2025 13:02:21,26355.40,150
26-11-2025 13:02:19,26355.40,225
26-11-2025 13:02:17,26356.90,600
26-11-2025 13:02:16,26353.60,75
26-11-2025 13:02:14,26356.30,75
26-11-2025 13:02:11,26356.90,1200
26-11-2025 13:02:09,26354.60,150
26-11-2025 13:02:08,26352.70,675
26-11-2025 13:02:06,26359.80,2325
26-11-2025 13:02:04,26356.30,75
26-11-2025 13:02:03,26357.10,150
26-11-2025 13:02:01,26354.20,1650
26-11-2025 13:02:00,26359.10,1
26-11-2025 13:02:00,26359.90,13800
26-11-2025 13:01:58,26354.70,975
26-11-2025 13:01:56,26350.30,150
26-11-2025 13:01:54,26350.10,150
26-11-2025 13:01:53,26350.00,975
26-11-2025 13:01:51,26346.90,75
26-11-2025 13:01:48,26346.90,150
26-11-2025 13:01:46,26347.00,1200
26-11-2025 13:01:44,26348.00,75
26-11-2025 13:01:43,26346.10,300
26-11-2025 13:01:41,26345.00,450
26-11-2025 13:01:39,26346.10,75
26-11-2025 13:01:38,26346.10,75
26-11-2025 13:01:36,26345.00,1275
26-11-2025 13:01:35,26345.10,75
26-11-2025 13:01:33,26347.50,225
26-11-2025 13:01:30,26350.00,1275
26-11-2025 13:01:28,26350.30,225
26-11-2025 13:01:26,26350.30,225
26-11-2025 13:01:23,26351.00,1500
26-11-2025 13:01:20,26352.40,225
26-11-2025 13:01:18,26352.40,150
26-11-2025 13:01:16,26352.30,375
26-11-2025 13:01:15,26351.20,150
26-11-2025 13:01:13,26350.30,75
26-11-2025 13:01:10,26351.30,150
26-11-2025 13:01:08,26351.30,225
26-11-2025 13:01:05,26351.60,2550
26-11-2025 13:01:02,26352.50,75
26-11-2025 13:01:00,26351.80,75
26-11-2025 13:00:59,26352.50,225
26-11-2025 13:00:57,26351.50,75
26-11-2025 13:00:55,26351.50,75
26-11-2025 13:00:54,26351.60,75
26-11-2025 13:00:52,26351.80,450
26-11-2025 13:00:50,26352.60,225
26-11-2025 13:00:49,26352.60,3600
26-11-2025 13:00:47,26352.30,300
26-11-2025 13:00:45,26351.20,1
26-11-2025 13:00:45,26354.70,14400
26-11-2025 13:00:44,26350.00,2550
26-11-2025 13:00:42,26349.00,375
26-11-2025 13:00:40,26350.00,1200
26-11-2025 13:00:39,26350.00,3075
26-11-2025 13:00:37,26349.00,75
26-11-2025 13:00:35,26348.10,150
26-11-2025 13:00:34,26350.00,1125
26-11-2025 13:00:32,26350.00,75
26-11-2025 13:00:30,26350.00,1650
26-11-2025 13:00:29,26348.10,75
26-11-2025 13:00:27,26348.10,150
26-11-2025 13:00:25,26348.10,150
26-11-2025 13:00:24,26348.10,450
26-11-2025 13:00:22,26345.00,675
26-11-2025 13:00:20,26348.10,75
26-11-2025 13:00:19,26348.10,375
26-11-2025 13:00:17,26346.50,150
26-11-2025 13:00:15,26346.50,75
26-11-2025 13:00:12,26347.00,750
26-11-2025 13:00:11,26348.00,150
26-11-2025 13:00:09,26346.00,75
26-11-2025 13:00:07,26347.00,225
26-11-2025 13:00:06,26347.00,225
26-11-2025 13:00:04,26346.00,525
26-11-2025 13:00:01,26345.00,150
26-11-2025 12:59:59,26346.00,225
26-11-2025 12:59:58,26345.00,450
26-11-2025 12:59:49,26345.00,150
26-11-2025 12:59:48,26345.50,225
26-11-2025 12:59:45,26345.00,225
26-11-2025 12:59:43,26345.00,150
26-11-2025 12:59:40,26345.00,300
26-11-2025 12:59:35,26346.00,75
26-11-2025 12:59:33,26345.00,150
26-11-2025 12:59:31,26346.00,225
26-11-2025 12:59:28,26345.20,75
26-11-2025 12:59:26,26348.00,600
26-11-2025 12:59:23,26345.00,750
26-11-2025 12:59:16,26345.00,75
26-11-2025 12:59:15,26342.00,225
26-11-2025 12:59:13,26344.00,75
26-11-2025 12:59:11,26341.30,75
26-11-2025 12:59:08,26342.50,750
26-11-2025 12:59:05,26341.00,75
26-11-2025 12:59:03,26341.00,75
26-11-2025 12:59:01,26340.40,75
26-11-2025 12:58:58,26339.60,225
26-11-2025 12:58:57,26339.20,75
26-11-2025 12:58:55,26340.00,600
26-11-2025 12:58:53,26338.30,150
26-11-2025 12:58:51,26338.30,150
26-11-2025 12:58:50,26340.00,150
26-11-2025 12:58:48,26340.00,225
26-11-2025 12:58:47,26340.00,75
26-11-2025 12:58:45,26340.10,75
26-11-2025 12:58:43,26340.00,225
26-11-2025 12:58:38,26340.40,150
26-11-2025 12:58:37,26340.40,75
26-11-2025 12:58:34,26340.00,75
26-11-2025 12:58:32,26340.40,75
26-11-2025 12:58:30,26342.50,150
26-11-2025 12:58:29,26340.00,75
26-11-2025 12:58:27,26340.00,150
26-11-2025 12:58:26,26340.00,600
26-11-2025 12:58:24,26340.00,150
26-11-2025 12:58:22,26340.00,375
26-11-2025 12:58:21,26337.90,75
26-11-2025 12:58:17,26337.40,375
26-11-2025 12:58:12,26337.30,75
26-11-2025 12:58:11,26340.00,75
26-11-2025 12:58:09,26337.80,75
26-11-2025 12:58:07,26336.40,225
26-11-2025 12:58:06,26336.40,75
26-11-2025 12:58:04,26335.60,150
26-11-2025 12:58:02,26335.70,225
26-11-2025 12:58:01,26336.00,225
26-11-2025 12:57:59,26336.40,75
26-11-2025 12:57:57,26335.40,225
26-11-2025 12:57:53,26342.80,225
26-11-2025 12:57:51,26341.00,150
26-11-2025 12:57:49,26336.20,225
26-11-2025 12:57:47,26340.00,825
26-11-2025 12:57:46,26341.20,375
26-11-2025 12:57:44,26339.70,75
26-11-2025 12:57:42,26338.30,150
26-11-2025 12:57:41,26335.50,450
26-11-2025 12:57:39,26342.10,900
26-11-2025 12:57:37,26337.10,225
26-11-2025 12:57:33,26336.50,150
26-11-2025 12:57:31,26337.10,150
26-11-2025 12:57:26,26334.30,150
26-11-2025 12:57:24,26335.00,150
26-11-2025 12:57:21,26335.00,75
26-11-2025 12:57:16,26335.00,150
26-11-2025 12:57:13,26335.00,150
26-11-2025 12:57:11,26341.90,75
26-11-2025 12:57:10,26340.10,300
26-11-2025 12:57:08,26338.90,1275
26-11-2025 12:57:07,26339.40,2325
26-11-2025 12:57:05,26338.60,150
26-11-2025 12:57:00,26344.10,150
26-11-2025 12:56:58,26342.00,150
26-11-2025 12:56:55,26336.70,150
26-11-2025 12:56:53,26342.80,525
26-11-2025 12:56:52,26343.40,75
26-11-2025 12:56:48,26344.40,225
26-11-2025 12:56:46,26345.30,300
26-11-2025 12:56:45,26346.10,75
26-11-2025 12:56:42,26345.10,150
26-11-2025 12:56:40,26345.00,375
26-11-2025 12:56:38,26347.30,1275
26-11-2025 12:56:28,26343.40,600
26-11-2025 12:56:22,26342.90,300
26-11-2025 12:56:20,26344.00,150
26-11-2025 12:56:17,26349.10,225
26-11-2025 12:56:15,26349.60,3300
26-11-2025 12:56:14,26348.00,4200
26-11-2025 12:56:10,26340.00,150
26-11-2025 12:56:09,26340.00,75
26-11-2025 12:56:07,26339.90,225
26-11-2025 12:56:02,26339.70,75
26-11-2025 12:55:59,26339.60,150
26-11-2025 12:55:57,26339.50,150
26-11-2025 12:55:52,26339.40,150
26-11-2025 12:55:49,26339.20,225
26-11-2025 12:55:47,26340.00,75
26-11-2025 12:55:46,26339.00,1725
26-11-2025 12:55:44,26339.40,225
26-11-2025 12:55:42,26338.00,75
26-11-2025 12:55:39,26337.80,75
26-11-2025 12:55:36,26337.60,75
26-11-2025 12:55:32,26339.20,75
26-11-2025 12:55:27,26336.10,150
26-11-2025 12:55:26,26335.80,375
26-11-2025 12:55:24,26335.70,300
26-11-2025 12:55:22,26336.10,300
26-11-2025 12:55:19,26336.10,75
26-11-2025 12:55:16,26336.10,375
26-11-2025 12:55:14,26335.90,450
26-11-2025 12:55:12,26335.30,300
26-11-2025 12:55:09,26336.00,150
26-11-2025 12:55:06,26339.30,75
26-11-2025 12:55:04,26336.60,150
26-11-2025 12:55:03,26336.00,300
26-11-2025 12:55:01,26339.40,225
26-11-2025 12:54:59,26336.10,450
26-11-2025 12:54:58,26335.30,525
26-11-2025 12:54:54,26335.30,75
26-11-2025 12:54:52,26335.40,75
26-11-2025 12:54:51,26337.30,600
26-11-2025 12:54:49,26335.40,75
26-11-2025 12:54:47,26334.90,75
26-11-2025 12:54:46,26335.50,450
26-11-2025 12:54:44,26335.00,1350
26-11-2025 12:54:42,26337.40,225
26-11-2025 12:54:41,26338.00,1500
26-11-2025 12:54:39,26340.80,150
26-11-2025 12:54:34,26341.00,375
26-11-2025 12:54:26,26344.00,75
26-11-2025 12:54:23,26344.10,75
26-11-2025 12:54:21,26344.90,75
26-11-2025 12:54:19,26344.90,150
26-11-2025 12:54:18,26345.00,75
26-11-2025 12:54:16,26345.00,150
26-11-2025 12:54:14,26344.90,75
26-11-2025 12:54:11,26345.00,150
26-11-2025 12:54:10,26345.00,75
26-11-2025 12:54:02,26345.00,300
26-11-2025 12:53:58,26344.20,150
26-11-2025 12:53:57,26345.00,1050
26-11-2025 12:53:55,26345.00,225
26-11-2025 12:53:53,26344.30,75
26-11-2025 12:53:52,26344.30,150
26-11-2025 12:53:42,26344.20,75
26-11-2025 12:53:38,26341.40,2100
26-11-2025 12:53:37,26343.00,5850
26-11-2025 12:53:35,26348.00,75
26-11-2025 12:53:34,26349.00,75
26-11-2025 12:53:32,26349.00,150
26-11-2025 12:53:30,26348.10,150
26-11-2025 12:53:22,26349.00,75
26-11-2025 12:53:21,26349.90,75
26-11-2025 12:53:17,26350.00,75
26-11-2025 12:53:16,26349.00,75
26-11-2025 12:53:11,26350.00,1950
26-11-2025 12:53:07,26350.00,3975
26-11-2025 12:53:06,26350.00,6075
26-11-2025 12:53:04,26349.90,14400
26-11-2025 12:53:02,26348.90,75
26-11-2025 12:53:01,26349.00,525
26-11-2025 12:52:59,26348.00,975
26-11-2025 12:52:56,26349.00,225
26-11-2025 12:52:54,26349.00,225
26-11-2025 12:52:52,26349.00,75
26-11-2025 12:52:51,26349.00,75
26-11-2025 12:52:49,26349.00,225
26-11-2025 12:52:47,26348.90,600
26-11-2025 12:52:44,26349.00,75
26-11-2025 12:52:42,26348.90,75
26-11-2025 12:52:41,26349.00,150
26-11-2025 12:52:39,26349.00,75
26-11-2025 12:52:37,26349.00,150
26-11-2025 12:52:36,26349.00,375
26-11-2025 12:52:34,26349.00,1350
26-11-2025 12:52:32,26348.00,150
26-11-2025 12:52:31,26348.90,975
26-11-2025 12:52:27,26348.00,150
26-11-2025 12:52:24,26346.90,150
26-11-2025 12:52:21,26347.00,75
26-11-2025 12:52:19,26347.80,750
26-11-2025 12:52:17,26345.00,75
26-11-2025 12:52:16,26347.20,75
26-11-2025 12:52:14,26345.00,300
26-11-2025 12:52:13,26345.00,225
26-11-2025 12:52:09,26345.20,300
26-11-2025 12:52:06,26346.00,150
26-11-2025 12:52:04,26345.20,225
26-11-2025 12:52:01,26348.70,150
26-11-2025 12:51:56,26348.00,150
26-11-2025 12:51:48,26345.20,75
26-11-2025 12:51:46,26346.60,150
26-11-2025 12:51:38,26348.90,75
26-11-2025 12:51:33,26349.00,75
26-11-2025 12:51:30,26344.00,75
26-11-2025 12:51:28,26348.10,75
26-11-2025 12:51:23,26344.00,75
26-11-2025 12:51:20,26349.00,150
26-11-2025 12:51:19,26349.00,225
26-11-2025 12:51:14,26348.90,75
26-11-2025 12:51:12,26348.80,150
26-11-2025 12:51:10,26348.10,75
26-11-2025 12:51:09,26348.00,375
26-11-2025 12:51:07,26348.00,225
26-11-2025 12:51:05,26348.00,375
26-11-2025 12:51:04,26348.00,150
26-11-2025 12:51:02,26348.00,450
26-11-2025 12:50:59,26345.00,75
26-11-2025 12:50:57,26345.00,150
26-11-2025 12:50:52,26347.00,75
26-11-2025 12:50:51,26348.00,225
26-11-2025 12:50:49,26342.50,225
26-11-2025 12:50:47,26343.00,75
26-11-2025 12:50:46,26343.00,525
26-11-2025 12:50:43,26347.00,75
26-11-2025 12:50:41,26347.00,300
26-11-2025 12:50:39,26346.90,600
26-11-2025 12:50:37,26347.00,525
26-11-2025 12:50:31,26346.00,225
26-11-2025 12:50:29,26345.90,225
26-11-2025 12:50:26,26346.00,375
26-11-2025 12:50:24,26342.60,225
26-11-2025 12:50:21,26345.90,75
26-11-2025 12:50:19,26345.90,375
26-11-2025 12:50:17,26340.70,150
26-11-2025 12:50:14,26343.90,375
26-11-2025 12:50:09,26345.90,75
26-11-2025 12:50:06,26345.90,225
26-11-2025 12:50:05,26345.90,150
26-11-2025 12:50:03,26341.00,300
26-11-2025 12:50:01,26340.00,1200
26-11-2025 12:49:53,26345.90,300
26-11-2025 12:49:52,26341.00,150
26-11-2025 12:49:50,26345.00,75
26-11-2025 12:49:48,26341.00,75
26-11-2025 12:49:47,26345.60,75
26-11-2025 12:49:45,26345.60,75
26-11-2025 12:49:44,26346.10,300
26-11-2025 12:49:42,26341.00,900
26-11-2025 12:49:40,26341.00,300
26-11-2025 12:49:39,26346.70,1500
26-11-2025 12:49:37,26342.00,2025
26-11-2025 12:49:36,26342.00,300
26-11-2025 12:49:32,26342.00,75
26-11-2025 12:49:31,26346.00,75
26-11-2025 12:49:27,26345.70,150
26-11-2025 12:49:26,26345.80,675
26-11-2025 12:49:24,26342.00,150
26-11-2025 12:49:22,26341.00,525
26-11-2025 12:49:21,26346.30,150
26-11-2025 12:49:19,26342.00,75
26-11-2025 12:49:17,26346.30,300
26-11-2025 12:49:13,26346.30,150
26-11-2025 12:49:11,26341.10,75
26-11-2025 12:49:09,26341.00,75
26-11-2025 12:49:08,26346.20,300
26-11-2025 12:49:06,26341.00,300
26-11-2025 12:49:04,26341.00,975
26-11-2025 12:49:03,26346.00,225
26-11-2025 12:49:01,26345.10,75
26-11-2025 12:48:59,26346.40,150
26-11-2025 12:48:58,26345.00,150
26-11-2025 12:48:56,26346.40,150
26-11-2025 12:48:53,26341.00,150
26-11-2025 12:48:51,26341.00,225
26-11-2025 12:48:46,26343.00,75
26-11-2025 12:48:44,26341.00,150
26-11-2025 12:48:43,26345.40,225
26-11-2025 12:48:41,26346.80,300
26-11-2025 12:48:39,26347.00,375
26-11-2025 12:48:38,26346.70,675
26-11-2025 12:48:36,26346.00,525
26-11-2025 12:48:33,26341.00,150
26-11-2025 12:48:31,26345.00,450
26-11-2025 12:48:29,26344.00,75
26-11-2025 12:48:26,26345.00,450
26-11-2025 12:48:24,26341.00,375
26-11-2025 12:48:23,26344.90,1050
26-11-2025 12:48:21,26341.00,75
26-11-2025 12:48:18,26340.70,75
26-11-2025 12:48:13,26340.80,150
26-11-2025 12:48:11,26340.60,150
26-11-2025 12:48:06,26340.00,75
26-11-2025 12:48:05,26344.00,75
26-11-2025 12:48:01,26341.00,75
26-11-2025 12:48:00,26341.00,75
26-11-2025 12:47:58,26344.00,75
26-11-2025 12:47:56,26340.50,300
26-11-2025 12:47:53,26340.40,150
26-11-2025 12:47:48,26340.10,150
26-11-2025 12:47:45,26340.00,225
26-11-2025 12:47:40,26340.00,150
26-11-2025 12:47:38,26340.00,150
26-11-2025 12:47:37,26340.00,225
26-11-2025 12:47:34,26343.00,375
26-11-2025 12:47:32,26340.20,300
26-11-2025 12:47:30,26340.20,75
26-11-2025 12:47:27,26340.20,75
26-11-2025 12:47:26,26342.90,225
26-11-2025 12:47:24,26340.80,75
26-11-2025 12:47:21,26342.90,75
26-11-2025 12:47:17,26342.90,150
26-11-2025 12:47:12,26341.10,300
26-11-2025 12:47:04,26340.50,75
26-11-2025 12:47:02,26340.20,375
26-11-2025 12:47:01,26340.50,975
26-11-2025 12:46:59,26342.90,300
26-11-2025 12:46:57,26342.90,150
26-11-2025 12:46:54,26343.00,225
26-11-2025 12:46:49,26342.90,300
26-11-2025 12:46:47,26343.70,300
26-11-2025 12:46:46,26343.00,150
26-11-2025 12:46:42,26344.00,300
26-11-2025 12:46:41,26344.00,150
26-11-2025 12:46:34,26345.00,75
26-11-2025 12:46:31,26345.00,75
26-11-2025 12:46:29,26345.60,150
26-11-2025 12:46:27,26345.50,75
26-11-2025 12:46:26,26345.50,75
26-11-2025 12:46:21,26345.60,150
26-11-2025 12:46:19,26347.50,75
26-11-2025 12:46:17,26346.00,150
26-11-2025 12:46:16,26347.30,225
26-11-2025 12:46:13,26347.30,75
26-11-2025 12:46:11,26345.30,375
26-11-2025 12:46:09,26346.70,300
26-11-2025 12:46:07,26345.00,375
26-11-2025 12:46:06,26343.70,750
26-11-2025 12:46:04,26347.00,225
26-11-2025 12:46:02,26343.80,75
26-11-2025 12:46:01,26343.80,75
26-11-2025 12:45:58,26343.20,375
26-11-2025 12:45:56,26347.50,150
26-11-2025 12:45:54,26347.50,450
26-11-2025 12:45:53,26347.50,150
26-11-2025 12:45:51,26343.50,525
26-11-2025 12:45:46,26343.60,150
26-11-2025 12:45:45,26345.00,75
26-11-2025 12:45:43,26344.20,75
26-11-2025 12:45:41,26344.50,75
26-11-2025 12:45:40,26347.50,75
26-11-2025 12:45:38,26343.50,150
26-11-2025 12:45:36,26344.00,75
26-11-2025 12:45:35,26343.70,75
26-11-2025 12:45:33,26347.80,75
26-11-2025 12:45:28,26348.00,75
26-11-2025 12:45:25,26343.00,75
26-11-2025 12:45:23,26342.50,150
26-11-2025 12:45:11,26348.00,75
26-11-2025 12:45:10,26342.20,75
26-11-2025 12:45:05,26342.00,225
26-11-2025 12:45:03,26342.40,225
26-11-2025 12:45:02,26342.60,75
26-11-2025 12:44:57,26342.60,75
26-11-2025 12:44:55,26347.00,75
26-11-2025 12:44:45,26341.70,375
26-11-2025 12:44:43,26347.90,75
26-11-2025 12:44:42,26341.90,150
26-11-2025 12:44:40,26347.70,150
26-11-2025 12:44:38,26341.30,150
26-11-2025 12:44:37,26341.50,1425
26-11-2025 12:44:35,26345.00,75
26-11-2025 12:44:34,26341.00,375
26-11-2025 12:44:32,26345.00,450
26-11-2025 12:44:25,26340.20,75
26-11-2025 12:44:22,26340.50,75
26-11-2025 12:44:19,26340.50,75
26-11-2025 12:44:17,26343.00,75
26-11-2025 12:44:16,26342.00,75
26-11-2025 12:44:14,26340.50,75
26-11-2025 12:44:09,26340.10,225
26-11-2025 12:44:04,26340.30,150
26-11-2025 12:43:59,26340.10,150
26-11-2025 12:43:57,26340.30,225
26-11-2025 12:43:51,26340.40,225
26-11-2025 12:43:49,26340.70,75
26-11-2025 12:43:35,26340.10,525
26-11-2025 12:43:33,26346.90,225
26-11-2025 12:43:30,26344.00,75
26-11-2025 12:43:28,26340.40,75
26-11-2025 12:43:26,26340.00,225
26-11-2025 12:43:25,26340.30,375
26-11-2025 12:43:23,26340.30,3225
26-11-2025 12:43:21,26340.30,2700
26-11-2025 12:43:20,26340.00,825
26-11-2025 12:43:18,26340.20,525
26-11-2025 12:43:13,26340.90,150
26-11-2025 12:43:11,26340.70,150
26-11-2025 12:43:08,26345.90,225
26-11-2025 12:43:05,26345.10,150
26-11-2025 12:43:03,26345.10,150
26-11-2025 12:43:01,26345.90,75
26-11-2025 12:42:58,26345.10,75
26-11-2025 12:42:56,26344.00,75
26-11-2025 12:42:55,26345.30,300
26-11-2025 12:42:51,26341.50,375
26-11-2025 12:42:48,26348.10,75
26-11-2025 12:42:45,26348.10,75
26-11-2025 12:42:41,26342.50,150
26-11-2025 12:42:40,26345.00,150
26-11-2025 12:42:35,26342.00,300
26-11-2025 12:42:33,26342.10,75
26-11-2025 12:42:31,26342.40,225
26-11-2025 12:42:30,26348.00,150
26-11-2025 12:42:26,26344.00,75
26-11-2025 12:42:25,26342.30,225
26-11-2025 12:42:23,26342.60,2325
26-11-2025 12:42:21,26345.00,375
26-11-2025 12:42:18,26345.60,150
26-11-2025 12:42:16,26349.30,450
26-11-2025 12:42:15,26345.00,1050
26-11-2025 12:42:13,26345.80,1
26-11-2025 12:42:13,26349.90,225
26-11-2025 12:42:11,26349.30,1
26-11-2025 12:42:11,26345.30,225
26-11-2025 12:42:10,26345.60,450
26-11-2025 12:42:06,26343.70,375
26-11-2025 12:42:05,26349.00,2100
26-11-2025 12:42:03,26343.50,75
26-11-2025 12:42:01,26344.00,75
26-11-2025 12:41:57,26342.20,75
26-11-2025 12:41:53,26341.50,75
26-11-2025 12:41:52,26340.50,2175
26-11-2025 12:41:48,26342.00,75
26-11-2025 12:41:45,26342.80,75
26-11-2025 12:41:43,26341.30,75
26-11-2025 12:41:42,26341.20,600
26-11-2025 12:41:40,26342.00,150
26-11-2025 12:41:39,26341.80,75
26-11-2025 12:41:37,26341.50,900
26-11-2025 12:41:35,26342.00,300
26-11-2025 12:41:34,26342.80,600
26-11-2025 12:41:32,26342.80,75
26-11-2025 12:41:30,26341.50,75
26-11-2025 12:41:27,26342.80,150
26-11-2025 12:41:26,26341.50,75
26-11-2025 12:41:24,26342.80,150
26-11-2025 12:41:22,26341.50,75
26-11-2025 12:41:21,26341.50,75
26-11-2025 12:41:19,26342.80,150
26-11-2025 12:41:18,26340.90,750
26-11-2025 12:41:14,26342.00,150
26-11-2025 12:41:13,26342.80,75
26-11-2025 12:41:11,26343.00,75
26-11-2025 12:41:09,26343.00,150
26-11-2025 12:41:08,26342.50,75
26-11-2025 12:41:01,26342.00,75
26-11-2025 12:40:57,26342.50,375
26-11-2025 12:40:55,26342.50,900
26-11-2025 12:40:53,26342.50,75
26-11-2025 12:40:52,26342.50,150
26-11-2025 12:40:48,26343.00,150
26-11-2025 12:40:47,26342.50,75
26-11-2025 12:40:44,26343.10,150
26-11-2025 12:40:35,26342.00,225
26-11-2025 12:40:34,26341.60,75
26-11-2025 12:40:32,26341.30,1650
26-11-2025 12:40:30,26343.10,3225
26-11-2025 12:40:29,26341.80,300
26-11-2025 12:40:27,26346.00,450
26-11-2025 12:40:26,26343.10,150
26-11-2025 12:40:22,26343.10,150
26-11-2025 12:40:16,26342.50,75
26-11-2025 12:40:11,26343.00,150
26-11-2025 12:40:07,26343.10,75
26-11-2025 12:40:04,26343.40,75
26-11-2025 12:40:03,26344.00,600
26-11-2025 12:40:01,26344.60,75
26-11-2025 12:39:59,26344.40,525
26-11-2025 12:39:57,26345.80,2925
26-11-2025 12:39:56,26345.00,150
26-11-2025 12:39:54,26342.00,150
26-11-2025 12:39:52,26344.80,75
26-11-2025 12:39:48,26341.00,75
26-11-2025 12:39:41,26341.00,225
26-11-2025 12:39:40,26345.00,300
26-11-2025 12:39:38,26344.00,675
26-11-2025 12:39:37,26344.00,225
26-11-2025 12:39:33,26340.10,150
26-11-2025 12:39:32,26344.00,150
26-11-2025 12:39:25,26344.90,75
26-11-2025 12:39:22,26340.00,75
26-11-2025 12:39:20,26340.00,150
26-11-2025 12:39:19,26340.00,75
26-11-2025 12:39:15,26340.00,75
26-11-2025 12:39:10,26340.00,300
26-11-2025 12:39:09,26340.00,2100
26-11-2025 12:39:07,26343.00,75
26-11-2025 12:39:05,26340.10,150
26-11-2025 12:38:56,26345.00,75
26-11-2025 12:38:54,26344.90,150
26-11-2025 12:38:52,26343.00,225
26-11-2025 12:38:49,26345.00,150
26-11-2025 12:38:47,26343.00,75
26-11-2025 12:38:44,26344.90,75
26-11-2025 12:38:41,26340.50,75
26-11-2025 12:38:37,26340.60,1350
26-11-2025 12:38:36,26343.00,300
26-11-2025 12:38:32,26342.90,75
26-11-2025 12:38:31,26341.10,300
26-11-2025 12:38:27,26341.10,75
26-11-2025 12:38:26,26340.70,300
26-11-2025 12:38:24,26341.00,1875
26-11-2025 12:38:23,26345.00,150
26-11-2025 12:38:21,26345.00,75
26-11-2025 12:38:19,26341.70,300
26-11-2025 12:38:18,26345.00,150
26-11-2025 12:38:16,26345.00,150
26-11-2025 12:38:14,26341.20,375
26-11-2025 12:38:13,26341.60,225
26-11-2025 12:38:09,26341.20,75
26-11-2025 12:38:08,26340.70,75
26-11-2025 12:38:06,26345.00,150
26-11-2025 12:38:05,26342.00,75
26-11-2025 12:38:03,26345.00,150
26-11-2025 12:38:01,26344.00,75
26-11-2025 12:37:58,26341.50,75
26-11-2025 12:37:55,26341.60,300
26-11-2025 12:37:53,26341.60,75
26-11-2025 12:37:51,26341.60,75
26-11-2025 12:37:50,26341.60,75
26-11-2025 12:37:46,26343.00,75
26-11-2025 12:37:43,26341.60,75
26-11-2025 12:37:41,26345.00,225
26-11-2025 12:37:38,26341.30,225
26-11-2025 12:37:36,26345.00,75
26-11-2025 12:37:35,26344.00,300
26-11-2025 12:37:33,26344.00,150
26-11-2025 12:37:30,26344.00,450
26-11-2025 12:37:28,26344.00,375
26-11-2025 12:37:25,26344.00,75
26-11-2025 12:37:18,26344.00,75
26-11-2025 12:37:12,26338.70,225
26-11-2025 12:37:05,26337.00,75
26-11-2025 12:37:02,26337.40,75
26-11-2025 12:37:00,26337.50,2100
26-11-2025 12:36:57,26344.00,75
26-11-2025 12:36:52,26344.00,225
26-11-2025 12:36:50,26346.10,300
26-11-2025 12:36:49,26337.70,150
26-11-2025 12:36:45,26339.60,75
26-11-2025 12:36:42,26339.60,75
26-11-2025 12:36:39,26339.60,2700
26-11-2025 12:36:37,26346.50,1350
26-11-2025 12:36:35,26346.50,1350
26-11-2025 12:36:34,26339.50,2550
26-11-2025 12:36:32,26346.90,2325
26-11-2025 12:36:30,26346.80,1125
26-11-2025 12:36:29,26346.20,4650
26-11-2025 12:36:27,26348.80,1
26-11-2025 12:36:27,26349.00,7350
26-11-2025 12:36:25,26348.90,5250
26-11-2025 12:36:24,26348.90,6600
26-11-2025 12:36:22,26345.00,1200
26-11-2025 12:36:20,26345.00,1725
26-11-2025 12:36:19,26345.00,150
26-11-2025 12:36:17,26344.90,225
26-11-2025 12:36:15,26343.50,75
26-11-2025 12:36:14,26345.00,150
26-11-2025 12:36:09,26345.00,225
26-11-2025 12:36:07,26342.00,75
26-11-2025 12:36:05,26345.00,75
26-11-2025 12:36:04,26343.50,225
26-11-2025 12:36:02,26342.00,300
26-11-2025 12:36:00,26342.00,225
26-11-2025 12:35:59,26345.00,450
26-11-2025 12:35:57,26343.00,600
26-11-2025 12:35:55,26345.00,525
26-11-2025 12:35:54,26344.50,450
26-11-2025 12:35:52,26343.00,1050
26-11-2025 12:35:50,26344.50,225
26-11-2025 12:35:49,26344.00,150
26-11-2025 12:35:47,26343.00,75
26-11-2025 12:35:45,26345.00,75
26-11-2025 12:35:44,26342.00,225
26-11-2025 12:35:42,26344.50,225
26-11-2025 12:35:39,26342.50,375
26-11-2025 12:35:37,26344.00,150
26-11-2025 12:35:35,26342.20,525
26-11-2025 12:35:32,26342.20,600
26-11-2025 12:35:30,26342.20,1050
26-11-2025 12:35:29,26344.50,150
26-11-2025 12:35:27,26343.30,225
26-11-2025 12:35:25,26344.50,150
26-11-2025 12:35:24,26342.30,300
26-11-2025 12:35:22,26344.40,150
26-11-2025 12:35:21,26343.20,525
26-11-2025 12:35:19,26342.50,75
26-11-2025 12:35:17,26342.50,75
26-11-2025 12:35:16,26343.20,375
26-11-2025 12:35:14,26342.20,525
26-11-2025 12:35:12,26343.80,825
26-11-2025 12:35:11,26342.20,525
26-11-2025 12:35:09,26342.30,975
26-11-2025 12:35:07,26343.10,1200
26-11-2025 12:35:06,26342.60,675
26-11-2025 12:35:04,26342.50,825
26-11-2025 12:35:03,26342.50,450
26-11-2025 12:35:01,26344.00,225
26-11-2025 12:34:59,26342.50,225
26-11-2025 12:34:58,26342.80,150
26-11-2025 12:34:56,26343.10,300
26-11-2025 12:34:55,26342.50,1575
26-11-2025 12:34:53,26342.70,675
26-11-2025 12:34:51,26339.50,1725
26-11-2025 12:34:50,26335.20,1725
26-11-2025 12:34:48,26339.50,225
26-11-2025 12:34:46,26335.20,225
26-11-2025 12:34:43,26343.10,300
26-11-2025 12:34:41,26336.50,300
26-11-2025 12:34:40,26343.60,525
26-11-2025 12:34:38,26336.50,1275
26-11-2025 12:34:36,26342.90,1275
26-11-2025 12:34:35,26335.40,2100
26-11-2025 12:34:33,26338.00,525
26-11-2025 12:34:31,26338.00,75
26-11-2025 12:34:30,26338.00,75
26-11-2025 12:34:22,26338.00,150
26-11-2025 12:34:20,26334.00,150
26-11-2025 12:34:13,26338.00,150
26-11-2025 12:34:12,26341.30,300
26-11-2025 12:34:10,26339.00,375
26-11-2025 12:34:08,26338.00,225
26-11-2025 12:34:07,26341.20,2250
26-11-2025 12:34:05,26333.80,3150
26-11-2025 12:33:58,26339.00,150
26-11-2025 12:33:57,26339.90,150
26-11-2025 12:33:55,26340.00,150
26-11-2025 12:33:47,26339.00,150
26-11-2025 12:33:43,26338.20,150
26-11-2025 12:33:42,26338.20,225
26-11-2025 12:33:40,26338.20,225
26-11-2025 12:33:39,26338.90,1425
26-11-2025 12:33:37,26338.70,1950
26-11-2025 12:33:35,26338.20,2025
26-11-2025 12:33:34,26336.90,3825
26-11-2025 12:33:32,26332.50,450
26-11-2025 12:33:30,26330.20,1650
26-11-2025 12:33:29,26336.90,300
26-11-2025 12:33:27,26336.90,300
26-11-2025 12:33:25,26336.90,150
26-11-2025 12:33:24,26335.00,75
26-11-2025 12:33:22,26330.40,1125
26-11-2025 12:33:20,26336.90,75
26-11-2025 12:33:17,26330.00,900
26-11-2025 12:33:15,26336.90,150
26-11-2025 12:33:12,26336.90,1200
26-11-2025 12:33:09,26336.90,75
26-11-2025 12:33:06,26336.90,1125
26-11-2025 12:33:04,26336.90,225
26-11-2025 12:33:01,26336.90,75
26-11-2025 12:33:00,26336.90,150
26-11-2025 12:32:58,26337.20,225
26-11-2025 12:32:56,26337.20,525
26-11-2025 12:32:55,26336.90,900
26-11-2025 12:32:53,26336.90,675
26-11-2025 12:32:52,26336.90,750
26-11-2025 12:32:50,26336.70,750
26-11-2025 12:32:49,26336.70,375
26-11-2025 12:32:45,26336.60,75
26-11-2025 12:32:44,26336.10,75
26-11-2025 12:32:42,26335.90,225
26-11-2025 12:32:41,26336.70,525
26-11-2025 12:32:39,26335.90,150
26-11-2025 12:32:38,26336.10,375
26-11-2025 12:32:36,26335.50,75
26-11-2025 12:32:34,26336.20,1950
26-11-2025 12:32:33,26335.00,150
26-11-2025 12:32:30,26331.00,300
26-11-2025 12:32:26,26335.10,150
26-11-2025 12:32:25,26332.00,225
26-11-2025 12:32:23,26335.10,375
26-11-2025 12:32:22,26335.10,150
26-11-2025 12:32:20,26334.40,1050
26-11-2025 12:32:12,26335.10,225
26-11-2025 12:32:05,26333.40,600
26-11-2025 12:32:03,26335.70,300
26-11-2025 12:32:02,26335.50,150
26-11-2025 12:32:00,26336.00,225
26-11-2025 12:31:59,26335.00,1650
26-11-2025 12:31:57,26334.00,1050
26-11-2025 12:31:55,26334.00,150
26-11-2025 12:31:52,26332.00,150
26-11-2025 12:31:50,26331.00,1275
26-11-2025 12:31:45,26331.00,75
26-11-2025 12:31:44,26330.00,600
26-11-2025 12:31:42,26333.00,300
26-11-2025 12:31:41,26330.50,75
26-11-2025 12:31:39,26330.50,75
26-11-2025 12:31:37,26330.50,375
26-11-2025 12:31:36,26330.00,75
26-11-2025 12:31:34,26331.50,75
26-11-2025 12:31:32,26330.00,300
26-11-2025 12:31:31,26330.00,75
26-11-2025 12:31:24,26333.00,75
26-11-2025 12:31:21,26333.00,75
26-11-2025 12:31:19,26328.00,150
26-11-2025 12:31:16,26333.00,75
26-11-2025 12:31:12,26327.60,300
26-11-2025 12:31:11,26328.70,300
26-11-2025 12:31:06,26333.00,225
26-11-2025 12:30:57,26329.20,300
26-11-2025 12:30:56,26330.20,675
26-11-2025 12:30:52,26332.00,375
26-11-2025 12:30:51,26328.90,225
26-11-2025 12:30:49,26328.70,1800
26-11-2025 12:30:46,26330.50,375
26-11-2025 12:30:44,26331.00,150
26-11-2025 12:30:41,26332.40,825
26-11-2025 12:30:37,26333.00,150
26-11-2025 12:30:34,26337.30,900
26-11-2025 12:30:31,26334.10,75
26-11-2025 12:30:29,26335.00,75
26-11-2025 12:30:26,26335.00,300
26-11-2025 12:30:24,26335.00,300
26-11-2025 12:30:22,26335.00,1050
26-11-2025 12:30:21,26335.30,600
26-11-2025 12:30:19,26335.00,1800
26-11-2025 12:30:17,26339.80,1350
26-11-2025 12:30:16,26340.20,900
26-11-2025 12:30:14,26340.40,3000
26-11-2025 12:30:13,26341.30,1350
26-11-2025 12:30:13,26341.30,2775
26-11-2025 12:30:13,26342.80,1500
26-11-2025 12:30:11,26343.00,225
26-11-2025 12:30:08,26341.30,675
26-11-2025 12:30:04,26342.80,1125
26-11-2025 12:30:03,26340.90,1200
26-11-2025 12:30:01,26340.40,225
26-11-2025 12:29:59,26341.00,825
26-11-2025 12:29:58,26339.10,300
26-11-2025 12:29:56,26340.90,1050
26-11-2025 12:29:54,26340.60,675
26-11-2025 12:29:53,26340.60,1350
26-11-2025 12:29:51,26340.80,1500
26-11-2025 12:29:49,26340.10,2550
26-11-2025 12:29:48,26341.30,750
26-11-2025 12:29:46,26341.60,525
26-11-2025 12:29:44,26341.70,3750
26-11-2025 12:29:43,26340.80,2250
26-11-2025 12:29:41,26340.40,1800
26-11-2025 12:29:39,26340.70,3675
26-11-2025 12:29:38,26340.00,225
26-11-2025 12:29:36,26340.00,225
26-11-2025 12:29:34,26340.00,225
26-11-2025 12:29:31,26340.00,150
26-11-2025 12:29:28,26335.00,150
26-11-2025 12:29:26,26339.90,225
26-11-2025 12:29:25,26338.20,75
26-11-2025 12:29:23,26340.40,3375
26-11-2025 12:29:20,26339.00,75
26-11-2025 12:29:18,26340.00,150
26-11-2025 12:29:16,26340.40,150
26-11-2025 12:29:13,26340.10,225
26-11-2025 12:29:10,26340.00,600
26-11-2025 12:29:08,26341.20,1125
26-11-2025 12:29:06,26341.40,1425
26-11-2025 12:29:05,26341.30,975
26-11-2025 12:29:03,26341.10,1350
26-11-2025 12:29:01,26341.80,975
26-11-2025 12:29:00,26342.00,3600
26-11-2025 12:28:58,26343.30,1050
26-11-2025 12:28:56,26343.20,1575
26-11-2025 12:28:55,26343.30,3150
26-11-2025 12:28:53,26343.90,2775
26-11-2025 12:28:51,26343.80,2550
26-11-2025 12:28:50,26343.90,3300
26-11-2025 12:28:48,26344.60,1875
26-11-2025 12:28:47,26344.70,3150
26-11-2025 12:28:45,26344.80,1425
26-11-2025 12:28:43,26344.50,2250
26-11-2025 12:28:42,26344.70,3450
26-11-2025 12:28:40,26344.40,2850
26-11-2025 12:28:38,26344.20,2400
26-11-2025 12:28:37,26343.60,3150
26-11-2025 12:28:35,26343.90,4350
26-11-2025 12:28:33,26342.70,3900
26-11-2025 12:28:32,26344.10,2100
26-11-2025 12:28:30,26343.80,3225
26-11-2025 12:28:28,26344.10,3000
26-11-2025 12:28:27,26343.20,675
26-11-2025 12:28:25,26342.90,2175
26-11-2025 12:28:23,26342.90,1800
26-11-2025 12:28:22,26342.80,975
26-11-2025 12:28:20,26342.80,2400
26-11-2025 12:28:18,26343.00,675
26-11-2025 12:28:17,26343.10,375
26-11-2025 12:28:15,26343.00,75
26-11-2025 12:28:13,26343.00,900
26-11-2025 12:28:12,26342.40,750
26-11-2025 12:28:10,26341.70,2850
26-11-2025 12:28:08,26341.70,300
26-11-2025 12:28:07,26340.00,1875
26-11-2025 12:28:05,26340.40,6075
26-11-2025 12:28:03,26339.10,3975
26-11-2025 12:28:02,26339.60,225
26-11-2025 12:28:00,26339.00,675
26-11-2025 12:27:58,26339.00,675
26-11-2025 12:27:57,26339.00,600
26-11-2025 12:27:55,26339.00,975
26-11-2025 12:27:53,26339.10,600
26-11-2025 12:27:52,26339.00,975
26-11-2025 12:27:50,26339.00,300
26-11-2025 12:27:48,26339.40,375
26-11-2025 12:27:47,26339.30,900
26-11-2025 12:27:45,26339.00,1425
26-11-2025 12:27:43,26338.00,375
26-11-2025 12:27:42,26337.00,900
26-11-2025 12:27:40,26335.80,300
26-11-2025 12:27:38,26335.00,75
26-11-2025 12:27:37,26332.00,150
26-11-2025 12:27:35,26332.00,375
26-11-2025 12:27:30,26335.00,225
26-11-2025 12:27:27,26335.00,150
26-11-2025 12:27:25,26335.00,150
26-11-2025 12:27:24,26332.00,825
26-11-2025 12:27:22,26335.00,75
26-11-2025 12:27:20,26332.00,975
26-11-2025 12:27:19,26330.90,150
26-11-2025 12:27:13,26330.30,75
26-11-2025 12:27:10,26329.30,75
26-11-2025 12:27:08,26329.30,225
26-11-2025 12:27:05,26332.00,75
26-11-2025 12:27:02,26330.20,375
26-11-2025 12:27:00,26329.60,150
26-11-2025 12:26:57,26330.00,150
26-11-2025 12:26:53,26330.00,150
26-11-2025 12:26:52,26328.70,225
26-11-2025 12:26:50,26330.00,600
26-11-2025 12:26:48,26328.00,75
26-11-2025 12:26:47,26327.40,300
26-11-2025 12:26:45,26327.10,1875
26-11-2025 12:26:43,26327.00,750
26-11-2025 12:26:42,26327.10,750
26-11-2025 12:26:40,26328.30,2175
26-11-2025 12:26:38,26327.00,375
26-11-2025 12:26:37,26327.20,375
26-11-2025 12:26:35,26330.00,375
26-11-2025 12:26:33,26330.00,675
26-11-2025 12:26:32,26330.50,225
26-11-2025 12:26:30,26332.00,225
26-11-2025 12:26:28,26331.90,675
26-11-2025 12:26:27,26332.00,375
26-11-2025 12:26:25,26331.30,375
26-11-2025 12:26:23,26335.00,675
26-11-2025 12:26:22,26335.00,675
26-11-2025 12:26:20,26335.00,1275
26-11-2025 12:26:18,26335.00,450
26-11-2025 12:26:17,26335.00,225
26-11-2025 12:26:15,26335.00,225
26-11-2025 12:26:14,26335.00,825
26-11-2025 12:26:12,26335.00,600
26-11-2025 12:26:09,26335.20,75
26-11-2025 12:26:07,26335.00,225
26-11-2025 12:26:05,26335.00,600
26-11-2025 12:26:04,26335.00,450
26-11-2025 12:25:59,26335.00,75
26-11-2025 12:25:54,26335.00,75
26-11-2025 12:25:52,26335.00,75
26-11-2025 12:25:49,26335.00,225
26-11-2025 12:25:47,26335.00,75
26-11-2025 12:25:44,26335.00,300
26-11-2025 12:25:42,26334.00,225
26-11-2025 12:25:41,26333.60,225
26-11-2025 12:25:38,26332.60,225
26-11-2025 12:25:36,26334.50,75
26-11-2025 12:25:34,26333.70,75
26-11-2025 12:25:33,26333.70,75
26-11-2025 12:25:28,26331.70,75
26-11-2025 12:25:24,26330.50,600
26-11-2025 12:25:23,26333.70,75
26-11-2025 12:25:21,26335.00,75
26-11-2025 12:25:19,26335.00,150
26-11-2025 12:25:18,26331.80,750
26-11-2025 12:25:16,26334.90,225
26-11-2025 12:25:14,26334.90,150
26-11-2025 12:25:13,26333.00,225
26-11-2025 12:25:11,26330.00,1500
26-11-2025 12:25:09,26330.00,900
26-11-2025 12:25:08,26330.00,975
26-11-2025 12:25:06,26330.00,900
26-11-2025 12:25:04,26330.00,1350
26-11-2025 12:25:03,26330.00,2400
26-11-2025 12:25:01,26331.00,300
26-11-2025 12:24:59,26330.00,2400
26-11-2025 12:24:58,26331.50,2625
26-11-2025 12:24:56,26331.50,1500
26-11-2025 12:24:55,26331.30,2700
26-11-2025 12:24:53,26330.10,3450
26-11-2025 12:24:51,26330.40,2175
26-11-2025 12:24:46,26333.00,75
26-11-2025 12:24:43,26333.00,225
26-11-2025 12:24:41,26333.00,75
26-11-2025 12:24:40,26333.00,150
26-11-2025 12:24:38,26333.00,525
26-11-2025 12:24:36,26333.00,300
26-11-2025 12:24:35,26333.00,150
26-11-2025 12:24:33,26333.00,225
26-11-2025 12:24:31,26334.90,375
26-11-2025 12:24:30,26332.60,2550
26-11-2025 12:24:28,26334.80,600
26-11-2025 12:24:27,26334.90,600
26-11-2025 12:24:25,26332.70,450
26-11-2025 12:24:23,26332.90,675
26-11-2025 12:24:22,26333.00,300
26-11-2025 12:24:20,26333.00,225
26-11-2025 12:24:18,26333.10,375
26-11-2025 12:24:17,26335.50,150
26-11-2025 12:24:15,26333.60,375
26-11-2025 12:24:13,26335.70,225
26-11-2025 12:24:12,26336.20,300
26-11-2025 12:24:10,26336.20,600
26-11-2025 12:24:09,26336.30,450
26-11-2025 12:24:07,26336.20,525
26-11-2025 12:24:05,26333.50,900
26-11-2025 12:24:04,26336.20,300
26-11-2025 12:24:02,26335.40,675
26-11-2025 12:24:00,26335.30,375
26-11-2025 12:23:59,26335.30,525
26-11-2025 12:23:57,26334.90,2175
26-11-2025 12:23:55,26335.30,5400
26-11-2025 12:23:54,26331.90,450
26-11-2025 12:23:52,26331.80,225
26-11-2025 12:23:50,26332.10,225
26-11-2025 12:23:49,26334.60,225
26-11-2025 12:23:47,26336.10,450
26-11-2025 12:23:44,26333.00,225
26-11-2025 12:23:42,26332.60,225
26-11-2025 12:23:40,26332.30,300
26-11-2025 12:23:39,26332.10,225
26-11-2025 12:23:37,26332.00,975
26-11-2025 12:23:35,26333.10,225
26-11-2025 12:23:32,26338.20,300
26-11-2025 12:23:30,26335.00,2475
26-11-2025 12:23:29,26337.00,225
26-11-2025 12:23:27,26337.00,225
26-11-2025 12:23:25,26342.70,300
26-11-2025 12:23:22,26337.00,225
26-11-2025 12:23:20,26343.50,1200
26-11-2025 12:23:19,26338.00,75
26-11-2025 12:23:17,26338.00,75
26-11-2025 12:23:12,26343.50,150
26-11-2025 12:23:09,26340.00,375
26-11-2025 12:23:07,26341.30,300
26-11-2025 12:23:06,26337.10,975
26-11-2025 12:23:04,26337.00,225
26-11-2025 12:23:02,26339.20,75
26-11-2025 12:23:01,26338.00,300
26-11-2025 12:22:59,26344.60,525
26-11-2025 12:22:57,26338.40,375
26-11-2025 12:22:56,26338.00,600
26-11-2025 12:22:54,26338.00,375
26-11-2025 12:22:52,26339.50,2175
26-11-2025 12:22:51,26338.00,1725
26-11-2025 12:22:49,26338.00,225
26-11-2025 12:22:46,26338.00,450
26-11-2025 12:22:44,26339.50,225
26-11-2025 12:22:42,26345.00,900
26-11-2025 12:22:41,26340.80,750
26-11-2025 12:22:39,26342.90,3225
26-11-2025 12:22:37,26343.00,2325
26-11-2025 12:22:36,26338.00,4650
26-11-2025 12:22:34,26338.10,225
26-11-2025 12:22:32,26338.00,225
26-11-2025 12:22:31,26338.00,300
26-11-2025 12:22:29,26337.00,300
26-11-2025 12:22:27,26337.00,150
26-11-2025 12:22:26,26335.90,300
26-11-2025 12:22:24,26336.00,225
26-11-2025 12:22:21,26336.00,1725
26-11-2025 12:22:17,26334.30,75
26-11-2025 12:22:12,26336.00,150
26-11-2025 12:22:07,26337.90,300
26-11-2025 12:22:04,26337.90,150
26-11-2025 12:21:59,26336.00,150
26-11-2025 12:21:58,26336.00,450
26-11-2025 12:21:56,26333.60,150
26-11-2025 12:21:54,26332.50,225
26-11-2025 12:21:53,26332.40,225
26-11-2025 12:21:51,26333.40,150
26-11-2025 12:21:50,26332.50,525
26-11-2025 12:21:48,26332.70,2325
26-11-2025 12:21:47,26332.70,2100
26-11-2025 12:21:45,26332.60,3000
26-11-2025 12:21:43,26333.30,1500
26-11-2025 12:21:42,26333.30,1800
26-11-2025 12:21:40,26333.30,2700
26-11-2025 12:21:38,26333.20,900
26-11-2025 12:21:37,26335.40,75
26-11-2025 12:21:35,26333.30,225
26-11-2025 12:21:34,26333.20,225
26-11-2025 12:21:32,26336.90,1200
26-11-2025 12:21:30,26333.60,900
26-11-2025 12:21:29,26332.90,525
26-11-2025 12:21:27,26335.00,825
26-11-2025 12:21:25,26332.20,375
26-11-2025 12:21:24,26335.30,975
26-11-2025 12:21:22,26335.40,300
26-11-2025 12:21:21,26332.50,450
26-11-2025 12:21:19,26332.60,525
26-11-2025 12:21:17,26332.40,1875
26-11-2025 12:21:16,26332.60,450
26-11-2025 12:21:14,26336.80,825
26-11-2025 12:21:12,26332.00,225
26-11-2025 12:21:11,26332.00,225
26-11-2025 12:21:09,26332.00,1425
26-11-2025 12:21:07,26331.60,3600
26-11-2025 12:21:06,26332.00,375
26-11-2025 12:21:04,26332.40,450
26-11-2025 12:21:03,26335.00,600
26-11-2025 12:21:01,26334.90,300
26-11-2025 12:20:59,26333.20,300
26-11-2025 12:20:58,26333.40,525
26-11-2025 12:20:56,26333.60,1650
26-11-2025 12:20:54,26332.80,1950
26-11-2025 12:20:53,26330.30,7950
26-11-2025 12:20:51,26331.50,600
26-11-2025 12:20:50,26332.50,300
26-11-2025 12:20:48,26331.80,750
26-11-2025 12:20:46,26332.50,1200
26-11-2025 12:20:45,26332.50,750
26-11-2025 12:20:43,26332.30,1125
26-11-2025 12:20:41,26332.50,525
26-11-2025 12:20:40,26332.50,450
26-11-2025 12:20:38,26332.30,825
26-11-2025 12:20:36,26332.50,300
26-11-2025 12:20:35,26332.50,225
26-11-2025 12:20:33,26332.00,825
26-11-2025 12:20:31,26333.00,2250
26-11-2025 12:20:30,26333.00,300
26-11-2025 12:20:28,26332.50,525
26-11-2025 12:20:26,26336.90,375
26-11-2025 12:20:25,26335.00,300
26-11-2025 12:20:23,26332.30,8025
26-11-2025 12:20:21,26337.80,300
26-11-2025 12:20:20,26332.70,375
26-11-2025 12:20:18,26332.30,600
26-11-2025 12:20:16,26333.10,225
26-11-2025 12:20:15,26333.50,600
26-11-2025 12:20:13,26338.70,300
26-11-2025 12:20:11,26334.00,375
26-11-2025 12:20:10,26334.90,375
26-11-2025 12:20:08,26340.00,1875
26-11-2025 12:20:06,26334.60,150
26-11-2025 12:20:03,26334.90,75
26-11-2025 12:20:00,26334.70,750
26-11-2025 12:19:58,26334.60,225
26-11-2025 12:19:57,26333.80,75
26-11-2025 12:19:55,26333.10,375
26-11-2025 12:19:53,26333.20,900
26-11-2025 12:19:52,26333.00,975
26-11-2025 12:19:50,26332.80,1425
26-11-2025 12:19:48,26332.90,450
26-11-2025 12:19:47,26332.50,525
26-11-2025 12:19:45,26332.40,600
26-11-2025 12:19:43,26333.20,75
26-11-2025 12:19:42,26333.30,150
26-11-2025 12:19:40,26334.50,75
26-11-2025 12:19:38,26334.00,600
26-11-2025 12:19:37,26334.10,525
26-11-2025 12:19:35,26334.10,1050
26-11-2025 12:19:34,26334.50,450
26-11-2025 12:19:32,26334.40,75
26-11-2025 12:19:30,26334.20,600
26-11-2025 12:19:29,26334.90,75
26-11-2025 12:19:27,26334.90,1500
26-11-2025 12:19:25,26334.80,2850
26-11-2025 12:19:24,26333.40,1500
26-11-2025 12:19:22,26333.00,1050
26-11-2025 12:19:20,26333.10,525
26-11-2025 12:19:18,26333.40,75
26-11-2025 12:19:17,26333.50,825
26-11-2025 12:19:15,26333.50,300
26-11-2025 12:19:14,26333.50,225
26-11-2025 12:19:12,26333.80,375
26-11-2025 12:19:10,26333.80,300
26-11-2025 12:19:09,26334.30,75
26-11-2025 12:19:07,26333.90,750
26-11-2025 12:19:05,26335.50,600
26-11-2025 12:19:04,26333.90,150
26-11-2025 12:19:00,26334.20,450
26-11-2025 12:18:59,26335.00,750
26-11-2025 12:18:57,26334.20,1875
26-11-2025 12:18:55,26333.50,375
26-11-2025 12:18:54,26334.50,75
26-11-2025 12:18:52,26334.50,150
26-11-2025 12:18:50,26334.70,150
26-11-2025 12:18:49,26334.90,750
26-11-2025 12:18:45,26335.50,750
26-11-2025 12:18:42,26336.10,525
26-11-2025 12:18:41,26336.10,225
26-11-2025 12:18:39,26337.00,675
26-11-2025 12:18:36,26335.90,75
26-11-2025 12:18:31,26336.60,75
26-11-2025 12:18:29,26336.90,225
26-11-2025 12:18:27,26336.90,75
26-11-2025 12:18:24,26338.10,375
26-11-2025 12:18:22,26335.20,1200
26-11-2025 12:18:21,26335.20,1725
26-11-2025 12:18:19,26335.50,1950
26-11-2025 12:18:17,26335.40,5625
26-11-2025 12:18:16,26338.20,450
26-11-2025 12:18:06,26340.20,75
26-11-2025 12:18:04,26344.00,750
26-11-2025 12:18:03,26343.80,675
26-11-2025 12:17:59,26336.00,450
26-11-2025 12:17:58,26339.00,300
26-11-2025 12:17:53,26336.20,225
26-11-2025 12:17:51,26339.00,300
26-11-2025 12:17:50,26341.30,75
26-11-2025 12:17:48,26341.00,75
26-11-2025 12:17:45,26339.00,150
26-11-2025 12:17:43,26340.00,75
26-11-2025 12:17:42,26336.50,675
26-11-2025 12:17:40,26339.00,450
26-11-2025 12:17:39,26339.00,300
26-11-2025 12:17:34,26339.60,75
26-11-2025 12:17:32,26344.00,75
26-11-2025 12:17:31,26343.80,675
26-11-2025 12:17:29,26339.90,225
26-11-2025 12:17:27,26339.90,900
26-11-2025 12:17:26,26340.80,300
26-11-2025 12:17:24,26340.00,150
26-11-2025 12:17:19,26340.00,225
26-11-2025 12:17:17,26343.90,150
26-11-2025 12:17:16,26341.00,825
26-11-2025 12:17:14,26343.80,75
26-11-2025 12:17:11,26341.00,150
26-11-2025 12:17:09,26343.60,1050
26-11-2025 12:17:08,26341.00,2475
26-11-2025 12:17:06,26342.00,75
26-11-2025 12:17:04,26341.00,150
26-11-2025 12:17:00,26341.00,300
26-11-2025 12:16:58,26344.00,1950
26-11-2025 12:16:56,26341.00,525
26-11-2025 12:16:55,26341.00,225
26-11-2025 12:16:53,26341.00,75
26-11-2025 12:16:51,26342.50,75
26-11-2025 12:16:50,26341.00,150
26-11-2025 12:16:48,26341.00,150
26-11-2025 12:16:46,26341.90,75
26-11-2025 12:16:45,26341.00,150
26-11-2025 12:16:43,26343.00,225
26-11-2025 12:16:42,26342.00,75
26-11-2025 12:16:40,26343.00,225
26-11-2025 12:16:38,26342.60,75
26-11-2025 12:16:35,26341.00,750
26-11-2025 12:16:33,26341.00,225
26-11-2025 12:16:32,26343.00,450
26-11-2025 12:16:30,26343.00,150
26-11-2025 12:16:27,26343.00,75
26-11-2025 12:16:25,26342.00,300
26-11-2025 12:16:24,26343.00,225
26-11-2025 12:16:22,26343.00,150
26-11-2025 12:16:20,26343.00,150
26-11-2025 12:16:19,26343.00,150
26-11-2025 12:16:17,26341.00,675
26-11-2025 12:16:14,26343.00,150
26-11-2025 12:16:11,26341.00,75
26-11-2025 12:16:09,26343.00,75
26-11-2025 12:16:07,26343.00,150
26-11-2025 12:16:06,26342.50,375
26-11-2025 12:16:04,26340.00,300
26-11-2025 12:15:59,26343.00,225
26-11-2025 12:15:56,26340.00,150
26-11-2025 12:15:53,26342.50,75
26-11-2025 12:15:49,26342.40,300
26-11-2025 12:15:46,26342.00,150
26-11-2025 12:15:44,26342.00,150
26-11-2025 12:15:43,26342.00,600
26-11-2025 12:15:41,26342.00,375
26-11-2025 12:15:40,26342.00,600
26-11-2025 12:15:38,26341.00,75
26-11-2025 12:15:36,26342.00,75
26-11-2025 12:15:35,26341.60,150
26-11-2025 12:15:33,26341.60,1200
26-11-2025 12:15:31,26342.00,150
26-11-2025 12:15:30,26342.00,150
26-11-2025 12:15:28,26342.00,150
26-11-2025 12:15:26,26342.00,225
26-11-2025 12:15:25,26341.60,150
26-11-2025 12:15:21,26341.20,225
26-11-2025 12:15:18,26341.00,300
26-11-2025 12:15:16,26340.00,75
26-11-2025 12:15:15,26341.00,225
26-11-2025 12:15:13,26340.00,75
26-11-2025 12:15:12,26340.00,150
26-11-2025 12:15:10,26340.00,75
26-11-2025 12:15:07,26339.90,375
26-11-2025 12:15:05,26340.00,225
26-11-2025 12:15:03,26339.50,225
26-11-2025 12:15:02,26339.00,375
26-11-2025 12:15:00,26339.50,75
26-11-2025 12:14:58,26339.40,150
26-11-2025 12:14:57,26339.50,225
26-11-2025 12:14:55,26339.50,225
26-11-2025 12:14:53,26339.00,525
26-11-2025 12:14:52,26339.50,75
26-11-2025 12:14:50,26339.50,975
26-11-2025 12:14:46,26339.30,150
26-11-2025 12:14:43,26339.40,75
26-11-2025 12:14:35,26339.00,150
26-11-2025 12:14:33,26339.00,150
26-11-2025 12:14:31,26339.50,75
26-11-2025 12:14:28,26339.90,75
26-11-2025 12:14:26,26339.50,75
26-11-2025 12:14:23,26339.00,75
26-11-2025 12:14:20,26341.50,300
26-11-2025 12:14:18,26339.50,150
26-11-2025 12:14:16,26340.20,75
26-11-2025 12:14:13,26340.00,75
26-11-2025 12:14:12,26340.20,75
26-11-2025 12:14:08,26340.20,150
26-11-2025 12:14:05,26340.70,150
26-11-2025 12:13:58,26341.90,150
26-11-2025 12:13:55,26342.00,75
26-11-2025 12:13:53,26342.00,75
26-11-2025 12:13:52,26341.70,75
26-11-2025 12:13:50,26341.80,75
26-11-2025 12:13:48,26342.00,525
26-11-2025 12:13:47,26342.00,300
26-11-2025 12:13:45,26342.00,525
26-11-2025 12:13:43,26342.00,3450
26-11-2025 12:13:42,26340.00,150
26-11-2025 12:13:39,26339.90,150
26-11-2025 12:13:35,26340.00,225
26-11-2025 12:13:32,26339.00,75
26-11-2025 12:13:30,26339.50,225
26-11-2025 12:13:27,26340.00,75
26-11-2025 12:13:25,26340.00,225
26-11-2025 12:13:24,26340.00,525
26-11-2025 12:13:22,26340.00,150
26-11-2025 12:13:20,26339.90,150
26-11-2025 12:13:19,26340.00,225
26-11-2025 12:13:17,26340.00,225
26-11-2025 12:13:15,26339.90,75
26-11-2025 12:13:14,26340.00,375
26-11-2025 12:13:12,26340.00,75
26-11-2025 12:13:10,26340.00,150
26-11-2025 12:13:09,26340.10,750
26-11-2025 12:13:07,26339.50,525
26-11-2025 12:13:04,26339.40,225
26-11-2025 12:13:02,26340.00,75
26-11-2025 12:13:00,26339.50,150
26-11-2025 12:12:59,26339.50,150
26-11-2025 12:12:57,26340.00,75
26-11-2025 12:12:55,26339.50,150
26-11-2025 12:12:54,26339.50,150
26-11-2025 12:12:52,26340.00,150
26-11-2025 12:12:49,26339.70,75
26-11-2025 12:12:47,26339.50,150
26-11-2025 12:12:45,26340.00,300
26-11-2025 12:12:42,26340.00,675
26-11-2025 12:12:41,26339.50,300
26-11-2025 12:12:39,26339.70,75
26-11-2025 12:12:37,26339.50,825
26-11-2025 12:12:35,26339.50,75
26-11-2025 12:12:31,26339.50,300
26-11-2025 12:12:29,26339.70,75
26-11-2025 12:12:27,26340.00,150
26-11-2025 12:12:25,26340.00,75
26-11-2025 12:12:21,26340.00,300
26-11-2025 12:12:19,26340.00,450
26-11-2025 12:12:17,26339.50,1050
26-11-2025 12:12:14,26339.50,150
26-11-2025 12:12:12,26340.00,525
26-11-2025 12:12:11,26339.70,150
26-11-2025 12:12:09,26340.00,1350
26-11-2025 12:12:07,26340.10,75
26-11-2025 12:12:04,26341.00,150
26-11-2025 12:11:59,26341.00,75
26-11-2025 12:11:58,26341.00,75
26-11-2025 12:11:53,26342.00,75
26-11-2025 12:11:51,26342.00,225
26-11-2025 12:11:46,26341.00,75
26-11-2025 12:11:43,26341.00,150
26-11-2025 12:11:36,26344.00,75
26-11-2025 12:11:35,26344.00,225
26-11-2025 12:11:33,26344.70,150
26-11-2025 12:11:32,26341.30,600
26-11-2025 12:11:30,26344.00,75
26-11-2025 12:11:28,26342.00,150
26-11-2025 12:11:27,26343.50,150
26-11-2025 12:11:23,26344.00,150
26-11-2025 12:11:22,26341.30,225
26-11-2025 12:11:20,26341.30,225
26-11-2025 12:11:18,26341.40,75
26-11-2025 12:11:15,26340.20,75
26-11-2025 12:11:14,26344.00,75
26-11-2025 12:11:10,26340.90,525
26-11-2025 12:11:07,26341.30,225
26-11-2025 12:11:04,26342.00,75
26-11-2025 12:11:01,26340.10,150
26-11-2025 12:10:59,26340.10,300
26-11-2025 12:10:57,26340.20,75
26-11-2025 12:10:56,26343.00,375
26-11-2025 12:10:54,26342.50,75
26-11-2025 12:10:52,26341.00,825
26-11-2025 12:10:51,26343.50,150
26-11-2025 12:10:49,26343.00,75
26-11-2025 12:10:46,26343.00,150
26-11-2025 12:10:43,26342.00,75
26-11-2025 12:10:41,26340.00,975
26-11-2025 12:10:39,26342.00,75
26-11-2025 12:10:38,26342.00,75
26-11-2025 12:10:36,26344.00,75
26-11-2025 12:10:33,26342.00,75
26-11-2025 12:10:31,26345.00,675
26-11-2025 12:10:30,26340.00,975
26-11-2025 12:10:28,26344.00,150
26-11-2025 12:10:26,26344.00,225
26-11-2025 12:10:25,26344.00,600
26-11-2025 12:10:23,26345.00,750
26-11-2025 12:10:22,26340.80,75
26-11-2025 12:10:20,26344.20,600
26-11-2025 12:10:18,26341.50,75
26-11-2025 12:10:17,26340.10,225
26-11-2025 12:10:15,26341.00,75
26-11-2025 12:10:13,26341.10,75
26-11-2025 12:10:12,26341.00,75
26-11-2025 12:10:10,26340.20,150
26-11-2025 12:10:08,26344.00,75
26-11-2025 12:10:07,26340.30,150
26-11-2025 12:10:05,26341.00,150
26-11-2025 12:10:03,26342.00,75
26-11-2025 12:10:02,26342.70,750
26-11-2025 12:10:00,26343.00,300
26-11-2025 12:09:57,26340.00,600
26-11-2025 12:09:55,26344.00,225
26-11-2025 12:09:53,26340.10,225
26-11-2025 12:09:52,26344.00,150
26-11-2025 12:09:50,26344.00,450
26-11-2025 12:09:48,26343.30,150
26-11-2025 12:09:47,26343.30,225
26-11-2025 12:09:45,26340.00,75
26-11-2025 12:09:42,26340.00,225
26-11-2025 12:09:39,26340.00,150
26-11-2025 12:09:37,26340.10,75
26-11-2025 12:09:35,26340.10,225
26-11-2025 12:09:34,26340.10,150
26-11-2025 12:09:32,26340.00,150
26-11-2025 12:09:30,26340.10,75
26-11-2025 12:09:29,26340.00,150
26-11-2025 12:09:27,26340.00,675
26-11-2025 12:09:25,26340.00,450
26-11-2025 12:09:24,26340.10,75
26-11-2025 12:09:22,26340.10,75
26-11-2025 12:09:19,26340.10,375
26-11-2025 12:09:17,26344.00,75
26-11-2025 12:09:14,26344.50,525
26-11-2025 12:09:12,26343.80,225
26-11-2025 12:09:10,26343.90,300
26-11-2025 12:09:09,26340.00,150
26-11-2025 12:09:07,26344.00,300
26-11-2025 12:09:04,26340.10,525
26-11-2025 12:09:02,26341.10,150
26-11-2025 12:09:01,26343.40,375
26-11-2025 12:08:59,26340.10,150
26-11-2025 12:08:57,26340.10,150
26-11-2025 12:08:56,26340.10,150
26-11-2025 12:08:54,26340.10,300
26-11-2025 12:08:52,26340.10,300
26-11-2025 12:08:51,26341.50,75
26-11-2025 12:08:49,26342.20,900
26-11-2025 12:08:47,26340.20,225
26-11-2025 12:08:46,26342.10,525
26-11-2025 12:08:44,26342.30,1200
26-11-2025 12:08:42,26341.50,225
26-11-2025 12:08:39,26342.00,150
26-11-2025 12:08:37,26342.80,1050
26-11-2025 12:08:36,26341.50,150
26-11-2025 12:08:34,26341.60,825
26-11-2025 12:08:32,26342.70,1800
26-11-2025 12:08:31,26342.30,525
26-11-2025 12:08:27,26343.40,1350
26-11-2025 12:08:26,26343.20,3300
26-11-2025 12:08:24,26345.30,1200
26-11-2025 12:08:22,26344.00,1425
26-11-2025 12:08:21,26345.00,2850
26-11-2025 12:08:19,26345.00,1200
26-11-2025 12:08:18,26345.00,1725
26-11-2025 12:08:16,26342.00,450
26-11-2025 12:08:14,26345.00,2175
26-11-2025 12:08:11,26340.30,225
26-11-2025 12:08:10,26344.70,1
26-11-2025 12:08:10,26340.00,825
26-11-2025 12:08:08,26344.60,1
26-11-2025 12:08:08,26340.30,5550
26-11-2025 12:08:06,26340.00,5625
26-11-2025 12:08:05,26340.00,150
26-11-2025 12:08:03,26340.00,2175
26-11-2025 12:08:01,26339.00,225
26-11-2025 12:08:00,26338.90,75
26-11-2025 12:07:58,26339.00,150
26-11-2025 12:07:56,26339.00,750
26-11-2025 12:07:55,26338.80,1200
26-11-2025 12:07:53,26337.70,600
26-11-2025 12:07:51,26335.30,75
26-11-2025 12:07:50,26333.20,75
26-11-2025 12:07:45,26333.80,450
26-11-2025 12:07:43,26337.00,75
26-11-2025 12:07:41,26337.70,150
26-11-2025 12:07:38,26333.30,300
26-11-2025 12:07:36,26337.70,75
26-11-2025 12:07:35,26336.40,75
26-11-2025 12:07:31,26332.70,1800
26-11-2025 12:07:30,26337.70,525
26-11-2025 12:07:28,26336.30,150
26-11-2025 12:07:26,26337.70,600
26-11-2025 12:07:25,26336.30,75
26-11-2025 12:07:23,26337.60,150
26-11-2025 12:07:21,26336.30,225
26-11-2025 12:07:18,26337.70,450
26-11-2025 12:07:16,26336.50,300
26-11-2025 12:07:15,26337.60,1875
26-11-2025 12:07:13,26336.50,225
26-11-2025 12:07:11,26336.30,225
26-11-2025 12:07:10,26336.50,600
26-11-2025 12:07:08,26336.00,750
26-11-2025 12:07:03,26336.30,150
26-11-2025 12:07:01,26336.30,375
26-11-2025 12:07:00,26336.90,600
26-11-2025 12:06:58,26337.90,1
26-11-2025 12:06:58,26338.20,6150
26-11-2025 12:06:56,26336.30,150
26-11-2025 12:06:55,26336.30,675
26-11-2025 12:06:53,26336.10,225
26-11-2025 12:06:51,26336.00,150
26-11-2025 12:06:50,26336.00,375
26-11-2025 12:06:48,26336.00,525
26-11-2025 12:06:46,26335.80,750
26-11-2025 12:06:45,26335.70,375
26-11-2025 12:06:43,26335.20,75
26-11-2025 12:06:42,26335.00,150
26-11-2025 12:06:40,26335.00,675
26-11-2025 12:06:39,26334.90,600
26-11-2025 12:06:37,26334.60,450
26-11-2025 12:06:35,26334.30,750
26-11-2025 12:06:34,26333.50,225
26-11-2025 12:06:32,26334.50,450
26-11-2025 12:06:31,26334.50,375
26-11-2025 12:06:29,26334.50,75
26-11-2025 12:06:25,26333.70,225
26-11-2025 12:06:21,26333.00,75
26-11-2025 12:06:16,26333.00,75
26-11-2025 12:06:14,26333.40,225
26-11-2025 12:06:13,26333.90,225
26-11-2025 12:06:11,26335.00,225
26-11-2025 12:06:10,26333.00,600
26-11-2025 12:06:08,26334.80,225
26-11-2025 12:06:06,26334.70,525
26-11-2025 12:06:05,26334.50,2325
26-11-2025 12:06:03,26334.90,1200
26-11-2025 12:06:01,26334.90,1050
26-11-2025 12:06:00,26333.00,750
26-11-2025 12:05:58,26335.10,1125
26-11-2025 12:05:57,26335.00,300
26-11-2025 12:05:55,26335.00,225
26-11-2025 12:05:53,26335.00,375
26-11-2025 12:05:52,26334.70,300
26-11-2025 12:05:49,26334.70,525
26-11-2025 12:05:47,26335.20,225
26-11-2025 12:05:45,26335.20,75
26-11-2025 12:05:44,26335.20,300
26-11-2025 12:05:42,26335.60,225
26-11-2025 12:05:41,26335.60,525
26-11-2025 12:05:39,26335.80,825
26-11-2025 12:05:37,26335.90,300
26-11-2025 12:05:36,26335.80,900
26-11-2025 12:05:34,26335.60,225
26-11-2025 12:05:33,26336.00,1575
26-11-2025 12:05:31,26336.00,1050
26-11-2025 12:05:29,26336.20,1
26-11-2025 12:05:29,26336.10,1200
26-11-2025 12:05:28,26335.10,900
26-11-2025 12:05:26,26335.50,525
26-11-2025 12:05:24,26335.40,825
26-11-2025 12:05:23,26335.00,975
26-11-2025 12:05:21,26335.10,1125
26-11-2025 12:05:20,26335.00,825
26-11-2025 12:05:18,26335.70,900
26-11-2025 12:05:16,26335.70,975
26-11-2025 12:05:15,26336.00,1125
26-11-2025 12:05:13,26335.70,1050
26-11-2025 12:05:11,26335.70,1950
26-11-2025 12:05:10,26335.70,1725
26-11-2025 12:05:08,26335.90,1
26-11-2025 12:05:08,26335.80,1350
26-11-2025 12:05:06,26335.70,1125
26-11-2025 12:05:05,26335.60,525
26-11-2025 12:05:03,26335.70,1
26-11-2025 12:05:03,26335.60,750
26-11-2025 12:05:02,26335.60,1350
26-11-2025 12:05:00,26335.10,750
26-11-2025 12:04:58,26335.40,1
26-11-2025 12:04:58,26335.50,975
26-11-2025 12:04:57,26335.40,750
26-11-2025 12:04:55,26335.00,1800
26-11-2025 12:04:53,26335.10,1050
26-11-2025 12:04:52,26335.30,1
26-11-2025 12:04:52,26335.00,1275
26-11-2025 12:04:50,26335.00,525
26-11-2025 12:04:48,26335.00,1050
26-11-2025 12:04:47,26334.70,600
26-11-2025 12:04:45,26333.40,1500
26-11-2025 12:04:43,26334.60,225
26-11-2025 12:04:42,26334.50,375
26-11-2025 12:04:40,26334.00,225
26-11-2025 12:04:38,26333.00,375
26-11-2025 12:04:37,26333.00,300
26-11-2025 12:04:35,26330.60,225
26-11-2025 12:04:33,26330.80,375
26-11-2025 12:04:32,26332.30,300
26-11-2025 12:04:30,26332.30,600
26-11-2025 12:04:28,26331.80,750
26-11-2025 12:04:27,26332.30,825
26-11-2025 12:04:25,26332.60,975
26-11-2025 12:04:23,26330.00,975
26-11-2025 12:04:22,26333.30,1050
26-11-2025 12:04:20,26332.20,150
26-11-2025 12:04:18,26333.60,900
26-11-2025 12:04:17,26330.00,825
26-11-2025 12:04:15,26333.10,75
26-11-2025 12:04:14,26333.30,75
26-11-2025 12:04:12,26330.00,825
26-11-2025 12:04:10,26333.70,75
26-11-2025 12:04:08,26332.30,150
26-11-2025 12:04:07,26332.50,75
26-11-2025 12:04:05,26331.10,225
26-11-2025 12:04:03,26332.60,75
26-11-2025 12:04:02,26332.50,2250
26-11-2025 12:04:00,26332.40,1275
26-11-2025 12:03:58,26333.00,6300
26-11-2025 12:03:57,26334.50,2475
26-11-2025 12:03:55,26335.00,975
26-11-2025 12:03:53,26335.00,975
26-11-2025 12:03:52,26334.50,1350
26-11-2025 12:03:50,26334.60,3675
26-11-2025 12:03:48,26335.10,1
26-11-2025 12:03:48,26334.80,2625
26-11-2025 12:03:47,26335.00,1
26-11-2025 12:03:47,26334.90,3075
26-11-2025 12:03:45,26334.20,1200
26-11-2025 12:03:44,26333.80,2100
26-11-2025 12:03:42,26333.40,4725
26-11-2025 12:03:40,26331.00,4275
26-11-2025 12:03:39,26331.80,975
26-11-2025 12:03:37,26331.10,1500
26-11-2025 12:03:35,26332.00,1200
26-11-2025 12:03:34,26332.70,825
26-11-2025 12:03:32,26332.50,675
26-11-2025 12:03:30,26332.00,300
26-11-2025 12:03:29,26331.40,525
26-11-2025 12:03:27,26331.90,825
26-11-2025 12:03:25,26331.10,150
26-11-2025 12:03:24,26333.00,375
26-11-2025 12:03:22,26331.50,525
26-11-2025 12:03:20,26331.00,900
26-11-2025 12:03:19,26334.00,1
26-11-2025 12:03:19,26334.90,4575
26-11-2025 12:03:17,26332.00,750
26-11-2025 12:03:15,26332.00,1125
26-11-2025 12:03:14,26331.00,975
26-11-2025 12:03:12,26331.00,900
26-11-2025 12:03:11,26331.00,300
26-11-2025 12:03:09,26331.00,300
26-11-2025 12:03:07,26331.00,1875
26-11-2025 12:03:06,26330.00,1275
26-11-2025 12:03:04,26330.00,2100
26-11-2025 12:03:02,26330.00,1125
26-11-2025 12:03:01,26330.00,2925
26-11-2025 12:02:59,26330.00,6825
26-11-2025 12:02:57,26329.00,900
26-11-2025 12:02:56,26328.60,375
26-11-2025 12:02:54,26327.00,1500
26-11-2025 12:02:52,26327.00,225
26-11-2025 12:02:51,26327.00,450
26-11-2025 12:02:49,26327.00,375
26-11-2025 12:02:47,26327.00,225
26-11-2025 12:02:46,26327.00,900
26-11-2025 12:02:44,26326.60,225
26-11-2025 12:02:42,26324.00,225
26-11-2025 12:02:41,26326.40,600
26-11-2025 12:02:39,26324.00,75
26-11-2025 12:02:38,26325.00,450
26-11-2025 12:02:36,26326.00,300
26-11-2025 12:02:34,26326.00,300
26-11-2025 12:02:33,26326.00,450
26-11-2025 12:02:31,26326.00,225
26-11-2025 12:02:29,26326.00,375
26-11-2025 12:02:21,26326.00,225
26-11-2025 12:02:19,26326.00,150
26-11-2025 12:02:18,26325.10,75
26-11-2025 12:02:16,26325.00,225
26-11-2025 12:02:14,26325.10,675
26-11-2025 12:02:13,26322.10,75
26-11-2025 12:02:11,26322.80,75
26-11-2025 12:02:09,26322.60,75
26-11-2025 12:02:08,26323.90,150
26-11-2025 12:02:06,26321.70,300
26-11-2025 12:02:04,26321.60,300
26-11-2025 12:02:03,26325.00,300
26-11-2025 12:02:01,26322.50,300
26-11-2025 12:01:59,26325.00,2475
26-11-2025 12:01:58,26320.80,300
26-11-2025 12:01:56,26320.50,1350
26-11-2025 12:01:55,26319.30,675
26-11-2025 12:01:53,26319.60,2400
26-11-2025 12:01:51,26318.70,2100
26-11-2025 12:01:50,26318.50,2400
26-11-2025 12:01:48,26318.20,3000
26-11-2025 12:01:46,26319.00,3750
26-11-2025 12:01:45,26318.70,1875
26-11-2025 12:01:43,26319.70,1650
26-11-2025 12:01:41,26320.00,1575
26-11-2025 12:01:40,26320.00,1650
26-11-2025 12:01:38,26320.40,1800
26-11-2025 12:01:36,26321.30,1500
26-11-2025 12:01:35,26321.00,975
26-11-2025 12:01:33,26321.50,3000
26-11-2025 12:01:31,26320.80,900
26-11-2025 12:01:30,26320.70,975
26-11-2025 12:01:28,26321.30,525
26-11-2025 12:01:26,26321.60,975
26-11-2025 12:01:25,26325.00,600
26-11-2025 12:01:23,26325.00,975
26-11-2025 12:01:21,26324.10,150
26-11-2025 12:01:20,26321.10,450
26-11-2025 12:01:18,26325.00,75
26-11-2025 12:01:16,26322.00,450
26-11-2025 12:01:15,26325.00,1650
26-11-2025 12:01:11,26327.00,225
26-11-2025 12:01:08,26327.90,150
26-11-2025 12:01:07,26327.40,75
26-11-2025 12:01:05,26327.80,3375
26-11-2025 12:01:03,26329.00,600
26-11-2025 12:01:01,26328.90,375
26-11-2025 12:01:00,26327.90,150
26-11-2025 12:00:56,26327.80,75
26-11-2025 12:00:53,26327.80,150
26-11-2025 12:00:51,26328.90,75
26-11-2025 12:00:50,26328.90,75
26-11-2025 12:00:48,26328.90,375
26-11-2025 12:00:46,26328.80,600
26-11-2025 12:00:41,26328.80,375
26-11-2025 12:00:38,26327.60,225
26-11-2025 12:00:35,26327.20,1800
26-11-2025 12:00:33,26327.20,150
26-11-2025 12:00:28,26327.10,375
26-11-2025 12:00:26,26327.30,75
26-11-2025 12:00:25,26328.90,150
26-11-2025 12:00:23,26328.80,75
26-11-2025 12:00:21,26328.90,225
26-11-2025 12:00:20,26328.80,75
26-11-2025 12:00:18,26328.80,75
26-11-2025 12:00:17,26325.00,150
26-11-2025 12:00:15,26328.10,225
26-11-2025 12:00:12,26328.90,75
26-11-2025 12:00:10,26328.90,150
26-11-2025 12:00:10,26328.90,900
26-11-2025 12:00:07,26328.90,375
26-11-2025 12:00:06,26328.70,150
26-11-2025 12:00:02,26328.90,5625
26-11-2025 12:00:00,26328.90,825
26-11-2025 11:59:57,26328.90,375
26-11-2025 11:59:55,26326.90,75
26-11-2025 11:59:53,26328.80,450
26-11-2025 11:59:52,26328.80,675
26-11-2025 11:59:50,26328.90,225
26-11-2025 11:59:48,26328.80,150
26-11-2025 11:59:47,26328.80,225
26-11-2025 11:59:45,26328.90,75
26-11-2025 11:59:43,26329.00,600
26-11-2025 11:59:42,26329.00,525
26-11-2025 11:59:40,26329.00,4200
26-11-2025 11:59:38,26328.00,900
26-11-2025 11:59:37,26326.70,3225
26-11-2025 11:59:35,26325.00,1425
26-11-2025 11:59:33,26325.00,3225
26-11-2025 11:59:32,26325.00,2850
26-11-2025 11:59:30,26325.00,225
26-11-2025 11:59:28,26325.00,375
26-11-2025 11:59:27,26325.00,75
26-11-2025 11:59:25,26324.80,300
26-11-2025 11:59:23,26325.00,75
26-11-2025 11:59:22,26325.00,1800
26-11-2025 11:59:20,26324.90,750
26-11-2025 11:59:18,26324.00,150
26-11-2025 11:59:17,26323.00,2850
26-11-2025 11:59:15,26320.60,7950
26-11-2025 11:59:13,26320.00,750
26-11-2025 11:59:10,26320.00,225
26-11-2025 11:59:08,26320.00,150
26-11-2025 11:59:07,26320.00,600
26-11-2025 11:59:05,26319.40,75
26-11-2025 11:59:03,26319.00,2700
26-11-2025 11:59:02,26319.00,75
26-11-2025 11:59:00,26317.70,75
26-11-2025 11:58:58,26319.00,150
26-11-2025 11:58:57,26317.70,75
26-11-2025 11:58:54,26319.00,150
26-11-2025 11:58:49,26319.00,150
26-11-2025 11:58:47,26318.00,150
26-11-2025 11:58:45,26318.00,225
26-11-2025 11:58:44,26318.00,75
26-11-2025 11:58:41,26318.00,825
26-11-2025 11:58:39,26317.00,75
26-11-2025 11:58:37,26317.00,75
26-11-2025 11:58:31,26316.00,300
26-11-2025 11:58:29,26315.60,300
26-11-2025 11:58:27,26315.80,2925
26-11-2025 11:58:26,26313.50,225
26-11-2025 11:58:24,26313.30,225
26-11-2025 11:58:22,26311.80,225
26-11-2025 11:58:21,26314.70,1125
26-11-2025 11:58:19,26311.50,300
26-11-2025 11:58:17,26311.90,300
26-11-2025 11:58:16,26311.90,300
26-11-2025 11:58:12,26310.50,225
26-11-2025 11:58:11,26310.30,300
26-11-2025 11:58:09,26310.00,300
26-11-2025 11:58:08,26309.90,600
26-11-2025 11:58:04,26309.60,375
26-11-2025 11:58:03,26310.00,600
26-11-2025 11:58:01,26310.00,900
26-11-2025 11:57:59,26309.90,450
26-11-2025 11:57:58,26310.00,525
26-11-2025 11:57:56,26310.00,450
26-11-2025 11:57:55,26310.00,675
26-11-2025 11:57:53,26312.30,150
26-11-2025 11:57:51,26310.00,600
26-11-2025 11:57:50,26310.00,450
26-11-2025 11:57:48,26310.70,375
26-11-2025 11:57:46,26310.30,450
26-11-2025 11:57:45,26313.50,225
26-11-2025 11:57:43,26310.30,225
26-11-2025 11:57:41,26310.30,450
26-11-2025 11:57:40,26310.60,450
26-11-2025 11:57:38,26310.60,375
26-11-2025 11:57:36,26313.20,600
26-11-2025 11:57:35,26311.00,375
26-11-2025 11:57:33,26310.50,450
26-11-2025 11:57:31,26311.00,600
26-11-2025 11:57:30,26311.00,375
26-11-2025 11:57:28,26311.00,375
26-11-2025 11:57:27,26311.00,225
26-11-2025 11:57:25,26311.00,150
26-11-2025 11:57:23,26311.00,375
26-11-2025 11:57:22,26311.00,450
26-11-2025 11:57:20,26314.60,375
26-11-2025 11:57:18,26311.20,375
26-11-2025 11:57:17,26314.90,375
26-11-2025 11:57:15,26314.60,150
26-11-2025 11:57:13,26312.00,525
26-11-2025 11:57:12,26314.00,300
26-11-2025 11:57:10,26312.00,225
26-11-2025 11:57:08,26311.60,300
26-11-2025 11:57:07,26312.00,225
26-11-2025 11:57:05,26312.00,300
26-11-2025 11:57:03,26311.60,525
26-11-2025 11:57:02,26312.00,450
26-11-2025 11:57:00,26310.80,1950
26-11-2025 11:56:58,26310.50,450
26-11-2025 11:56:57,26310.30,825
26-11-2025 11:56:55,26310.50,450
26-11-2025 11:56:53,26310.50,450
26-11-2025 11:56:52,26312.70,75
26-11-2025 11:56:50,26310.40,225
26-11-2025 11:56:48,26311.00,525
26-11-2025 11:56:47,26310.60,450
26-11-2025 11:56:45,26311.00,375
26-11-2025 11:56:43,26311.30,225
26-11-2025 11:56:42,26312.60,225
26-11-2025 11:56:40,26313.00,300
26-11-2025 11:56:38,26312.80,375
26-11-2025 11:56:37,26312.50,375
26-11-2025 11:56:35,26313.00,900
26-11-2025 11:56:33,26313.00,375
26-11-2025 11:56:30,26312.50,225
26-11-2025 11:56:29,26312.50,450
26-11-2025 11:56:27,26312.80,300
26-11-2025 11:56:25,26311.60,225
26-11-2025 11:56:24,26313.10,150
26-11-2025 11:56:22,26314.90,75
26-11-2025 11:56:20,26311.30,225
26-11-2025 11:56:19,26315.00,75
26-11-2025 11:56:10,26313.00,75
26-11-2025 11:55:54,26312.00,75
26-11-2025 11:55:42,26311.70,150
26-11-2025 11:55:38,26310.20,225
26-11-2025 11:55:34,26314.00,300
26-11-2025 11:55:23,26314.00,75
26-11-2025 11:55:21,26314.00,150
26-11-2025 11:55:13,26314.00,75
26-11-2025 11:55:10,26315.70,75
26-11-2025 11:55:07,26314.00,525
26-11-2025 11:55:05,26314.00,75
26-11-2025 11:54:59,26314.00,75
26-11-2025 11:54:57,26314.00,75
26-11-2025 11:54:55,26312.00,75
26-11-2025 11:54:44,26312.00,75
26-11-2025 11:54:39,26312.60,75
26-11-2025 11:54:38,26313.00,75
26-11-2025 11:54:36,26313.00,150
26-11-2025 11:54:34,26313.00,75
26-11-2025 11:54:31,26312.00,75
26-11-2025 11:54:21,26313.00,75
26-11-2025 11:54:16,26312.00,75
26-11-2025 11:54:12,26310.10,75
26-11-2025 11:54:10,26310.00,75
26-11-2025 11:54:07,26310.00,150
26-11-2025 11:54:04,26310.00,75
26-11-2025 11:54:00,26310.00,150
26-11-2025 11:53:57,26310.00,75
26-11-2025 11:53:50,26307.00,150
26-11-2025 11:53:47,26307.20,225
26-11-2025 11:53:45,26307.10,450
26-11-2025 11:53:44,26307.20,375
26-11-2025 11:53:42,26307.20,1125
26-11-2025 11:53:40,26306.80,225
26-11-2025 11:53:37,26305.90,1650
26-11-2025 11:53:36,26305.20,1425
26-11-2025 11:53:34,26305.40,150
26-11-2025 11:53:32,26304.90,2550
26-11-2025 11:53:30,26304.30,2625
26-11-2025 11:53:29,26304.30,2925
26-11-2025 11:53:27,26304.90,3675
26-11-2025 11:53:26,26304.70,1350
26-11-2025 11:53:24,26304.50,975
26-11-2025 11:53:22,26304.30,225
26-11-2025 11:53:21,26304.10,1275
26-11-2025 11:53:19,26304.30,825
26-11-2025 11:53:17,26304.80,1050
26-11-2025 11:53:16,26304.80,225
26-11-2025 11:53:14,26304.90,300
26-11-2025 11:53:12,26305.10,600
26-11-2025 11:53:11,26305.60,225
26-11-2025 11:53:09,26305.90,675
26-11-2025 11:53:07,26307.00,525
26-11-2025 11:53:06,26308.10,675
26-11-2025 11:53:04,26308.10,675
26-11-2025 11:53:02,26308.10,900
26-11-2025 11:53:01,26310.00,300
26-11-2025 11:52:59,26305.70,900
26-11-2025 11:52:58,26305.80,1050
26-11-2025 11:52:56,26305.90,300
26-11-2025 11:52:54,26306.10,300
26-11-2025 11:52:53,26306.00,225
26-11-2025 11:52:51,26308.10,600
26-11-2025 11:52:49,26307.00,225
26-11-2025 11:52:48,26306.60,300
26-11-2025 11:52:46,26311.00,300
26-11-2025 11:52:44,26311.00,525
26-11-2025 11:52:43,26307.90,225
26-11-2025 11:52:41,26308.00,525
26-11-2025 11:52:40,26307.70,525
26-11-2025 11:52:38,26308.00,225
26-11-2025 11:52:35,26308.40,225
26-11-2025 11:52:33,26308.10,225
26-11-2025 11:52:31,26308.40,375
26-11-2025 11:52:30,26308.60,375
26-11-2025 11:52:27,26308.20,525
26-11-2025 11:52:25,26308.40,2475
26-11-2025 11:52:23,26308.10,375
26-11-2025 11:52:22,26310.00,150
26-11-2025 11:52:20,26308.00,900
26-11-2025 11:52:18,26308.30,300
26-11-2025 11:52:17,26308.60,525
26-11-2025 11:52:15,26308.80,900
26-11-2025 11:52:14,26309.60,750
26-11-2025 11:52:12,26309.80,900
26-11-2025 11:52:10,26309.40,975
26-11-2025 11:52:09,26308.70,600
26-11-2025 11:52:07,26308.00,375
26-11-2025 11:52:05,26308.40,300
26-11-2025 11:52:04,26308.50,450
26-11-2025 11:52:02,26308.70,675
26-11-2025 11:52:01,26308.30,225
26-11-2025 11:51:59,26308.30,300
26-11-2025 11:51:57,26308.30,675
26-11-2025 11:51:56,26308.80,375
26-11-2025 11:51:54,26308.60,225
26-11-2025 11:51:52,26309.00,300
26-11-2025 11:51:51,26309.40,300
26-11-2025 11:51:49,26309.80,825
26-11-2025 11:51:47,26309.80,225
26-11-2025 11:51:46,26309.70,300
26-11-2025 11:51:44,26309.70,450
26-11-2025 11:51:42,26309.00,375
26-11-2025 11:51:41,26312.90,375
26-11-2025 11:51:39,26310.00,75
26-11-2025 11:51:37,26308.40,75
26-11-2025 11:51:36,26313.90,75
26-11-2025 11:51:26,26313.50,75
26-11-2025 11:51:24,26310.00,75
26-11-2025 11:51:21,26307.00,150
26-11-2025 11:51:16,26307.00,150
26-11-2025 11:51:14,26310.10,75
26-11-2025 11:51:13,26307.50,75
26-11-2025 11:51:11,26314.00,75
26-11-2025 11:51:09,26307.50,75
26-11-2025 11:51:08,26314.80,75
26-11-2025 11:51:04,26314.10,75
26-11-2025 11:51:00,26307.10,150
26-11-2025 11:50:56,26307.90,225
26-11-2025 11:50:54,26308.30,225
26-11-2025 11:50:50,26315.00,675
26-11-2025 11:50:45,26315.00,75
26-11-2025 11:50:43,26315.00,150
26-11-2025 11:50:41,26308.00,75
26-11-2025 11:50:40,26308.80,825
26-11-2025 11:50:38,26314.90,225
26-11-2025 11:50:36,26315.70,225
26-11-2025 11:50:35,26315.00,2400
26-11-2025 11:50:33,26315.00,225
26-11-2025 11:50:31,26316.00,375
26-11-2025 11:50:30,26316.00,825
26-11-2025 11:50:28,26315.00,225
26-11-2025 11:50:25,26315.00,300
26-11-2025 11:50:23,26312.90,825
26-11-2025 11:50:21,26315.00,75
26-11-2025 11:50:20,26309.50,75
26-11-2025 11:50:18,26315.00,75
26-11-2025 11:50:13,26308.90,150
26-11-2025 11:50:10,26310.80,600
26-11-2025 11:50:07,26309.50,225
26-11-2025 11:50:00,26313.80,75
26-11-2025 11:49:58,26310.70,300
26-11-2025 11:49:57,26308.10,900
26-11-2025 11:49:47,26309.50,150
26-11-2025 11:49:40,26310.80,75
26-11-2025 11:49:39,26308.00,300
26-11-2025 11:49:37,26314.00,150
26-11-2025 11:49:35,26314.00,300
26-11-2025 11:49:34,26315.00,75
26-11-2025 11:49:30,26311.00,225
26-11-2025 11:49:27,26312.70,450
26-11-2025 11:49:26,26311.40,375
26-11-2025 11:49:24,26311.50,75
26-11-2025 11:49:22,26310.40,750
26-11-2025 11:49:21,26310.70,225
26-11-2025 11:49:19,26311.00,825
26-11-2025 11:49:17,26310.00,2250
26-11-2025 11:49:16,26308.80,75
26-11-2025 11:49:12,26308.10,225
26-11-2025 11:49:04,26309.50,75
26-11-2025 11:49:03,26309.50,75
26-11-2025 11:49:01,26309.50,75
26-11-2025 11:48:57,26308.80,150
26-11-2025 11:48:54,26309.30,150
26-11-2025 11:48:53,26308.80,225
26-11-2025 11:48:51,26309.00,75
26-11-2025 11:48:49,26309.00,75
26-11-2025 11:48:48,26308.00,75
26-11-2025 11:48:43,26308.70,150
26-11-2025 11:48:41,26308.80,75
26-11-2025 11:48:38,26308.70,75
26-11-2025 11:48:25,26308.80,75
26-11-2025 11:48:23,26309.00,75
26-11-2025 11:48:18,26309.00,75
26-11-2025 11:48:15,26307.50,225
26-11-2025 11:48:11,26308.70,75
26-11-2025 11:48:06,26308.00,75
26-11-2025 11:48:05,26308.00,75
26-11-2025 11:48:00,26308.00,225
26-11-2025 11:47:58,26307.00,75
26-11-2025 11:47:55,26306.00,225
26-11-2025 11:47:50,26307.00,75
26-11-2025 11:47:48,26307.00,75
26-11-2025 11:47:44,26307.00,150
26-11-2025 11:47:40,26306.00,150
26-11-2025 11:47:39,26307.00,75
26-11-2025 11:47:34,26307.00,75
26-11-2025 11:47:29,26306.00,75
26-11-2025 11:47:27,26306.00,75
26-11-2025 11:47:25,26305.00,75
26-11-2025 11:47:22,26305.00,375
26-11-2025 11:47:20,26303.80,75
26-11-2025 11:47:14,26302.40,75
26-11-2025 11:47:12,26305.00,150
26-11-2025 11:47:10,26305.00,75
26-11-2025 11:47:07,26305.00,375
26-11-2025 11:47:01,26303.90,150
26-11-2025 11:46:59,26301.00,150
26-11-2025 11:46:57,26300.20,1125
26-11-2025 11:46:56,26300.00,225
26-11-2025 11:46:46,26299.00,75
26-11-2025 11:46:44,26298.10,75
26-11-2025 11:46:42,26299.70,75
26-11-2025 11:46:39,26298.00,150
26-11-2025 11:46:37,26299.70,300
26-11-2025 11:46:34,26297.70,600
26-11-2025 11:46:32,26297.30,150
26-11-2025 11:46:31,26299.50,225
26-11-2025 11:46:27,26297.30,750
26-11-2025 11:46:24,26297.30,150
26-11-2025 11:46:20,26299.70,225
26-11-2025 11:46:19,26299.70,150
26-11-2025 11:46:17,26299.70,750
26-11-2025 11:46:15,26297.00,300
26-11-2025 11:46:14,26295.60,300
26-11-2025 11:46:12,26298.00,150
26-11-2025 11:46:11,26297.00,525
26-11-2025 11:46:07,26294.50,375
26-11-2025 11:46:04,26295.00,75
26-11-2025 11:46:02,26296.00,75
26-11-2025 11:46:01,26297.00,75
26-11-2025 11:45:59,26296.00,75
26-11-2025 11:45:54,26295.00,75
26-11-2025 11:45:53,26295.00,75
26-11-2025 11:45:51,26298.00,150
26-11-2025 11:45:50,26295.00,450
26-11-2025 11:45:48,26295.90,300
26-11-2025 11:45:45,26296.00,75
26-11-2025 11:45:42,26299.00,75
26-11-2025 11:45:40,26299.00,150
26-11-2025 11:45:39,26299.00,75
26-11-2025 11:45:35,26297.00,375
26-11-2025 11:45:34,26295.00,300
26-11-2025 11:45:32,26295.00,225
26-11-2025 11:45:27,26295.00,150
26-11-2025 11:45:25,26295.00,300
26-11-2025 11:45:22,26295.00,1125
26-11-2025 11:45:20,26298.00,300
26-11-2025 11:45:19,26298.00,150
26-11-2025 11:45:17,26298.80,75
26-11-2025 11:45:16,26299.00,750
26-11-2025 11:45:12,26299.80,225
26-11-2025 11:45:11,26300.00,750
26-11-2025 11:45:09,26300.00,75
26-11-2025 11:45:07,26300.00,300
26-11-2025 11:45:05,26302.00,75
26-11-2025 11:45:02,26300.00,75
26-11-2025 11:45:01,26303.30,225
26-11-2025 11:44:59,26302.80,225
26-11-2025 11:44:57,26300.00,150
26-11-2025 11:44:56,26300.00,75
26-11-2025 11:44:52,26305.90,75
26-11-2025 11:44:49,26301.10,75
26-11-2025 11:44:44,26301.20,75
26-11-2025 11:44:43,26301.20,75
26-11-2025 11:44:36,26306.60,225
26-11-2025 11:44:34,26300.00,1050
26-11-2025 11:44:31,26307.60,300
26-11-2025 11:44:28,26300.40,525
26-11-2025 11:44:24,26300.10,225
26-11-2025 11:44:23,26300.10,150
26-11-2025 11:44:20,26300.80,75
26-11-2025 11:44:18,26305.00,75
26-11-2025 11:44:15,26304.20,150
26-11-2025 11:44:13,26307.70,600
26-11-2025 11:44:10,26304.20,75
26-11-2025 11:44:06,26300.80,525
26-11-2025 11:44:05,26301.10,600
26-11-2025 11:44:02,26301.00,1950
26-11-2025 11:44:00,26300.40,150
26-11-2025 11:43:58,26301.00,675
26-11-2025 11:43:55,26301.60,300
26-11-2025 11:43:53,26302.70,150
26-11-2025 11:43:52,26303.30,150
26-11-2025 11:43:50,26304.20,75
26-11-2025 11:43:47,26305.40,75
26-11-2025 11:43:45,26309.00,75
26-11-2025 11:43:44,26309.00,75
26-11-2025 11:43:41,26309.00,75
26-11-2025 11:43:37,26304.70,150
26-11-2025 11:43:36,26307.90,150
26-11-2025 11:43:34,26304.70,225
26-11-2025 11:43:24,26306.60,150
26-11-2025 11:43:23,26307.90,150
26-11-2025 11:43:21,26310.00,825
26-11-2025 11:43:20,26310.00,525
26-11-2025 11:43:18,26309.00,150
26-11-2025 11:43:15,26309.00,75
26-11-2025 11:43:11,26307.40,75
26-11-2025 11:43:06,26307.00,225
26-11-2025 11:43:05,26306.90,525
26-11-2025 11:43:01,26306.80,75
26-11-2025 11:43:00,26306.00,450
26-11-2025 11:42:58,26305.00,150
26-11-2025 11:42:56,26305.00,300
26-11-2025 11:42:53,26305.00,75
26-11-2025 11:42:52,26305.00,150
26-11-2025 11:42:49,26305.00,75
26-11-2025 11:42:47,26309.30,75
26-11-2025 11:42:44,26305.00,225
26-11-2025 11:42:41,26303.20,150
26-11-2025 11:42:38,26302.40,75
26-11-2025 11:42:35,26305.00,75
26-11-2025 11:42:25,26304.00,75
26-11-2025 11:42:24,26306.00,375
26-11-2025 11:42:22,26306.90,75
26-11-2025 11:42:19,26303.60,900
26-11-2025 11:42:17,26304.60,150
26-11-2025 11:42:12,26304.20,75
26-11-2025 11:42:09,26310.00,75
26-11-2025 11:42:06,26310.10,825
26-11-2025 11:42:02,26304.70,75
26-11-2025 11:42:01,26303.10,75
26-11-2025 11:41:57,26303.60,300
26-11-2025 11:41:56,26305.00,750
26-11-2025 11:41:49,26305.10,75
26-11-2025 11:41:45,26305.10,75
26-11-2025 11:41:43,26307.00,300
26-11-2025 11:41:40,26303.20,75
26-11-2025 11:41:38,26307.00,75
26-11-2025 11:41:36,26303.70,75
26-11-2025 11:41:33,26306.00,150
26-11-2025 11:41:28,26304.40,150
26-11-2025 11:41:27,26305.10,225
26-11-2025 11:41:22,26305.00,150
26-11-2025 11:41:20,26305.00,225
26-11-2025 11:41:19,26305.00,75
26-11-2025 11:41:14,26304.60,225
26-11-2025 11:41:11,26311.70,75
26-11-2025 11:41:09,26308.20,75
26-11-2025 11:41:07,26311.60,825
26-11-2025 11:41:06,26303.70,1350
26-11-2025 11:41:04,26311.30,2025
26-11-2025 11:41:02,26309.50,525
26-11-2025 11:41:01,26309.20,600
26-11-2025 11:40:57,26308.60,300
26-11-2025 11:40:56,26308.50,450
26-11-2025 11:40:54,26308.30,375
26-11-2025 11:40:53,26307.00,900
26-11-2025 11:40:49,26307.00,525
26-11-2025 11:40:48,26307.00,1425
26-11-2025 11:40:46,26308.50,1575
26-11-2025 11:40:44,26303.10,1875
26-11-2025 11:40:43,26305.00,600
26-11-2025 11:40:41,26305.00,1800
26-11-2025 11:40:39,26304.30,150
26-11-2025 11:40:38,26303.00,975
26-11-2025 11:40:36,26303.00,150
26-11-2025 11:40:35,26303.00,75
26-11-2025 11:40:33,26301.20,300
26-11-2025 11:40:30,26302.00,225
26-11-2025 11:40:28,26305.00,75
26-11-2025 11:40:25,26305.00,300
26-11-2025 11:40:21,26302.60,3450
26-11-2025 11:40:18,26302.90,375
26-11-2025 11:40:16,26303.40,150
26-11-2025 11:40:15,26306.80,75
26-11-2025 11:40:12,26304.30,900
26-11-2025 11:40:06,26304.70,150
26-11-2025 11:40:05,26304.00,75
26-11-2025 11:40:03,26304.00,150
26-11-2025 11:40:01,26305.00,150
26-11-2025 11:40:00,26303.00,450
26-11-2025 11:39:58,26303.70,75
26-11-2025 11:39:55,26304.00,150
26-11-2025 11:39:51,26304.10,525
26-11-2025 11:39:47,26306.00,300
26-11-2025 11:39:45,26304.20,150
26-11-2025 11:39:43,26306.80,150
26-11-2025 11:39:42,26306.80,75
26-11-2025 11:39:38,26305.00,900
26-11-2025 11:39:35,26305.40,150
26-11-2025 11:39:33,26306.80,75
26-11-2025 11:39:32,26306.80,150
26-11-2025 11:39:30,26305.20,150
26-11-2025 11:39:23,26306.80,225
26-11-2025 11:39:22,26305.00,75
26-11-2025 11:39:18,26306.80,75
26-11-2025 11:39:15,26306.80,375
26-11-2025 11:39:12,26307.20,150
26-11-2025 11:39:09,26307.00,75
26-11-2025 11:39:04,26310.00,75
26-11-2025 11:39:00,26304.20,375
26-11-2025 11:38:59,26305.10,75
26-11-2025 11:38:55,26304.60,75
26-11-2025 11:38:54,26310.00,75
26-11-2025 11:38:52,26306.80,150
26-11-2025 11:38:51,26304.60,150
26-11-2025 11:38:47,26306.80,900
26-11-2025 11:38:46,26309.70,150
26-11-2025 11:38:44,26310.00,525
26-11-2025 11:38:37,26304.00,150
26-11-2025 11:38:34,26305.00,300
26-11-2025 11:38:29,26305.10,150
26-11-2025 11:38:28,26305.00,600
26-11-2025 11:38:26,26305.20,75
26-11-2025 11:38:24,26307.10,75
26-11-2025 11:38:23,26306.00,375
26-11-2025 11:38:21,26305.10,75
26-11-2025 11:38:19,26305.10,150
26-11-2025 11:38:18,26307.00,150
26-11-2025 11:38:16,26305.10,450
26-11-2025 11:38:11,26308.00,75
26-11-2025 11:38:08,26308.00,225
26-11-2025 11:38:03,26310.00,225
26-11-2025 11:37:59,26308.00,825
26-11-2025 11:37:58,26310.00,450
26-11-2025 11:37:56,26309.60,75
26-11-2025 11:37:54,26310.00,375
26-11-2025 11:37:51,26310.00,225
26-11-2025 11:37:49,26310.00,150
26-11-2025 11:37:48,26311.50,75
26-11-2025 11:37:46,26313.20,75
26-11-2025 11:37:44,26310.00,75
26-11-2025 11:37:36,26310.00,75
26-11-2025 11:37:33,26314.50,150
26-11-2025 11:37:31,26312.20,75
26-11-2025 11:37:29,26310.30,600
26-11-2025 11:37:25,26314.50,75
26-11-2025 11:37:23,26314.50,75
26-11-2025 11:37:21,26312.00,75
26-11-2025 11:37:13,26311.20,75
26-11-2025 11:37:03,26311.10,75
26-11-2025 11:37:01,26313.00,75
26-11-2025 11:36:58,26315.00,75
26-11-2025 11:36:55,26311.20,150
26-11-2025 11:36:52,26313.00,150
26-11-2025 11:36:50,26315.00,225
26-11-2025 11:36:47,26315.00,225
26-11-2025 11:36:45,26312.00,75
26-11-2025 11:36:43,26315.00,75
26-11-2025 11:36:40,26311.40,150
26-11-2025 11:36:37,26314.50,300
26-11-2025 11:36:35,26315.00,225
26-11-2025 11:36:34,26314.50,150
26-11-2025 11:36:31,26311.50,75
26-11-2025 11:36:29,26314.00,75
26-11-2025 11:36:27,26314.00,150
26-11-2025 11:36:26,26315.00,225
26-11-2025 11:36:21,26314.00,150
26-11-2025 11:36:19,26314.00,300
26-11-2025 11:36:17,26315.00,75
26-11-2025 11:36:14,26314.50,75
26-11-2025 11:36:09,26314.00,75
26-11-2025 11:36:04,26315.00,150
26-11-2025 11:36:03,26314.00,75
26-11-2025 11:36:01,26311.00,375
26-11-2025 11:35:56,26314.00,75
26-11-2025 11:35:53,26311.00,150
26-11-2025 11:35:51,26311.00,75
26-11-2025 11:35:42,26311.00,75
26-11-2025 11:35:35,26312.00,75
26-11-2025 11:35:32,26313.30,75
26-11-2025 11:35:30,26316.10,150
26-11-2025 11:35:27,26312.00,150
26-11-2025 11:35:25,26315.00,150
26-11-2025 11:35:24,26312.00,75
26-11-2025 11:35:19,26316.10,75
26-11-2025 11:35:15,26315.00,750
26-11-2025 11:35:10,26318.00,150
26-11-2025 11:35:04,26317.00,225
26-11-2025 11:35:02,26317.00,75
26-11-2025 11:35:00,26316.20,75
26-11-2025 11:34:59,26315.40,150
26-11-2025 11:34:57,26317.00,225
26-11-2025 11:34:52,26315.00,150
26-11-2025 11:34:51,26317.00,75
26-11-2025 11:34:47,26316.40,75
26-11-2025 11:34:41,26317.00,75
26-11-2025 11:34:39,26316.10,75
26-11-2025 11:34:34,26317.00,150
26-11-2025 11:34:31,26315.00,1275
26-11-2025 11:34:27,26316.50,300
26-11-2025 11:34:26,26317.00,75
26-11-2025 11:34:22,26315.60,1050
26-11-2025 11:34:19,26316.40,225
26-11-2025 11:34:18,26316.40,75
26-11-2025 11:34:16,26316.20,75
26-11-2025 11:34:14,26316.10,750
26-11-2025 11:34:13,26316.10,75
26-11-2025 11:34:11,26317.00,150
26-11-2025 11:34:09,26317.00,75
26-11-2025 11:34:08,26315.40,1500
26-11-2025 11:34:06,26317.00,300
26-11-2025 11:34:03,26317.00,300
26-11-2025 11:34:01,26319.00,150
26-11-2025 11:33:59,26318.00,75
26-11-2025 11:33:58,26319.00,75
26-11-2025 11:33:56,26318.90,150
26-11-2025 11:33:51,26315.70,300
26-11-2025 11:33:46,26316.50,300
26-11-2025 11:33:45,26318.30,150
26-11-2025 11:33:41,26318.80,225
26-11-2025 11:33:38,26318.30,75
26-11-2025 11:33:35,26318.00,75
26-11-2025 11:33:33,26315.10,450
26-11-2025 11:33:28,26318.30,75
26-11-2025 11:33:27,26318.30,75
26-11-2025 11:33:25,26318.30,75
26-11-2025 11:33:20,26318.30,75
26-11-2025 11:33:15,26318.00,75
26-11-2025 11:33:14,26318.00,150
26-11-2025 11:33:10,26315.30,75
26-11-2025 11:33:09,26313.70,675
26-11-2025 11:33:02,26315.00,75
26-11-2025 11:32:57,26315.00,450
26-11-2025 11:32:55,26312.50,750
26-11-2025 11:32:47,26313.20,75
26-11-2025 11:32:44,26317.00,75
26-11-2025 11:32:42,26313.20,75
26-11-2025 11:32:36,26315.00,75
26-11-2025 11:32:34,26315.30,75
26-11-2025 11:32:32,26313.80,150
26-11-2025 11:32:31,26317.90,75
26-11-2025 11:32:24,26317.40,300
26-11-2025 11:32:23,26311.10,150
26-11-2025 11:32:19,26317.00,825
26-11-2025 11:32:18,26312.00,75
26-11-2025 11:32:16,26313.80,75
26-11-2025 11:32:08,26312.00,75
26-11-2025 11:32:03,26311.00,150
26-11-2025 11:32:01,26312.00,75
26-11-2025 11:32:00,26310.00,75
26-11-2025 11:31:55,26311.00,75
26-11-2025 11:31:44,26310.00,225
26-11-2025 11:31:40,26310.50,75
26-11-2025 11:31:39,26312.60,150
26-11-2025 11:31:37,26310.00,600
26-11-2025 11:31:36,26310.00,1200
26-11-2025 11:31:34,26311.00,75
26-11-2025 11:31:32,26311.00,75
26-11-2025 11:31:26,26311.00,75
26-11-2025 11:31:19,26313.00,75
26-11-2025 11:31:14,26313.80,150
26-11-2025 11:31:08,26313.80,75
26-11-2025 11:31:06,26312.00,150
26-11-2025 11:31:03,26315.00,150
26-11-2025 11:31:01,26312.30,75
26-11-2025 11:30:58,26313.00,75
26-11-2025 11:30:57,26312.00,150
26-11-2025 11:30:55,26313.00,150
26-11-2025 11:30:49,26312.90,150
26-11-2025 11:30:43,26313.00,75
26-11-2025 11:30:39,26315.00,300
26-11-2025 11:30:36,26317.00,75
26-11-2025 11:30:33,26315.00,75
26-11-2025 11:30:27,26318.30,75
26-11-2025 11:30:24,26312.50,75
26-11-2025 11:30:22,26313.40,75
26-11-2025 11:30:12,26317.90,300
26-11-2025 11:30:11,26318.00,225
26-11-2025 11:30:08,26316.80,300
26-11-2025 11:30:04,26315.80,525
26-11-2025 11:30:02,26316.30,750
26-11-2025 11:30:01,26314.10,75
26-11-2025 11:29:59,26315.50,4800
26-11-2025 11:29:57,26314.00,75
26-11-2025 11:29:54,26311.00,375
26-11-2025 11:29:44,26314.90,75
26-11-2025 11:29:42,26314.00,75
26-11-2025 11:29:41,26314.00,375
26-11-2025 11:29:39,26313.10,75
26-11-2025 11:29:37,26312.50,75
26-11-2025 11:29:36,26314.00,375
26-11-2025 11:29:29,26312.10,150
26-11-2025 11:29:24,26309.70,150
26-11-2025 11:29:23,26312.00,150
26-11-2025 11:29:21,26313.00,75
26-11-2025 11:29:14,26309.60,300
26-11-2025 11:29:11,26310.10,450
26-11-2025 11:29:10,26313.00,75
26-11-2025 11:29:06,26310.00,675
26-11-2025 11:29:05,26313.00,450
26-11-2025 11:29:03,26310.10,375
26-11-2025 11:28:58,26311.00,225
26-11-2025 11:28:56,26313.20,75
26-11-2025 11:28:55,26315.00,825
26-11-2025 11:28:53,26315.60,4350
26-11-2025 11:28:50,26317.30,150
26-11-2025 11:28:46,26317.50,75
26-11-2025 11:28:45,26318.30,75
26-11-2025 11:28:40,26317.70,75
26-11-2025 11:28:38,26318.00,75
26-11-2025 11:28:37,26318.90,75
26-11-2025 11:28:30,26316.10,75
26-11-2025 11:28:25,26316.00,75
26-11-2025 11:28:22,26316.00,375
26-11-2025 11:28:20,26319.90,75
26-11-2025 11:28:17,26316.00,75
26-11-2025 11:28:12,26320.00,150
26-11-2025 11:28:11,26316.00,75
26-11-2025 11:28:09,26320.00,150
26-11-2025 11:28:07,26316.10,75
26-11-2025 11:28:06,26320.00,150
26-11-2025 11:28:04,26320.00,225
26-11-2025 11:28:01,26320.00,75
26-11-2025 11:27:57,26319.90,600
26-11-2025 11:27:56,26317.00,150
26-11-2025 11:27:54,26319.00,75
26-11-2025 11:27:49,26317.00,150
26-11-2025 11:27:46,26317.00,225
26-11-2025 11:27:44,26317.10,75
26-11-2025 11:27:40,26317.50,75
26-11-2025 11:27:36,26317.50,75
26-11-2025 11:27:35,26318.60,75
26-11-2025 11:27:30,26320.00,150
26-11-2025 11:27:28,26318.10,150
26-11-2025 11:27:25,26320.00,300
26-11-2025 11:27:23,26320.00,75
26-11-2025 11:27:21,26317.40,225
26-11-2025 11:27:20,26316.80,150
26-11-2025 11:27:18,26319.10,75
26-11-2025 11:27:16,26320.00,75
26-11-2025 11:27:15,26317.50,75
26-11-2025 11:27:13,26319.00,75
26-11-2025 11:27:10,26320.00,75
26-11-2025 11:27:07,26320.00,150
26-11-2025 11:27:05,26319.50,75
26-11-2025 11:27:04,26320.00,75
26-11-2025 11:27:02,26320.00,225
26-11-2025 11:27:00,26316.00,75
26-11-2025 11:26:59,26316.20,225
26-11-2025 11:26:52,26319.50,150
26-11-2025 11:26:51,26320.00,75
26-11-2025 11:26:49,26319.90,75
26-11-2025 11:26:47,26319.50,75
26-11-2025 11:26:46,26319.50,150
26-11-2025 11:26:44,26319.50,75
26-11-2025 11:26:41,26319.00,150
26-11-2025 11:26:39,26316.10,75
26-11-2025 11:26:36,26317.50,225
26-11-2025 11:26:31,26319.00,150
26-11-2025 11:26:28,26317.50,75
26-11-2025 11:26:20,26316.00,75
26-11-2025 11:26:17,26319.00,75
26-11-2025 11:26:15,26319.00,150
26-11-2025 11:26:14,26319.00,225
26-11-2025 11:26:12,26319.00,75
26-11-2025 11:26:07,26319.00,75
26-11-2025 11:26:05,26316.00,75
26-11-2025 11:26:02,26316.10,75
26-11-2025 11:26:01,26316.00,75
26-11-2025 11:25:59,26316.10,75
26-11-2025 11:25:56,26319.00,150
26-11-2025 11:25:54,26319.10,300
26-11-2025 11:25:51,26316.10,75
26-11-2025 11:25:49,26319.00,300
26-11-2025 11:25:48,26318.80,150
26-11-2025 11:25:45,26316.20,150
26-11-2025 11:25:35,26316.00,75
26-11-2025 11:25:33,26319.80,75
26-11-2025 11:25:28,26319.80,75
26-11-2025 11:25:25,26316.00,150
26-11-2025 11:25:22,26319.80,75
26-11-2025 11:25:19,26317.50,75
26-11-2025 11:25:17,26319.10,75
26-11-2025 11:25:15,26319.00,75
26-11-2025 11:25:12,26316.00,375
26-11-2025 11:25:11,26319.00,300
26-11-2025 11:25:09,26319.00,75
26-11-2025 11:25:07,26318.20,225
26-11-2025 11:25:06,26317.00,75
26-11-2025 11:25:04,26318.00,5250
26-11-2025 11:25:01,26316.00,150
26-11-2025 11:24:59,26315.50,75
26-11-2025 11:24:56,26316.00,75
26-11-2025 11:24:53,26313.70,75
26-11-2025 11:24:51,26316.00,375
26-11-2025 11:24:49,26317.00,75
26-11-2025 11:24:46,26316.00,300
26-11-2025 11:24:43,26316.00,75
26-11-2025 11:24:41,26316.00,75
26-11-2025 11:24:35,26315.70,75
26-11-2025 11:24:33,26318.00,375
26-11-2025 11:24:30,26316.20,75
26-11-2025 11:24:25,26316.00,75
26-11-2025 11:24:23,26316.00,75
26-11-2025 11:24:18,26316.00,75
26-11-2025 11:24:12,26318.00,75
26-11-2025 11:24:08,26313.40,750
26-11-2025 11:24:07,26315.20,150
26-11-2025 11:24:05,26316.20,75
26-11-2025 11:24:00,26316.20,75
26-11-2025 11:23:59,26314.00,150
26-11-2025 11:23:57,26315.00,150
26-11-2025 11:23:55,26315.00,450
26-11-2025 11:23:53,26316.20,75
26-11-2025 11:23:50,26315.00,600
26-11-2025 11:23:48,26316.40,75
26-11-2025 11:23:42,26316.30,225
26-11-2025 11:23:39,26316.30,225
26-11-2025 11:23:37,26316.30,150
26-11-2025 11:23:35,26317.00,75
26-11-2025 11:23:34,26318.00,75
26-11-2025 11:23:31,26318.00,75
26-11-2025 11:23:27,26316.40,75
26-11-2025 11:23:26,26317.20,75
26-11-2025 11:23:18,26317.20,225
26-11-2025 11:23:14,26318.00,75
26-11-2025 11:23:11,26318.00,225
26-11-2025 11:23:08,26318.20,75
26-11-2025 11:23:06,26318.20,300
26-11-2025 11:23:01,26317.90,75
26-11-2025 11:22:53,26318.20,150
26-11-2025 11:22:50,26316.00,75
26-11-2025 11:22:48,26316.50,225
26-11-2025 11:22:42,26318.20,75
26-11-2025 11:22:40,26318.20,75
26-11-2025 11:22:35,26316.90,825
26-11-2025 11:22:33,26318.00,75
26-11-2025 11:22:30,26318.20,1125
26-11-2025 11:22:28,26320.00,75
26-11-2025 11:22:27,26317.70,675
26-11-2025 11:22:25,26318.20,75
26-11-2025 11:22:23,26320.00,75
26-11-2025 11:22:22,26319.90,300
26-11-2025 11:22:20,26320.00,150
26-11-2025 11:22:18,26317.50,150
26-11-2025 11:22:17,26317.60,75
26-11-2025 11:22:15,26318.00,150
26-11-2025 11:22:14,26320.00,150
26-11-2025 11:22:12,26320.00,75
26-11-2025 11:22:07,26319.80,75
26-11-2025 11:22:05,26320.00,75
26-11-2025 11:22:04,26319.00,450
26-11-2025 11:22:02,26320.00,600
26-11-2025 11:22:00,26319.70,450
26-11-2025 11:21:57,26318.90,675
26-11-2025 11:21:52,26320.00,150
26-11-2025 11:21:50,26320.00,2550
26-11-2025 11:21:47,26320.00,75
26-11-2025 11:21:39,26320.00,150
26-11-2025 11:21:37,26320.00,75
26-11-2025 11:21:34,26320.00,150
26-11-2025 11:21:32,26320.00,225
26-11-2025 11:21:30,26320.00,300
26-11-2025 11:21:24,26320.00,75
26-11-2025 11:21:22,26320.00,300
26-11-2025 11:21:20,26320.60,75
26-11-2025 11:21:14,26320.60,150
26-11-2025 11:21:11,26315.50,75
26-11-2025 11:21:09,26320.50,75
26-11-2025 11:21:06,26315.00,300
26-11-2025 11:21:03,26320.50,75
26-11-2025 11:21:01,26320.00,150
26-11-2025 11:20:59,26315.00,225
26-11-2025 11:20:58,26315.00,75
26-11-2025 11:20:56,26320.60,225
26-11-2025 11:20:54,26315.00,225
26-11-2025 11:20:53,26316.00,75
26-11-2025 11:20:49,26315.00,150
26-11-2025 11:20:48,26315.00,225
26-11-2025 11:20:42,26320.60,75
26-11-2025 11:20:35,26320.40,150
26-11-2025 11:20:34,26321.60,75
26-11-2025 11:20:32,26321.50,750
26-11-2025 11:20:30,26315.00,2550
26-11-2025 11:20:29,26320.00,75
26-11-2025 11:20:27,26321.60,75
26-11-2025 11:20:25,26321.80,1950
26-11-2025 11:20:24,26320.00,300
26-11-2025 11:20:20,26320.00,525
26-11-2025 11:20:19,26320.80,150
26-11-2025 11:20:17,26320.00,75
26-11-2025 11:20:15,26320.00,300
26-11-2025 11:20:14,26321.00,225
26-11-2025 11:20:09,26321.00,75
26-11-2025 11:20:07,26321.00,225
26-11-2025 11:20:00,26322.70,150
26-11-2025 11:19:59,26321.00,150
26-11-2025 11:19:57,26323.50,675
26-11-2025 11:19:55,26323.50,450
26-11-2025 11:19:54,26323.60,150
26-11-2025 11:19:52,26323.60,75
26-11-2025 11:19:50,26323.00,1200
26-11-2025 11:19:45,26323.60,75
26-11-2025 11:19:40,26323.00,75
26-11-2025 11:19:37,26324.70,1125
26-11-2025 11:19:35,26322.00,300
26-11-2025 11:19:34,26324.00,75
26-11-2025 11:19:32,26324.00,375
26-11-2025 11:19:30,26324.00,150
26-11-2025 11:19:29,26324.00,225
26-11-2025 11:19:25,26323.00,75
26-11-2025 11:19:24,26324.00,75
26-11-2025 11:19:22,26324.00,300
26-11-2025 11:19:20,26323.00,150
26-11-2025 11:19:19,26323.00,375
26-11-2025 11:19:17,26324.00,675
26-11-2025 11:19:15,26323.00,75
26-11-2025 11:19:14,26322.00,150
26-11-2025 11:19:10,26323.00,375
26-11-2025 11:19:09,26321.10,75
26-11-2025 11:19:07,26322.80,1875
26-11-2025 11:19:05,26321.00,75
26-11-2025 11:19:04,26323.20,600
26-11-2025 11:19:02,26321.00,825
26-11-2025 11:19:00,26322.00,75
26-11-2025 11:18:59,26321.00,825
26-11-2025 11:18:57,26322.00,75
26-11-2025 11:18:55,26321.00,300
26-11-2025 11:18:54,26321.20,75
26-11-2025 11:18:52,26321.00,1050
26-11-2025 11:18:50,26320.00,1125
26-11-2025 11:18:49,26321.30,150
26-11-2025 11:18:46,26322.00,675
26-11-2025 11:18:44,26322.00,150
26-11-2025 11:18:42,26321.00,75
26-11-2025 11:18:39,26321.00,225
26-11-2025 11:18:36,26320.00,825
26-11-2025 11:18:34,26322.00,300
26-11-2025 11:18:32,26321.00,975
26-11-2025 11:18:31,26320.00,150
26-11-2025 11:18:29,26319.00,1650
26-11-2025 11:18:27,26320.00,2325
26-11-2025 11:18:26,26320.00,150
26-11-2025 11:18:22,26318.10,75
26-11-2025 11:18:21,26320.00,75
26-11-2025 11:18:19,26318.00,75
26-11-2025 11:18:17,26320.00,900
26-11-2025 11:18:16,26315.30,1200
26-11-2025 11:18:12,26318.00,75
26-11-2025 11:18:11,26315.00,150
26-11-2025 11:18:08,26318.00,75
26-11-2025 11:18:03,26314.90,75
26-11-2025 11:17:58,26314.70,75
26-11-2025 11:17:56,26314.90,225
26-11-2025 11:17:55,26319.20,450
26-11-2025 11:17:51,26313.60,75
26-11-2025 11:17:50,26318.60,225
26-11-2025 11:17:45,26315.00,150
26-11-2025 11:17:42,26318.00,300
26-11-2025 11:17:37,26318.00,450
26-11-2025 11:17:35,26315.00,225
26-11-2025 11:17:33,26316.00,75
26-11-2025 11:17:30,26315.00,75
26-11-2025 11:17:29,26315.00,75
26-11-2025 11:17:25,26312.10,150
26-11-2025 11:17:24,26314.00,75
26-11-2025 11:17:19,26312.00,75
26-11-2025 11:17:17,26311.50,150
26-11-2025 11:17:16,26314.00,75
26-11-2025 11:17:14,26314.00,75
26-11-2025 11:17:12,26318.30,150
26-11-2025 11:17:11,26311.20,150
26-11-2025 11:17:09,26311.30,525
26-11-2025 11:17:08,26311.70,450
26-11-2025 11:17:04,26319.00,150
26-11-2025 11:17:01,26319.10,450
26-11-2025 11:16:59,26315.00,75
26-11-2025 11:16:56,26315.00,75
26-11-2025 11:16:54,26317.80,750
26-11-2025 11:16:53,26311.60,225
26-11-2025 11:16:51,26310.70,225
26-11-2025 11:16:49,26315.00,300
26-11-2025 11:16:43,26312.00,150
26-11-2025 11:16:41,26316.00,225
26-11-2025 11:16:38,26317.60,75
26-11-2025 11:16:36,26315.00,150
26-11-2025 11:16:34,26318.10,225
26-11-2025 11:16:33,26318.90,300
26-11-2025 11:16:30,26315.00,75
26-11-2025 11:16:28,26314.50,2925
26-11-2025 11:16:25,26315.00,450
26-11-2025 11:16:23,26315.00,225
26-11-2025 11:16:21,26313.50,150
26-11-2025 11:16:20,26315.00,675
26-11-2025 11:16:16,26315.00,150
26-11-2025 11:16:13,26313.50,75
26-11-2025 11:16:12,26315.00,75
26-11-2025 11:16:10,26315.00,300
26-11-2025 11:16:08,26315.00,225
26-11-2025 11:16:07,26312.00,150
26-11-2025 11:16:04,26315.00,450
26-11-2025 11:16:02,26311.70,75
26-11-2025 11:16:00,26311.40,150
26-11-2025 11:15:55,26315.00,1050
26-11-2025 11:15:54,26310.90,225
26-11-2025 11:15:52,26314.00,150
26-11-2025 11:15:49,26314.00,225
26-11-2025 11:15:41,26313.00,75
26-11-2025 11:15:39,26310.00,75
26-11-2025 11:15:35,26314.30,1650
26-11-2025 11:15:33,26313.00,75
26-11-2025 11:15:30,26314.30,225
26-11-2025 11:15:23,26314.30,150
26-11-2025 11:15:22,26315.00,225
26-11-2025 11:15:20,26312.00,75
26-11-2025 11:15:15,26314.80,900
26-11-2025 11:15:14,26313.00,75
26-11-2025 11:15:12,26310.00,150
26-11-2025 11:15:11,26310.80,150
26-11-2025 11:15:09,26313.00,225
26-11-2025 11:15:08,26313.00,75
26-11-2025 11:15:07,26314.90,300
26-11-2025 11:15:05,26314.50,2025
26-11-2025 11:15:02,26313.30,1875
26-11-2025 11:14:59,26307.00,225
26-11-2025 11:14:54,26306.10,75
26-11-2025 11:14:52,26305.80,150
26-11-2025 11:14:51,26305.90,150
26-11-2025 11:14:49,26305.80,75
26-11-2025 11:14:47,26309.00,225
26-11-2025 11:14:46,26305.90,75
26-11-2025 11:14:43,26308.00,75
26-11-2025 11:14:41,26306.00,225
26-11-2025 11:14:39,26310.00,75
26-11-2025 11:14:38,26307.40,75
26-11-2025 11:14:36,26308.00,150
26-11-2025 11:14:35,26309.20,75
26-11-2025 11:14:33,26309.00,150
26-11-2025 11:14:31,26310.00,225
26-11-2025 11:14:30,26309.10,150
26-11-2025 11:14:23,26310.00,300
26-11-2025 11:14:22,26310.00,75
26-11-2025 11:14:20,26310.00,150
26-11-2025 11:14:17,26310.00,900
26-11-2025 11:14:15,26308.00,75
26-11-2025 11:14:14,26308.00,75
26-11-2025 11:14:09,26307.10,225
26-11-2025 11:14:07,26307.20,300
26-11-2025 11:14:05,26307.80,75
26-11-2025 11:13:59,26306.00,300
26-11-2025 11:13:52,26305.70,150
26-11-2025 11:13:51,26307.00,75
26-11-2025 11:13:44,26306.00,75
26-11-2025 11:13:41,26310.00,225
26-11-2025 11:13:39,26309.90,75
26-11-2025 11:13:36,26307.00,75
26-11-2025 11:13:35,26310.00,75
26-11-2025 11:13:33,26305.80,675
26-11-2025 11:13:26,26310.00,150
26-11-2025 11:13:23,26310.00,150
26-11-2025 11:13:18,26309.00,75
26-11-2025 11:13:15,26309.00,150
26-11-2025 11:13:09,26310.00,150
26-11-2025 11:13:05,26307.60,75
26-11-2025 11:13:04,26307.60,225
26-11-2025 11:13:02,26310.00,75
26-11-2025 11:13:00,26307.10,300
26-11-2025 11:12:59,26310.00,75
26-11-2025 11:12:56,26308.90,150
26-11-2025 11:12:54,26307.30,150
26-11-2025 11:12:51,26306.80,75
26-11-2025 11:12:49,26306.80,150
26-11-2025 11:12:47,26308.20,75
26-11-2025 11:12:44,26308.20,75
26-11-2025 11:12:36,26308.80,75
26-11-2025 11:12:32,26307.70,75
26-11-2025 11:12:31,26310.00,75
26-11-2025 11:12:26,26310.00,375
26-11-2025 11:12:22,26309.00,75
26-11-2025 11:12:21,26308.80,75
26-11-2025 11:12:19,26308.50,75
26-11-2025 11:12:17,26309.50,225
26-11-2025 11:12:13,26308.80,75
26-11-2025 11:12:11,26309.00,75
26-11-2025 11:12:09,26308.80,75
26-11-2025 11:12:00,26307.10,300
26-11-2025 11:11:57,26306.50,300
26-11-2025 11:11:55,26306.00,225
26-11-2025 11:11:53,26306.10,225
26-11-2025 11:11:50,26310.00,75
26-11-2025 11:11:43,26310.00,6000
26-11-2025 11:11:39,26307.00,450
26-11-2025 11:11:38,26307.00,3000
26-11-2025 11:11:36,26310.00,225
26-11-2025 11:11:35,26307.70,300
26-11-2025 11:11:25,26310.80,75
26-11-2025 11:11:22,26310.00,75
26-11-2025 11:11:18,26310.00,75
26-11-2025 11:11:17,26313.00,900
26-11-2025 11:11:15,26313.00,1050
26-11-2025 11:11:12,26311.00,900
26-11-2025 11:11:10,26313.00,75
26-11-2025 11:11:06,26314.90,150
26-11-2025 11:11:02,26313.10,75
26-11-2025 11:11:01,26313.00,225
26-11-2025 11:10:59,26313.00,150
26-11-2025 11:10:58,26313.00,975
26-11-2025 11:10:56,26314.90,300
26-11-2025 11:10:54,26314.50,225
26-11-2025 11:10:53,26314.50,150
26-11-2025 11:10:51,26314.50,225
26-11-2025 11:10:48,26314.40,75
26-11-2025 11:10:46,26314.00,225
26-11-2025 11:10:45,26313.80,150
26-11-2025 11:10:43,26313.80,300
26-11-2025 11:10:41,26314.40,525
26-11-2025 11:10:40,26313.60,150
26-11-2025 11:10:36,26313.60,225
26-11-2025 11:10:35,26311.90,75
26-11-2025 11:10:33,26312.00,75
26-11-2025 11:10:30,26313.50,75
26-11-2025 11:10:28,26313.50,525
26-11-2025 11:10:27,26313.60,675
26-11-2025 11:10:25,26313.80,75
26-11-2025 11:10:23,26313.00,150
26-11-2025 11:10:22,26313.90,1500
26-11-2025 11:10:20,26312.30,450
26-11-2025 11:10:18,26312.80,375
26-11-2025 11:10:17,26312.80,225
26-11-2025 11:10:15,26311.70,75
26-11-2025 11:10:14,26313.00,75
26-11-2025 11:10:09,26312.80,825
26-11-2025 11:10:07,26313.30,150
26-11-2025 11:10:04,26312.80,150
26-11-2025 11:10:02,26312.80,375
26-11-2025 11:10:00,26313.20,225
26-11-2025 11:09:59,26312.50,75
26-11-2025 11:09:57,26312.50,225
26-11-2025 11:09:55,26312.90,825
26-11-2025 11:09:50,26311.10,150
26-11-2025 11:09:49,26311.10,225
26-11-2025 11:09:47,26311.10,150
26-11-2025 11:09:46,26312.60,375
26-11-2025 11:09:44,26309.60,75
26-11-2025 11:09:42,26309.60,75
26-11-2025 11:09:41,26309.60,525
26-11-2025 11:09:39,26310.00,675
26-11-2025 11:09:36,26311.50,75
26-11-2025 11:09:34,26310.40,225
26-11-2025 11:09:31,26311.00,375
26-11-2025 11:09:29,26313.00,75
26-11-2025 11:09:27,26314.90,150
26-11-2025 11:09:22,26313.00,300
26-11-2025 11:09:21,26313.00,225
26-11-2025 11:09:19,26315.00,75
26-11-2025 11:09:17,26313.80,75
26-11-2025 11:09:16,26315.90,225
26-11-2025 11:09:14,26315.70,975
26-11-2025 11:09:12,26317.00,450
26-11-2025 11:09:11,26317.00,75
26-11-2025 11:09:09,26315.20,375
26-11-2025 11:09:07,26317.00,75
26-11-2025 11:09:06,26315.20,75
26-11-2025 11:09:04,26315.00,75
26-11-2025 11:09:02,26318.20,150
26-11-2025 11:08:57,26315.00,225
26-11-2025 11:08:56,26314.00,1050
26-11-2025 11:08:54,26314.10,150
26-11-2025 11:08:51,26313.60,75
26-11-2025 11:08:49,26313.60,150
26-11-2025 11:08:48,26316.00,75
26-11-2025 11:08:44,26314.00,75
26-11-2025 11:08:43,26313.30,150
26-11-2025 11:08:39,26313.00,225
26-11-2025 11:08:38,26316.00,150
26-11-2025 11:08:36,26312.80,75
26-11-2025 11:08:34,26312.50,75
26-11-2025 11:08:33,26312.20,450
26-11-2025 11:08:31,26316.00,225
26-11-2025 11:08:29,26311.70,1200
26-11-2025 11:08:28,26315.00,525
26-11-2025 11:08:26,26311.00,300
26-11-2025 11:08:24,26311.30,150
26-11-2025 11:08:23,26311.00,150
26-11-2025 11:08:21,26311.00,150
26-11-2025 11:08:20,26313.00,75
26-11-2025 11:08:18,26311.00,150
26-11-2025 11:08:16,26311.00,75
26-11-2025 11:08:15,26311.00,150
26-11-2025 11:08:11,26311.00,150
26-11-2025 11:08:05,26311.00,75
26-11-2025 11:08:03,26309.20,75
26-11-2025 11:08:00,26308.20,375
26-11-2025 11:07:58,26308.80,375
26-11-2025 11:07:55,26311.00,225
26-11-2025 11:07:51,26310.40,675
26-11-2025 11:07:50,26310.00,225
26-11-2025 11:07:48,26310.00,225
26-11-2025 11:07:45,26308.00,225
26-11-2025 11:07:43,26308.00,225
26-11-2025 11:07:40,26308.60,150
26-11-2025 11:07:38,26309.00,225
26-11-2025 11:07:36,26308.50,75
26-11-2025 11:07:35,26310.00,150
26-11-2025 11:07:33,26310.00,525
26-11-2025 11:07:31,26308.20,150
26-11-2025 11:07:30,26308.70,150
26-11-2025 11:07:28,26309.00,75
26-11-2025 11:07:26,26309.40,150
26-11-2025 11:07:25,26314.80,75
26-11-2025 11:07:23,26309.30,150
26-11-2025 11:07:21,26314.60,450
26-11-2025 11:07:20,26309.60,300
26-11-2025 11:07:17,26310.50,225
26-11-2025 11:07:15,26311.00,75
26-11-2025 11:07:13,26310.00,150
26-11-2025 11:07:10,26309.90,225
26-11-2025 11:07:07,26309.60,150
26-11-2025 11:07:04,26309.90,2475
26-11-2025 11:07:02,26309.90,75
26-11-2025 11:07:01,26309.90,75
26-11-2025 11:06:59,26309.70,75
26-11-2025 11:06:57,26309.80,75
26-11-2025 11:06:54,26313.10,75
26-11-2025 11:06:53,26309.20,75
26-11-2025 11:06:51,26309.90,75
26-11-2025 11:06:49,26310.30,225
26-11-2025 11:06:48,26309.40,150
26-11-2025 11:06:46,26309.60,225
26-11-2025 11:06:44,26310.00,300
26-11-2025 11:06:39,26309.60,150
26-11-2025 11:06:36,26309.70,150
26-11-2025 11:06:34,26310.00,150
26-11-2025 11:06:31,26309.90,150
26-11-2025 11:06:29,26313.90,225
26-11-2025 11:06:28,26309.90,75
26-11-2025 11:06:26,26310.00,1800
26-11-2025 11:06:24,26311.00,75
26-11-2025 11:06:21,26310.50,75
26-11-2025 11:06:18,26310.30,225
26-11-2025 11:06:15,26311.00,75
26-11-2025 11:06:13,26311.10,150
26-11-2025 11:06:10,26310.20,450
26-11-2025 11:06:08,26311.00,75
26-11-2025 11:06:06,26311.00,150
26-11-2025 11:06:05,26313.10,75
26-11-2025 11:06:03,26311.00,600
26-11-2025 11:06:01,26313.30,75
26-11-2025 11:05:59,26313.10,75
26-11-2025 11:05:58,26317.40,75
26-11-2025 11:05:56,26313.10,150
26-11-2025 11:05:54,26313.20,75
26-11-2025 11:05:49,26313.10,900
26-11-2025 11:05:48,26317.90,150
26-11-2025 11:05:46,26313.70,75
26-11-2025 11:05:44,26313.70,75
26-11-2025 11:05:43,26315.00,525
26-11-2025 11:05:41,26315.00,150
26-11-2025 11:05:39,26315.00,75
26-11-2025 11:05:38,26314.00,75
26-11-2025 11:05:36,26314.00,150
26-11-2025 11:05:34,26319.00,675
26-11-2025 11:05:33,26314.20,300
26-11-2025 11:05:31,26314.40,75
26-11-2025 11:05:29,26319.00,1425
26-11-2025 11:05:28,26314.30,75
26-11-2025 11:05:26,26314.30,75
26-11-2025 11:05:25,26314.00,75
26-11-2025 11:05:23,26316.00,600
26-11-2025 11:05:20,26315.00,150
26-11-2025 11:05:16,26316.00,300
26-11-2025 11:05:13,26315.00,2175
26-11-2025 11:05:12,26313.50,225
26-11-2025 11:05:08,26313.10,225
26-11-2025 11:05:05,26314.00,150
26-11-2025 11:05:00,26312.40,75
26-11-2025 11:04:58,26311.50,225
26-11-2025 11:04:55,26314.00,225
26-11-2025 11:04:53,26313.90,225
26-11-2025 11:04:52,26310.90,300
26-11-2025 11:04:48,26310.90,75
26-11-2025 11:04:47,26310.90,1500
26-11-2025 11:04:43,26312.50,225
26-11-2025 11:04:40,26315.00,150
26-11-2025 11:04:39,26312.20,150
26-11-2025 11:04:37,26312.20,900
26-11-2025 11:04:32,26311.80,75
26-11-2025 11:04:29,26315.00,75
26-11-2025 11:04:27,26312.40,75
26-11-2025 11:04:25,26315.00,525
26-11-2025 11:04:24,26314.00,75
26-11-2025 11:04:22,26312.20,75
26-11-2025 11:04:20,26314.00,75
26-11-2025 11:04:17,26310.10,1500
26-11-2025 11:04:14,26312.20,450
26-11-2025 11:04:12,26315.00,75
26-11-2025 11:04:09,26312.50,300
26-11-2025 11:04:07,26315.00,150
26-11-2025 11:04:04,26314.00,150
26-11-2025 11:04:02,26312.30,150
26-11-2025 11:04:00,26312.60,1125
26-11-2025 11:03:55,26314.00,825
26-11-2025 11:03:51,26314.00,150
26-11-2025 11:03:49,26314.00,225
26-11-2025 11:03:44,26314.00,225
26-11-2025 11:03:42,26314.00,225
26-11-2025 11:03:41,26313.00,75
26-11-2025 11:03:36,26314.00,75
26-11-2025 11:03:34,26314.00,225
26-11-2025 11:03:32,26312.30,75
26-11-2025 11:03:27,26311.10,75
26-11-2025 11:03:26,26313.20,75
26-11-2025 11:03:19,26313.20,75
26-11-2025 11:03:18,26313.20,75
26-11-2025 11:03:16,26314.00,75
26-11-2025 11:03:15,26313.20,150
26-11-2025 11:03:11,26313.00,150
26-11-2025 11:03:05,26313.00,75
26-11-2025 11:03:03,26313.00,525
26-11-2025 11:02:55,26313.00,825
26-11-2025 11:02:53,26311.00,150
26-11-2025 11:02:51,26312.00,150
26-11-2025 11:02:50,26312.00,75
26-11-2025 11:02:48,26313.00,75
26-11-2025 11:02:45,26312.20,75
26-11-2025 11:02:43,26314.50,75
26-11-2025 11:02:42,26312.00,75
26-11-2025 11:02:40,26314.50,825
26-11-2025 11:02:38,26315.00,150
26-11-2025 11:02:37,26314.50,75
26-11-2025 11:02:35,26313.00,975
26-11-2025 11:02:33,26314.40,75
26-11-2025 11:02:32,26311.10,150
26-11-2025 11:02:30,26313.00,1650
26-11-2025 11:02:29,26313.30,225
26-11-2025 11:02:23,26315.00,75
26-11-2025 11:02:22,26315.00,150
26-11-2025 11:02:20,26315.00,225
26-11-2025 11:02:15,26315.20,150
26-11-2025 11:02:14,26313.00,2625
26-11-2025 11:02:12,26314.30,75
26-11-2025 11:02:10,26313.00,150
26-11-2025 11:02:05,26313.00,525
26-11-2025 11:02:04,26313.20,600
26-11-2025 11:02:02,26310.00,525
26-11-2025 11:02:00,26311.10,225
26-11-2025 11:01:59,26311.00,300
26-11-2025 11:01:57,26312.10,75
26-11-2025 11:01:56,26311.10,150
26-11-2025 11:01:54,26312.70,75
26-11-2025 11:01:51,26311.20,150
26-11-2025 11:01:49,26311.20,75
26-11-2025 11:01:44,26313.00,300
26-11-2025 11:01:43,26313.00,1500
26-11-2025 11:01:41,26313.20,450
26-11-2025 11:01:38,26313.50,75
26-11-2025 11:01:36,26314.00,225
26-11-2025 11:01:35,26314.00,225
26-11-2025 11:01:33,26313.60,300
26-11-2025 11:01:31,26314.20,3375
26-11-2025 11:01:25,26313.50,75
26-11-2025 11:01:23,26314.20,1425
26-11-2025 11:01:22,26314.40,300
26-11-2025 11:01:18,26314.30,75
26-11-2025 11:01:17,26314.00,1275
26-11-2025 11:01:15,26314.00,225
26-11-2025 11:01:13,26312.00,225
26-11-2025 11:01:08,26315.00,150
26-11-2025 11:01:07,26315.00,600
26-11-2025 11:01:05,26315.00,75
26-11-2025 11:01:04,26315.00,375
26-11-2025 11:01:02,26315.00,75
26-11-2025 11:01:00,26314.00,75
26-11-2025 11:00:59,26311.10,225
26-11-2025 11:00:57,26312.50,75
26-11-2025 11:00:52,26313.80,300
26-11-2025 11:00:49,26311.10,525
26-11-2025 11:00:47,26311.10,75
26-11-2025 11:00:46,26311.20,75
26-11-2025 11:00:41,26317.70,150
26-11-2025 11:00:39,26317.40,150
26-11-2025 11:00:37,26310.30,1500
26-11-2025 11:00:36,26316.10,600
26-11-2025 11:00:34,26316.00,1200
26-11-2025 11:00:32,26310.00,150
26-11-2025 11:00:31,26310.00,150
26-11-2025 11:00:27,26313.90,75
26-11-2025 11:00:26,26310.00,225
26-11-2025 11:00:24,26313.00,375
26-11-2025 11:00:22,26310.00,75
26-11-2025 11:00:21,26310.00,75
26-11-2025 11:00:19,26312.00,1275
26-11-2025 11:00:17,26308.40,75
26-11-2025 11:00:16,26308.40,450
26-11-2025 11:00:14,26310.00,150
26-11-2025 11:00:12,26307.70,225
26-11-2025 11:00:11,26310.00,450
26-11-2025 11:00:09,26310.00,825
26-11-2025 11:00:07,26309.00,75
26-11-2025 11:00:06,26309.00,525
26-11-2025 11:00:04,26308.00,75
26-11-2025 11:00:01,26308.00,75
26-11-2025 10:59:59,26302.30,150
26-11-2025 10:59:58,26302.00,525
26-11-2025 10:59:54,26304.60,75
26-11-2025 10:59:53,26304.60,75
26-11-2025 10:59:49,26307.00,1275
26-11-2025 10:59:48,26305.00,375
26-11-2025 10:59:46,26302.30,75
26-11-2025 10:59:44,26303.00,75
26-11-2025 10:59:43,26305.00,300
26-11-2025 10:59:39,26305.00,225
26-11-2025 10:59:38,26304.80,225
26-11-2025 10:59:35,26304.80,75
26-11-2025 10:59:33,26304.00,75
26-11-2025 10:59:31,26302.30,150
26-11-2025 10:59:25,26302.10,75
26-11-2025 10:59:23,26304.80,300
26-11-2025 10:59:22,26304.90,375
26-11-2025 10:59:18,26301.70,225
26-11-2025 10:59:17,26304.90,75
26-11-2025 10:59:15,26303.00,75
26-11-2025 10:59:14,26302.00,75
26-11-2025 10:59:12,26302.00,525
26-11-2025 10:59:07,26304.90,225
26-11-2025 10:59:05,26305.00,675
26-11-2025 10:59:04,26302.00,525
26-11-2025 10:59:01,26301.70,150
26-11-2025 10:58:57,26300.10,375
26-11-2025 10:58:54,26301.00,150
26-11-2025 10:58:52,26301.00,675
26-11-2025 10:58:51,26303.00,300
26-11-2025 10:58:49,26302.90,75
26-11-2025 10:58:47,26303.00,300
26-11-2025 10:58:46,26300.40,825
26-11-2025 10:58:44,26305.00,150
26-11-2025 10:58:42,26303.00,225
26-11-2025 10:58:41,26301.20,75
26-11-2025 10:58:37,26304.90,150
26-11-2025 10:58:36,26303.00,75
26-11-2025 10:58:32,26303.00,225
26-11-2025 10:58:31,26300.40,375
26-11-2025 10:58:29,26303.00,75
26-11-2025 10:58:27,26303.00,150
26-11-2025 10:58:26,26303.00,75
26-11-2025 10:58:22,26300.90,150
26-11-2025 10:58:21,26302.80,75
26-11-2025 10:58:17,26301.00,1575
26-11-2025 10:58:16,26301.40,75
26-11-2025 10:58:12,26303.00,75
26-11-2025 10:58:09,26300.90,375
26-11-2025 10:58:06,26302.00,2175
26-11-2025 10:58:04,26301.50,300
26-11-2025 10:58:02,26301.50,375
26-11-2025 10:57:57,26300.60,525
26-11-2025 10:57:52,26301.50,150
26-11-2025 10:57:51,26302.10,75
26-11-2025 10:57:47,26301.10,150
26-11-2025 10:57:44,26302.00,75
26-11-2025 10:57:43,26302.00,75
26-11-2025 10:57:41,26302.00,150
26-11-2025 10:57:39,26302.00,75
26-11-2025 10:57:38,26301.00,150
26-11-2025 10:57:36,26303.00,225
26-11-2025 10:57:34,26302.00,150
26-11-2025 10:57:26,26301.00,75
26-11-2025 10:57:23,26303.00,75
26-11-2025 10:57:21,26303.00,150
26-11-2025 10:57:18,26300.00,150
26-11-2025 10:57:16,26303.00,75
26-11-2025 10:57:13,26299.70,300
26-11-2025 10:57:11,26305.00,225
26-11-2025 10:57:10,26303.00,150
26-11-2025 10:57:08,26305.00,300
26-11-2025 10:57:06,26303.00,150
26-11-2025 10:57:05,26301.00,75
26-11-2025 10:57:03,26303.00,75
26-11-2025 10:57:01,26303.00,75
26-11-2025 10:57:00,26299.90,75
26-11-2025 10:56:58,26303.00,150
26-11-2025 10:56:55,26302.00,225
26-11-2025 10:56:53,26301.00,525
26-11-2025 10:56:51,26302.00,75
26-11-2025 10:56:48,26303.00,75
26-11-2025 10:56:47,26303.00,300
26-11-2025 10:56:45,26303.00,75
26-11-2025 10:56:43,26301.00,375
26-11-2025 10:56:40,26303.00,525
26-11-2025 10:56:38,26303.00,300
26-11-2025 10:56:35,26298.50,75
26-11-2025 10:56:33,26298.50,150
26-11-2025 10:56:32,26298.50,225
26-11-2025 10:56:30,26302.00,75
26-11-2025 10:56:28,26298.00,300
26-11-2025 10:56:27,26298.10,375
26-11-2025 10:56:25,26297.40,450
26-11-2025 10:56:23,26298.00,225
26-11-2025 10:56:22,26298.00,300
26-11-2025 10:56:20,26297.40,150
26-11-2025 10:56:17,26297.70,600
26-11-2025 10:56:15,26301.00,375
26-11-2025 10:56:13,26298.00,150
26-11-2025 10:56:12,26297.40,375
26-11-2025 10:56:10,26298.00,150
26-11-2025 10:56:09,26298.00,825
26-11-2025 10:56:07,26299.90,300
26-11-2025 10:56:04,26298.00,75
26-11-2025 10:56:02,26298.00,75
26-11-2025 10:56:01,26298.00,225
26-11-2025 10:55:59,26301.40,225
26-11-2025 10:55:57,26298.00,225
26-11-2025 10:55:54,26298.00,375
26-11-2025 10:55:49,26299.90,75
26-11-2025 10:55:47,26300.90,300
26-11-2025 10:55:46,26301.10,150
26-11-2025 10:55:44,26299.00,300
26-11-2025 10:55:42,26299.60,75
26-11-2025 10:55:41,26301.60,150
26-11-2025 10:55:36,26299.90,75
26-11-2025 10:55:33,26302.00,75
26-11-2025 10:55:31,26302.00,75
26-11-2025 10:55:29,26300.20,225
26-11-2025 10:55:28,26299.90,225
26-11-2025 10:55:23,26302.00,150
26-11-2025 10:55:20,26300.00,75
26-11-2025 10:55:18,26299.60,150
26-11-2025 10:55:16,26302.00,75
26-11-2025 10:55:13,26298.60,750
26-11-2025 10:55:11,26299.00,225
26-11-2025 10:55:10,26299.00,75
26-11-2025 10:55:08,26299.00,450
26-11-2025 10:55:06,26300.00,150
26-11-2025 10:55:05,26302.00,300
26-11-2025 10:55:03,26300.00,600
26-11-2025 10:55:01,26299.10,225
26-11-2025 10:55:00,26300.00,525
26-11-2025 10:54:58,26300.00,75
26-11-2025 10:54:53,26300.40,150
26-11-2025 10:54:51,26299.10,75
26-11-2025 10:54:50,26298.00,375
26-11-2025 10:54:48,26297.40,300
26-11-2025 10:54:46,26304.90,75
26-11-2025 10:54:45,26304.90,75
26-11-2025 10:54:43,26304.70,300
26-11-2025 10:54:38,26305.00,1050
26-11-2025 10:54:36,26305.00,75
26-11-2025 10:54:35,26299.00,225
26-11-2025 10:54:33,26299.10,900
26-11-2025 10:54:31,26300.00,150
26-11-2025 10:54:30,26302.00,225
26-11-2025 10:54:28,26302.00,75
26-11-2025 10:54:25,26299.60,75
26-11-2025 10:54:23,26302.00,150
26-11-2025 10:54:21,26300.00,300
26-11-2025 10:54:20,26299.30,150
26-11-2025 10:54:18,26302.00,450
26-11-2025 10:54:16,26301.00,150
26-11-2025 10:54:15,26299.00,1125
26-11-2025 10:54:13,26301.00,75
26-11-2025 10:54:12,26301.00,150
26-11-2025 10:54:10,26301.00,150
26-11-2025 10:54:08,26301.00,225
26-11-2025 10:54:05,26299.20,600
26-11-2025 10:54:03,26300.00,150
26-11-2025 10:54:02,26295.70,450
26-11-2025 10:54:00,26295.70,225
26-11-2025 10:53:58,26295.80,150
26-11-2025 10:53:57,26296.50,1500
26-11-2025 10:53:55,26296.50,675
26-11-2025 10:53:53,26300.00,75
26-11-2025 10:53:52,26300.00,225
26-11-2025 10:53:50,26296.20,600
26-11-2025 10:53:48,26296.10,75
26-11-2025 10:53:47,26295.70,150
26-11-2025 10:53:45,26295.80,375
26-11-2025 10:53:43,26296.00,75
26-11-2025 10:53:42,26295.60,225
26-11-2025 10:53:40,26301.00,600
26-11-2025 10:53:38,26295.40,525
26-11-2025 10:53:37,26298.30,2550
26-11-2025 10:53:35,26302.80,300
26-11-2025 10:53:33,26302.00,750
26-11-2025 10:53:32,26302.50,150
26-11-2025 10:53:30,26302.50,75
26-11-2025 10:53:28,26303.00,225
26-11-2025 10:53:27,26304.30,150
26-11-2025 10:53:23,26303.30,375
26-11-2025 10:53:22,26303.90,1350
26-11-2025 10:53:20,26305.00,300
26-11-2025 10:53:18,26305.00,150
26-11-2025 10:53:17,26305.00,675
26-11-2025 10:53:15,26305.00,450
26-11-2025 10:53:14,26309.00,150
26-11-2025 10:53:12,26309.50,1350
26-11-2025 10:53:10,26305.80,75
26-11-2025 10:53:09,26305.60,225
26-11-2025 10:53:05,26305.60,150
26-11-2025 10:53:04,26305.60,225
26-11-2025 10:53:02,26305.60,300
26-11-2025 10:53:00,26310.00,375
26-11-2025 10:52:59,26309.00,150
26-11-2025 10:52:57,26305.60,75
26-11-2025 10:52:54,26305.70,825
26-11-2025 10:52:52,26306.10,225
26-11-2025 10:52:50,26310.00,600
26-11-2025 10:52:47,26308.00,375
26-11-2025 10:52:44,26308.00,450
26-11-2025 10:52:42,26308.00,75
26-11-2025 10:52:37,26308.00,150
26-11-2025 10:52:34,26308.00,300
26-11-2025 10:52:32,26308.60,150
26-11-2025 10:52:30,26308.10,450
26-11-2025 10:52:29,26310.00,225
26-11-2025 10:52:27,26308.30,300
26-11-2025 10:52:25,26308.50,225
26-11-2025 10:52:24,26308.60,525
26-11-2025 10:52:20,26308.50,150
26-11-2025 10:52:19,26308.50,75
26-11-2025 10:52:17,26308.50,75
26-11-2025 10:52:15,26308.60,75
26-11-2025 10:52:14,26310.00,600
26-11-2025 10:52:12,26310.00,150
26-11-2025 10:52:10,26310.00,300
26-11-2025 10:52:09,26310.00,150
26-11-2025 10:52:07,26310.00,75
26-11-2025 10:52:05,26308.80,75
26-11-2025 10:52:03,26310.00,375
26-11-2025 10:52:02,26308.30,75
26-11-2025 10:52:00,26308.10,375
26-11-2025 10:51:58,26310.00,2625
26-11-2025 10:51:57,26310.00,150
26-11-2025 10:51:55,26310.00,150
26-11-2025 10:51:53,26309.00,1425
26-11-2025 10:51:52,26310.00,150
26-11-2025 10:51:50,26312.00,300
26-11-2025 10:51:48,26315.00,150
26-11-2025 10:51:47,26310.00,150
26-11-2025 10:51:45,26312.50,75
26-11-2025 10:51:43,26310.00,75
26-11-2025 10:51:42,26312.00,150
26-11-2025 10:51:40,26310.10,450
26-11-2025 10:51:39,26312.00,375
26-11-2025 10:51:35,26312.10,375
26-11-2025 10:51:30,26315.00,525
26-11-2025 10:51:28,26312.00,300
26-11-2025 10:51:27,26312.00,75
26-11-2025 10:51:23,26318.00,300
26-11-2025 10:51:22,26312.10,225
26-11-2025 10:51:20,26312.00,450
26-11-2025 10:51:18,26314.20,225
26-11-2025 10:51:17,26315.00,675
26-11-2025 10:51:15,26315.10,75
26-11-2025 10:51:13,26315.10,225
26-11-2025 10:51:12,26319.40,75
26-11-2025 10:51:10,26316.90,525
26-11-2025 10:51:08,26316.90,150
26-11-2025 10:51:07,26319.30,150
26-11-2025 10:51:05,26316.90,225
26-11-2025 10:51:03,26319.90,300
26-11-2025 10:51:02,26316.90,375
26-11-2025 10:51:00,26315.00,2175
26-11-2025 10:50:58,26315.00,750
26-11-2025 10:50:57,26316.90,150
26-11-2025 10:50:52,26317.70,75
26-11-2025 10:50:50,26315.00,300
26-11-2025 10:50:48,26317.70,450
26-11-2025 10:50:45,26315.00,75
26-11-2025 10:50:42,26317.90,150
26-11-2025 10:50:38,26315.00,150
26-11-2025 10:50:35,26315.00,675
26-11-2025 10:50:33,26316.80,300
26-11-2025 10:50:28,26317.90,75
26-11-2025 10:50:25,26316.80,75
26-11-2025 10:50:23,26315.00,300
26-11-2025 10:50:18,26315.00,750
26-11-2025 10:50:15,26316.00,225
26-11-2025 10:50:12,26315.00,75
26-11-2025 10:50:10,26315.00,825
26-11-2025 10:50:08,26321.00,975
26-11-2025 10:50:05,26320.00,600
26-11-2025 10:50:04,26316.30,300
26-11-2025 10:50:02,26315.80,300
26-11-2025 10:50:00,26320.00,750
26-11-2025 10:49:59,26315.30,225
26-11-2025 10:49:57,26315.30,600
26-11-2025 10:49:55,26315.00,225
26-11-2025 10:49:53,26316.00,450
26-11-2025 10:49:52,26315.00,750
26-11-2025 10:49:50,26320.00,450
26-11-2025 10:49:48,26315.00,75
26-11-2025 10:49:47,26320.60,375
26-11-2025 10:49:45,26315.20,525
26-11-2025 10:49:43,26315.60,525
26-11-2025 10:49:42,26315.20,225
26-11-2025 10:49:40,26317.00,75
26-11-2025 10:49:38,26315.70,675
26-11-2025 10:49:37,26316.00,150
26-11-2025 10:49:35,26316.20,75
26-11-2025 10:49:33,26317.00,150
26-11-2025 10:49:32,26318.50,2475
26-11-2025 10:49:30,26321.00,4425
26-11-2025 10:49:28,26328.80,1
26-11-2025 10:49:28,26328.00,525
26-11-2025 10:49:27,26328.00,825
26-11-2025 10:49:25,26325.00,450
26-11-2025 10:49:23,26326.00,75
26-11-2025 10:49:22,26325.70,1200
26-11-2025 10:49:20,26325.60,1
26-11-2025 10:49:20,26328.00,675
26-11-2025 10:49:18,26326.20,1
26-11-2025 10:49:18,26327.00,450
26-11-2025 10:49:17,26326.70,1
26-11-2025 10:49:17,26326.20,2400
26-11-2025 10:49:15,26325.00,2850
26-11-2025 10:49:13,26324.00,1425
26-11-2025 10:49:10,26325.00,450
26-11-2025 10:49:08,26323.60,450
26-11-2025 10:49:07,26324.50,75
26-11-2025 10:49:05,26324.50,525
26-11-2025 10:49:03,26324.50,2025
26-11-2025 10:49:02,26324.90,300
26-11-2025 10:49:00,26322.40,2325
26-11-2025 10:48:58,26322.20,750
26-11-2025 10:48:57,26322.00,525
26-11-2025 10:48:55,26324.90,525
26-11-2025 10:48:53,26322.80,150
26-11-2025 10:48:50,26322.70,825
26-11-2025 10:48:48,26323.90,150
26-11-2025 10:48:45,26324.10,150
26-11-2025 10:48:43,26322.60,1575
26-11-2025 10:48:42,26322.90,750
26-11-2025 10:48:40,26325.00,900
26-11-2025 10:48:38,26324.10,1575
26-11-2025 10:48:37,26325.00,4050
26-11-2025 10:48:35,26324.00,825
26-11-2025 10:48:34,26324.00,900
26-11-2025 10:48:32,26324.00,1425
26-11-2025 10:48:30,26321.00,600
26-11-2025 10:48:28,26322.20,1275
26-11-2025 10:48:27,26320.30,675
26-11-2025 10:48:25,26323.30,1
26-11-2025 10:48:25,26320.30,3225
26-11-2025 10:48:23,26323.00,750
26-11-2025 10:48:22,26323.00,825
26-11-2025 10:48:20,26321.00,150
26-11-2025 10:48:18,26321.00,1800
26-11-2025 10:48:17,26321.00,525
26-11-2025 10:48:15,26321.00,225
26-11-2025 10:48:13,26322.00,1200
26-11-2025 10:48:12,26321.00,1125
26-11-2025 10:48:10,26321.00,300
26-11-2025 10:48:09,26322.00,225
26-11-2025 10:48:07,26321.00,75
26-11-2025 10:48:05,26322.00,525
26-11-2025 10:48:04,26321.00,75
26-11-2025 10:48:02,26321.00,675
26-11-2025 10:48:00,26321.00,300
26-11-2025 10:47:59,26320.00,225
26-11-2025 10:47:57,26320.00,450
26-11-2025 10:47:55,26317.50,375
26-11-2025 10:47:54,26320.00,225
26-11-2025 10:47:52,26321.00,825
26-11-2025 10:47:50,26322.00,1350
26-11-2025 10:47:49,26320.00,600
26-11-2025 10:47:47,26321.00,525
26-11-2025 10:47:45,26320.00,375
26-11-2025 10:47:44,26321.00,7500
26-11-2025 10:47:42,26317.20,1
26-11-2025 10:47:42,26319.90,675
26-11-2025 10:47:40,26317.30,525
26-11-2025 10:47:39,26319.60,975
26-11-2025 10:47:37,26319.80,525
26-11-2025 10:47:35,26317.50,1125
26-11-2025 10:47:33,26319.00,600
26-11-2025 10:47:32,26319.80,1
26-11-2025 10:47:32,26317.10,2475
26-11-2025 10:47:30,26319.70,750
26-11-2025 10:47:28,26319.70,2625
26-11-2025 10:47:27,26319.50,1425
26-11-2025 10:47:25,26319.00,2250
26-11-2025 10:47:23,26319.30,975
26-11-2025 10:47:22,26319.30,450
26-11-2025 10:47:20,26319.10,7950
26-11-2025 10:47:18,26319.00,375
26-11-2025 10:47:17,26319.00,450
26-11-2025 10:47:15,26319.00,6600
26-11-2025 10:47:13,26319.00,1275
26-11-2025 10:47:12,26319.00,1
26-11-2025 10:47:12,26313.40,2025
26-11-2025 10:47:10,26318.90,1
26-11-2025 10:47:10,26318.30,20400
26-11-2025 10:47:08,26312.30,600
26-11-2025 10:47:07,26312.00,1
26-11-2025 10:47:07,26310.00,1725
26-11-2025 10:47:05,26310.00,750
26-11-2025 10:47:03,26310.50,1
26-11-2025 10:47:03,26309.00,600
26-11-2025 10:47:02,26310.00,525
26-11-2025 10:47:00,26309.00,225
26-11-2025 10:46:58,26310.00,225
26-11-2025 10:46:57,26309.00,75
26-11-2025 10:46:55,26309.00,75
26-11-2025 10:46:53,26310.00,300
26-11-2025 10:46:52,26310.00,1050
26-11-2025 10:46:50,26309.70,225
26-11-2025 10:46:48,26308.00,525
26-11-2025 10:46:47,26309.00,1650
26-11-2025 10:46:45,26309.00,150
26-11-2025 10:46:43,26309.00,150
26-11-2025 10:46:42,26309.00,675
26-11-2025 10:46:40,26308.00,225
26-11-2025 10:46:38,26309.00,450
26-11-2025 10:46:37,26309.00,150
26-11-2025 10:46:35,26308.60,75
26-11-2025 10:46:33,26308.40,375
26-11-2025 10:46:32,26308.40,825
26-11-2025 10:46:30,26308.00,450
26-11-2025 10:46:28,26302.00,1950
26-11-2025 10:46:27,26307.50,1050
26-11-2025 10:46:25,26309.70,1
26-11-2025 10:46:25,26310.00,10875
26-11-2025 10:46:23,26304.50,450
26-11-2025 10:46:22,26304.50,225
26-11-2025 10:46:20,26304.50,5025
26-11-2025 10:46:18,26304.50,375
26-11-2025 10:46:17,26305.00,675
26-11-2025 10:46:15,26308.00,150
26-11-2025 10:46:14,26306.00,150
26-11-2025 10:46:12,26306.00,3075
26-11-2025 10:46:10,26308.60,525
26-11-2025 10:46:09,26309.80,1
26-11-2025 10:46:09,26306.00,975
26-11-2025 10:46:07,26309.40,1
26-11-2025 10:46:07,26305.10,525
26-11-2025 10:46:05,26309.00,225
26-11-2025 10:46:04,26305.10,6525
26-11-2025 10:46:02,26309.00,300
26-11-2025 10:46:00,26308.70,975
26-11-2025 10:45:59,26305.00,900
26-11-2025 10:45:57,26308.90,2025
26-11-2025 10:45:55,26309.00,300
26-11-2025 10:45:54,26309.00,1125
26-11-2025 10:45:52,26308.90,225
26-11-2025 10:45:50,26309.00,525
26-11-2025 10:45:49,26308.80,825
26-11-2025 10:45:47,26307.30,450
26-11-2025 10:45:46,26308.00,1050
26-11-2025 10:45:44,26305.00,600
26-11-2025 10:45:42,26308.00,300
26-11-2025 10:45:40,26309.00,2025
26-11-2025 10:45:39,26309.00,900
26-11-2025 10:45:37,26309.00,2250
26-11-2025 10:45:36,26308.00,600
26-11-2025 10:45:34,26308.00,1
26-11-2025 10:45:34,26307.00,900
26-11-2025 10:45:32,26307.00,900
26-11-2025 10:45:31,26305.10,1
26-11-2025 10:45:31,26306.00,750
26-11-2025 10:45:29,26305.00,375
26-11-2025 10:45:27,26305.00,225
26-11-2025 10:45:26,26305.00,375
26-11-2025 10:45:24,26305.00,150
26-11-2025 10:45:23,26301.90,675
26-11-2025 10:45:21,26300.30,1425
26-11-2025 10:45:19,26305.00,1
26-11-2025 10:45:19,26304.10,4350
26-11-2025 10:45:18,26304.10,1
26-11-2025 10:45:18,26302.00,42825
26-11-2025 10:45:16,26299.00,975
26-11-2025 10:45:15,26299.00,8325
26-11-2025 10:45:14,26296.10,2550
26-11-2025 10:45:11,26295.00,1275
26-11-2025 10:45:09,26294.80,825
26-11-2025 10:45:09,26293.00,675
26-11-2025 10:45:06,26290.80,75
26-11-2025 10:45:04,26292.00,750
26-11-2025 10:45:02,26290.00,5850
26-11-2025 10:45:01,26286.10,750
26-11-2025 10:44:59,26287.00,300
26-11-2025 10:44:57,26287.00,300
26-11-2025 10:44:56,26287.00,450
26-11-2025 10:44:54,26287.00,225
26-11-2025 10:44:52,26287.00,75
26-11-2025 10:44:49,26285.60,150
26-11-2025 10:44:47,26285.00,150
26-11-2025 10:44:46,26285.20,150
26-11-2025 10:44:44,26286.90,150
26-11-2025 10:44:42,26284.70,375
26-11-2025 10:44:39,26283.60,450
26-11-2025 10:44:37,26283.00,225
26-11-2025 10:44:36,26283.00,225
26-11-2025 10:44:34,26282.60,300
26-11-2025 10:44:33,26282.90,300
26-11-2025 10:44:31,26284.00,300
26-11-2025 10:44:29,26283.20,300
26-11-2025 10:44:28,26283.00,300
26-11-2025 10:44:26,26284.00,150
26-11-2025 10:44:21,26283.50,225
26-11-2025 10:44:18,26283.20,150
26-11-2025 10:44:16,26287.00,75
26-11-2025 10:44:14,26287.00,75
26-11-2025 10:44:11,26287.00,225
26-11-2025 10:44:10,26286.20,75
26-11-2025 10:44:08,26287.00,75
26-11-2025 10:44:05,26286.90,75
26-11-2025 10:44:02,26286.20,450
26-11-2025 10:43:57,26280.50,150
26-11-2025 10:43:55,26283.20,375
26-11-2025 10:43:54,26281.10,75
26-11-2025 10:43:52,26280.90,75
26-11-2025 10:43:50,26281.50,150
26-11-2025 10:43:49,26281.50,75
26-11-2025 10:43:47,26281.50,75
26-11-2025 10:43:45,26286.00,75
26-11-2025 10:43:41,26286.00,225
26-11-2025 10:43:37,26281.10,225
26-11-2025 10:43:34,26280.90,375
26-11-2025 10:43:32,26280.60,75
26-11-2025 10:43:31,26280.60,225
26-11-2025 10:43:29,26280.60,75
26-11-2025 10:43:27,26280.70,375
26-11-2025 10:43:26,26280.80,675
26-11-2025 10:43:24,26285.00,375
26-11-2025 10:43:23,26283.00,450
26-11-2025 10:43:21,26281.80,300
26-11-2025 10:43:19,26285.00,75
26-11-2025 10:43:18,26283.00,300
26-11-2025 10:43:16,26283.00,375
26-11-2025 10:43:14,26283.00,300
26-11-2025 10:43:11,26281.20,750
26-11-2025 10:43:09,26282.00,600
26-11-2025 10:43:08,26281.00,1200
26-11-2025 10:43:06,26281.50,75
26-11-2025 10:43:04,26281.80,1800
26-11-2025 10:43:03,26283.00,75
26-11-2025 10:43:01,26283.00,75
26-11-2025 10:42:59,26281.20,3000
26-11-2025 10:42:58,26281.50,150
26-11-2025 10:42:48,26287.00,75
26-11-2025 10:42:44,26285.90,525
26-11-2025 10:42:43,26285.50,75
26-11-2025 10:42:41,26283.10,525
26-11-2025 10:42:39,26282.70,75
26-11-2025 10:42:38,26285.50,375
26-11-2025 10:42:36,26282.10,525
26-11-2025 10:42:34,26286.40,75
26-11-2025 10:42:33,26282.00,375
26-11-2025 10:42:29,26283.00,75
26-11-2025 10:42:26,26283.40,300
26-11-2025 10:42:24,26287.00,150
26-11-2025 10:42:19,26283.50,750
26-11-2025 10:42:18,26287.00,75
26-11-2025 10:42:16,26285.60,450
26-11-2025 10:42:14,26284.60,75
26-11-2025 10:42:13,26285.50,375
26-11-2025 10:42:11,26285.00,525
26-11-2025 10:42:10,26284.70,525
26-11-2025 10:42:06,26284.20,300
26-11-2025 10:42:05,26283.50,300
26-11-2025 10:42:03,26285.00,600
26-11-2025 10:42:01,26285.30,675
26-11-2025 10:41:56,26285.50,1050
26-11-2025 10:41:55,26285.60,75
26-11-2025 10:41:53,26285.00,300
26-11-2025 10:41:51,26285.60,150
26-11-2025 10:41:50,26285.50,75
26-11-2025 10:41:48,26285.50,375
26-11-2025 10:41:46,26285.70,300
26-11-2025 10:41:43,26287.10,150
26-11-2025 10:41:41,26287.10,375
26-11-2025 10:41:38,26286.80,75
26-11-2025 10:41:33,26287.00,825
26-11-2025 10:41:31,26287.00,75
26-11-2025 10:41:28,26287.10,75
26-11-2025 10:41:25,26285.00,75
26-11-2025 10:41:23,26285.00,450
26-11-2025 10:41:21,26286.30,150
26-11-2025 10:41:19,26285.00,10200
26-11-2025 10:41:18,26287.10,1425
26-11-2025 10:41:16,26287.10,75
26-11-2025 10:41:15,26287.10,75
26-11-2025 10:41:13,26287.10,525
26-11-2025 10:41:11,26287.10,1875
26-11-2025 10:41:10,26286.10,225
26-11-2025 10:41:08,26287.10,900
26-11-2025 10:41:05,26287.00,75
26-11-2025 10:41:03,26287.10,75
26-11-2025 10:41:01,26287.10,750
26-11-2025 10:41:00,26287.10,75
26-11-2025 10:40:56,26287.10,300
26-11-2025 10:40:51,26288.00,300
26-11-2025 10:40:46,26289.90,150
26-11-2025 10:40:45,26290.00,150
26-11-2025 10:40:43,26290.00,75
26-11-2025 10:40:41,26290.00,225
26-11-2025 10:40:40,26290.00,150
26-11-2025 10:40:38,26287.10,900
26-11-2025 10:40:36,26289.90,75
26-11-2025 10:40:33,26290.00,750
26-11-2025 10:40:31,26289.90,825
26-11-2025 10:40:28,26288.40,975
26-11-2025 10:40:26,26288.80,150
26-11-2025 10:40:25,26289.20,2175
26-11-2025 10:40:23,26286.30,75
26-11-2025 10:40:21,26288.00,600
26-11-2025 10:40:20,26287.90,300
26-11-2025 10:40:18,26286.50,300
26-11-2025 10:40:16,26287.00,150
26-11-2025 10:40:15,26287.00,150
26-11-2025 10:40:13,26287.00,150
26-11-2025 10:40:10,26285.30,150
26-11-2025 10:40:08,26285.40,300
26-11-2025 10:40:05,26286.00,75
26-11-2025 10:40:03,26286.00,225
26-11-2025 10:40:01,26286.00,150
26-11-2025 10:40:00,26285.00,75
26-11-2025 10:39:58,26284.50,75
26-11-2025 10:39:56,26284.40,1725
26-11-2025 10:39:53,26283.70,375
26-11-2025 10:39:51,26285.00,150
26-11-2025 10:39:50,26287.00,150
26-11-2025 10:39:48,26287.00,525
26-11-2025 10:39:46,26286.00,75
26-11-2025 10:39:45,26283.80,150
26-11-2025 10:39:43,26284.00,75
26-11-2025 10:39:41,26283.30,600
26-11-2025 10:39:40,26284.00,525
26-11-2025 10:39:38,26284.20,75
26-11-2025 10:39:35,26285.90,300
26-11-2025 10:39:33,26285.00,375
26-11-2025 10:39:31,26285.00,75
26-11-2025 10:39:28,26285.00,225
26-11-2025 10:39:26,26281.80,75
26-11-2025 10:39:25,26285.00,300
26-11-2025 10:39:23,26285.00,900
26-11-2025 10:39:21,26285.00,75
26-11-2025 10:39:20,26285.00,150
26-11-2025 10:39:18,26285.00,150
26-11-2025 10:39:15,26284.00,525
26-11-2025 10:39:13,26280.10,1125
26-11-2025 10:39:11,26280.10,375
26-11-2025 10:39:09,26282.00,450
26-11-2025 10:39:08,26283.90,150
26-11-2025 10:39:06,26280.10,150
26-11-2025 10:39:05,26283.00,75
26-11-2025 10:39:03,26283.00,75
26-11-2025 10:39:01,26280.20,225
26-11-2025 10:39:00,26280.10,75
26-11-2025 10:38:58,26280.10,75
26-11-2025 10:38:53,26280.00,225
26-11-2025 10:38:51,26280.00,150
26-11-2025 10:38:50,26280.00,75
26-11-2025 10:38:48,26280.00,75
26-11-2025 10:38:43,26280.00,75
26-11-2025 10:38:40,26280.00,75
26-11-2025 10:38:39,26280.00,150
26-11-2025 10:38:37,26283.50,225
26-11-2025 10:38:35,26282.20,75
26-11-2025 10:38:34,26282.20,150
26-11-2025 10:38:32,26280.00,300
26-11-2025 10:38:31,26284.00,525
26-11-2025 10:38:29,26283.90,675
26-11-2025 10:38:27,26282.50,450
26-11-2025 10:38:26,26282.70,225
26-11-2025 10:38:22,26283.50,300
26-11-2025 10:38:19,26283.30,225
26-11-2025 10:38:18,26281.00,150
26-11-2025 10:38:16,26281.00,750
26-11-2025 10:38:14,26278.00,525
26-11-2025 10:38:13,26275.60,75
26-11-2025 10:38:09,26278.00,525
26-11-2025 10:38:06,26278.00,525
26-11-2025 10:38:01,26278.00,150
26-11-2025 10:37:58,26275.50,225
26-11-2025 10:37:56,26278.00,75
26-11-2025 10:37:53,26278.00,75
26-11-2025 10:37:50,26277.00,75
26-11-2025 10:37:48,26280.40,75
26-11-2025 10:37:46,26278.00,75
26-11-2025 10:37:43,26280.00,525
26-11-2025 10:37:42,26279.50,150
26-11-2025 10:37:38,26279.60,75
26-11-2025 10:37:37,26280.00,75
26-11-2025 10:37:35,26281.00,525
26-11-2025 10:37:32,26279.90,75
26-11-2025 10:37:25,26279.00,75
26-11-2025 10:37:24,26275.30,375
26-11-2025 10:37:20,26275.00,600
26-11-2025 10:37:17,26275.00,150
26-11-2025 10:37:15,26278.40,75
26-11-2025 10:37:12,26275.00,1050
26-11-2025 10:37:10,26275.00,150
26-11-2025 10:37:09,26275.00,525
26-11-2025 10:37:07,26275.60,150
26-11-2025 10:37:05,26275.60,225
26-11-2025 10:37:04,26275.60,75
26-11-2025 10:37:02,26275.00,150
26-11-2025 10:37:01,26274.00,750
26-11-2025 10:36:59,26275.00,75
26-11-2025 10:36:57,26274.00,375
26-11-2025 10:36:56,26274.00,75
26-11-2025 10:36:54,26274.00,225
26-11-2025 10:36:49,26273.30,75
26-11-2025 10:36:46,26273.20,300
26-11-2025 10:36:31,26274.60,75
26-11-2025 10:36:29,26271.40,150
26-11-2025 10:36:27,26271.10,75
26-11-2025 10:36:21,26271.40,600
26-11-2025 10:36:19,26275.00,150
26-11-2025 10:36:17,26275.00,150
26-11-2025 10:36:12,26271.00,150
26-11-2025 10:36:07,26271.20,150
26-11-2025 10:36:04,26271.30,300
26-11-2025 10:36:01,26274.50,375
26-11-2025 10:35:59,26273.10,150
26-11-2025 10:35:46,26275.60,150
26-11-2025 10:35:44,26271.60,300
26-11-2025 10:35:41,26272.00,150
26-11-2025 10:35:39,26271.00,150
26-11-2025 10:35:37,26271.60,225
26-11-2025 10:35:32,26275.00,75
26-11-2025 10:35:31,26270.40,75
26-11-2025 10:35:29,26270.50,150
26-11-2025 10:35:26,26275.00,75
26-11-2025 10:35:24,26275.00,150
26-11-2025 10:35:22,26272.00,75
26-11-2025 10:35:21,26275.00,75
26-11-2025 10:35:19,26272.10,75
26-11-2025 10:35:16,26271.10,1125
26-11-2025 10:35:14,26272.00,450
26-11-2025 10:35:11,26273.00,225
26-11-2025 10:35:08,26274.50,75
26-11-2025 10:35:06,26275.00,75
26-11-2025 10:35:04,26275.00,600
26-11-2025 10:34:59,26271.00,900
26-11-2025 10:34:58,26274.90,75
26-11-2025 10:34:56,26272.00,75
26-11-2025 10:34:46,26274.90,75
26-11-2025 10:34:39,26272.00,600
26-11-2025 10:34:36,26270.90,300
26-11-2025 10:34:34,26271.30,75
26-11-2025 10:34:32,26271.00,75
26-11-2025 10:34:31,26271.00,75
26-11-2025 10:34:29,26270.00,375
26-11-2025 10:34:24,26273.00,825
26-11-2025 10:34:22,26274.30,75
26-11-2025 10:34:14,26275.00,225
26-11-2025 10:34:12,26276.00,225
26-11-2025 10:34:11,26276.00,450
26-11-2025 10:34:08,26275.70,450
26-11-2025 10:34:06,26276.00,150
26-11-2025 10:34:04,26278.40,150
26-11-2025 10:34:01,26276.00,75
26-11-2025 10:33:59,26277.90,150
26-11-2025 10:33:54,26280.00,75
26-11-2025 10:33:53,26280.00,150
26-11-2025 10:33:51,26280.00,450
26-11-2025 10:33:49,26280.10,1800
26-11-2025 10:33:48,26280.00,150
26-11-2025 10:33:44,26280.00,300
26-11-2025 10:33:43,26280.00,75
26-11-2025 10:33:41,26280.00,525
26-11-2025 10:33:39,26276.10,675
26-11-2025 10:33:38,26278.70,75
26-11-2025 10:33:36,26278.40,75
26-11-2025 10:33:35,26275.00,225
26-11-2025 10:33:33,26278.50,150
26-11-2025 10:33:31,26275.00,75
26-11-2025 10:33:30,26277.90,300
26-11-2025 10:33:28,26278.70,300
26-11-2025 10:33:26,26275.00,225
26-11-2025 10:33:25,26278.70,75
26-11-2025 10:33:21,26279.00,1275
26-11-2025 10:33:20,26279.00,75
26-11-2025 10:33:18,26278.90,75
26-11-2025 10:33:16,26279.00,75
26-11-2025 10:33:15,26279.90,150
26-11-2025 10:33:13,26275.20,225
26-11-2025 10:33:12,26279.00,75
26-11-2025 10:33:08,26279.00,1275
26-11-2025 10:33:07,26274.10,225
26-11-2025 10:33:05,26279.00,75
26-11-2025 10:33:03,26279.00,225
26-11-2025 10:33:00,26278.00,150
26-11-2025 10:32:58,26279.00,75
26-11-2025 10:32:57,26278.00,150
26-11-2025 10:32:52,26276.00,75
26-11-2025 10:32:50,26275.00,150
26-11-2025 10:32:48,26275.00,75
26-11-2025 10:32:47,26276.00,75
26-11-2025 10:32:45,26274.10,75
26-11-2025 10:32:43,26273.80,75
26-11-2025 10:32:42,26275.50,75
26-11-2025 10:32:38,26273.30,150
26-11-2025 10:32:35,26275.00,150
26-11-2025 10:32:33,26272.00,1125
26-11-2025 10:32:28,26275.00,150
26-11-2025 10:32:27,26272.40,525
26-11-2025 10:32:25,26272.00,75
26-11-2025 10:32:23,26270.10,75
26-11-2025 10:32:22,26270.00,300
26-11-2025 10:32:20,26270.10,75
26-11-2025 10:32:15,26270.10,225
26-11-2025 10:32:12,26270.10,75
26-11-2025 10:32:10,26270.10,750
26-11-2025 10:32:08,26271.50,450
26-11-2025 10:32:07,26272.00,450
26-11-2025 10:32:03,26270.10,150
26-11-2025 10:32:02,26273.60,300
26-11-2025 10:31:58,26271.00,750
26-11-2025 10:31:57,26274.80,2400
26-11-2025 10:31:55,26275.50,825
26-11-2025 10:31:53,26276.00,75
26-11-2025 10:31:52,26275.10,900
26-11-2025 10:31:50,26275.10,525
26-11-2025 10:31:48,26275.10,2775
26-11-2025 10:31:47,26275.00,1575
26-11-2025 10:31:45,26276.00,75
26-11-2025 10:31:43,26275.10,150
26-11-2025 10:31:42,26275.10,900
26-11-2025 10:31:40,26275.00,75
26-11-2025 10:31:38,26275.00,75
26-11-2025 10:31:37,26274.80,825
26-11-2025 10:31:33,26275.00,675
26-11-2025 10:31:32,26274.80,150
26-11-2025 10:31:30,26274.50,75
26-11-2025 10:31:25,26273.00,75
26-11-2025 10:31:23,26275.00,150
26-11-2025 10:31:22,26274.60,225
26-11-2025 10:31:20,26272.10,75
26-11-2025 10:31:13,26272.00,150
26-11-2025 10:31:08,26274.60,525
26-11-2025 10:31:05,26270.00,600
26-11-2025 10:31:03,26270.00,150
26-11-2025 10:31:02,26270.00,75
26-11-2025 10:31:00,26270.00,2325
26-11-2025 10:30:57,26270.00,75
26-11-2025 10:30:54,26274.90,1050
26-11-2025 10:30:52,26270.30,225
26-11-2025 10:30:49,26273.00,150
26-11-2025 10:30:47,26272.00,75
26-11-2025 10:30:37,26273.30,300
26-11-2025 10:30:35,26274.90,75
26-11-2025 10:30:34,26275.00,75
26-11-2025 10:30:32,26274.60,150
26-11-2025 10:30:31,26275.00,675
26-11-2025 10:30:29,26275.00,75
26-11-2025 10:30:27,26272.20,75
26-11-2025 10:30:26,26276.00,150
26-11-2025 10:30:22,26274.00,75
26-11-2025 10:30:21,26270.30,150
26-11-2025 10:30:19,26270.10,675
26-11-2025 10:30:18,26275.00,375
26-11-2025 10:30:17,26275.00,750
26-11-2025 10:30:14,26274.50,2475
26-11-2025 10:30:13,26272.00,75
26-11-2025 10:30:10,26274.00,750
26-11-2025 10:30:09,26266.30,825
26-11-2025 10:30:07,26274.00,1275
26-11-2025 10:30:04,26273.00,825
26-11-2025 10:30:03,26266.00,2775
26-11-2025 10:29:59,26266.00,75
26-11-2025 10:29:58,26266.00,150
26-11-2025 10:29:56,26266.00,150
26-11-2025 10:29:54,26267.00,75
26-11-2025 10:29:53,26267.00,75
26-11-2025 10:29:51,26266.00,525
26-11-2025 10:29:50,26269.90,225
26-11-2025 10:29:48,26269.40,75
26-11-2025 10:29:46,26267.00,75
26-11-2025 10:29:43,26267.00,1650
26-11-2025 10:29:40,26267.00,75
26-11-2025 10:29:38,26268.00,150
26-11-2025 10:29:36,26267.00,600
26-11-2025 10:29:31,26267.00,300
26-11-2025 10:29:30,26267.00,150
26-11-2025 10:29:28,26267.00,1125
26-11-2025 10:29:25,26269.60,75
26-11-2025 10:29:23,26268.70,75
26-11-2025 10:29:21,26268.60,225
26-11-2025 10:29:20,26267.00,525
26-11-2025 10:29:18,26267.00,75
26-11-2025 10:29:17,26268.40,150
26-11-2025 10:29:15,26268.00,450
26-11-2025 10:29:14,26268.00,300
26-11-2025 10:29:12,26266.00,225
26-11-2025 10:29:10,26268.30,75
26-11-2025 10:29:09,26267.00,75
26-11-2025 10:29:07,26266.00,225
26-11-2025 10:29:05,26266.10,150
26-11-2025 10:29:04,26268.70,75
26-11-2025 10:29:00,26268.50,750
26-11-2025 10:28:57,26266.00,300
26-11-2025 10:28:52,26265.00,375
26-11-2025 10:28:49,26265.60,75
26-11-2025 10:28:47,26265.00,75
26-11-2025 10:28:45,26266.00,75
26-11-2025 10:28:44,26269.00,150
26-11-2025 10:28:42,26265.10,225
26-11-2025 10:28:40,26267.90,75
26-11-2025 10:28:37,26268.70,75
26-11-2025 10:28:31,26268.40,750
26-11-2025 10:28:29,26265.00,150
26-11-2025 10:28:27,26268.00,1200
26-11-2025 10:28:26,26266.00,300
26-11-2025 10:28:24,26266.80,600
26-11-2025 10:28:22,26265.00,675
26-11-2025 10:28:21,26266.40,1050
26-11-2025 10:28:17,26265.00,900
26-11-2025 10:28:16,26265.00,150
26-11-2025 10:28:12,26265.00,225
26-11-2025 10:28:11,26268.00,150
26-11-2025 10:28:09,26266.00,75
26-11-2025 10:28:07,26268.00,300
26-11-2025 10:28:06,26268.00,75
26-11-2025 10:28:04,26266.00,450
26-11-2025 10:28:02,26268.00,75
26-11-2025 10:28:01,26268.00,75
26-11-2025 10:27:59,26269.90,75
26-11-2025 10:27:57,26270.00,75
26-11-2025 10:27:56,26266.00,75
26-11-2025 10:27:54,26269.80,675
26-11-2025 10:27:52,26273.00,1500
26-11-2025 10:27:51,26269.90,75
26-11-2025 10:27:49,26271.60,1125
26-11-2025 10:27:48,26269.80,1800
26-11-2025 10:27:46,26269.80,1950
26-11-2025 10:27:41,26269.70,300
26-11-2025 10:27:39,26267.00,900
26-11-2025 10:27:38,26267.00,75
26-11-2025 10:27:34,26266.00,150
26-11-2025 10:27:33,26266.20,300
26-11-2025 10:27:31,26266.00,375
26-11-2025 10:27:29,26269.80,150
26-11-2025 10:27:28,26269.80,75
26-11-2025 10:27:26,26266.60,75
26-11-2025 10:27:24,26265.90,150
26-11-2025 10:27:23,26270.00,75
26-11-2025 10:27:21,26267.80,1050
26-11-2025 10:27:18,26265.00,2850
26-11-2025 10:27:16,26265.00,225
26-11-2025 10:27:13,26265.10,1275
26-11-2025 10:27:11,26265.50,900
26-11-2025 10:27:09,26266.70,375
26-11-2025 10:27:08,26266.80,75
26-11-2025 10:27:06,26266.00,225
26-11-2025 10:27:04,26267.10,5400
26-11-2025 10:27:03,26271.00,225
26-11-2025 10:27:01,26273.70,300
26-11-2025 10:26:59,26272.70,75
26-11-2025 10:26:58,26271.10,75
26-11-2025 10:26:56,26271.10,75
26-11-2025 10:26:53,26272.00,75
26-11-2025 10:26:51,26271.20,75
26-11-2025 10:26:49,26274.00,750
26-11-2025 10:26:48,26272.00,225
26-11-2025 10:26:46,26271.20,75
26-11-2025 10:26:44,26274.00,375
26-11-2025 10:26:41,26271.00,75
26-11-2025 10:26:39,26271.10,75
26-11-2025 10:26:32,26275.50,225
26-11-2025 10:26:31,26272.00,75
26-11-2025 10:26:27,26270.80,75
26-11-2025 10:26:26,26270.70,300
26-11-2025 10:26:24,26272.80,150
26-11-2025 10:26:22,26272.50,75
26-11-2025 10:26:21,26270.10,75
26-11-2025 10:26:19,26270.10,225
26-11-2025 10:26:17,26270.30,75
26-11-2025 10:26:16,26270.60,75
26-11-2025 10:26:14,26276.10,375
26-11-2025 10:26:11,26270.60,75
26-11-2025 10:26:08,26270.50,75
26-11-2025 10:26:06,26270.10,225
26-11-2025 10:26:04,26270.30,1050
26-11-2025 10:26:01,26274.00,225
26-11-2025 10:25:58,26274.00,150
26-11-2025 10:25:56,26275.20,150
26-11-2025 10:25:54,26274.00,75
26-11-2025 10:25:51,26274.00,75
26-11-2025 10:25:49,26272.00,75
26-11-2025 10:25:48,26276.80,75
26-11-2025 10:25:46,26272.20,450
26-11-2025 10:25:44,26274.10,75
26-11-2025 10:25:43,26278.10,75
26-11-2025 10:25:41,26275.00,75
26-11-2025 10:25:39,26275.00,300
26-11-2025 10:25:38,26275.20,75
26-11-2025 10:25:36,26275.40,150
26-11-2025 10:25:34,26278.80,75
26-11-2025 10:25:31,26279.70,75
26-11-2025 10:25:29,26275.40,375
26-11-2025 10:25:28,26274.80,375
26-11-2025 10:25:26,26280.00,225
26-11-2025 10:25:23,26275.90,600
26-11-2025 10:25:21,26275.60,150
26-11-2025 10:25:16,26275.80,75
26-11-2025 10:25:14,26281.00,375
26-11-2025 10:25:13,26275.30,675
26-11-2025 10:25:11,26274.40,975
26-11-2025 10:25:10,26275.50,525
26-11-2025 10:25:06,26276.50,975
26-11-2025 10:25:05,26279.00,75
26-11-2025 10:25:02,26276.50,150
26-11-2025 10:25:00,26280.00,75
26-11-2025 10:24:58,26280.00,225
26-11-2025 10:24:57,26280.00,150
26-11-2025 10:24:55,26279.90,75
26-11-2025 10:24:54,26279.70,75
26-11-2025 10:24:50,26275.20,750
26-11-2025 10:24:49,26278.90,300
26-11-2025 10:24:44,26278.70,300
26-11-2025 10:24:42,26275.10,75
26-11-2025 10:24:40,26277.00,75
26-11-2025 10:24:39,26278.00,150
26-11-2025 10:24:37,26278.50,300
26-11-2025 10:24:35,26278.40,2250
26-11-2025 10:24:32,26276.00,750
26-11-2025 10:24:31,26275.30,225
26-11-2025 10:24:29,26275.00,225
26-11-2025 10:24:27,26274.10,375
26-11-2025 10:24:25,26274.20,300
26-11-2025 10:24:22,26274.40,1725
26-11-2025 10:24:20,26275.60,150
26-11-2025 10:24:19,26275.50,75
26-11-2025 10:24:17,26275.30,150
26-11-2025 10:24:15,26274.80,150
26-11-2025 10:24:14,26274.70,300
26-11-2025 10:24:12,26275.10,525
26-11-2025 10:24:10,26275.60,1050
26-11-2025 10:24:09,26275.00,975
26-11-2025 10:24:07,26274.10,150
26-11-2025 10:24:05,26273.90,750
26-11-2025 10:24:04,26275.00,1275
26-11-2025 10:24:02,26273.40,150
26-11-2025 10:24:00,26273.20,225
26-11-2025 10:23:59,26273.00,975
26-11-2025 10:23:57,26272.20,75
26-11-2025 10:23:55,26272.20,225
26-11-2025 10:23:54,26272.00,300
26-11-2025 10:23:52,26271.90,75
26-11-2025 10:23:50,26271.50,375
26-11-2025 10:23:49,26271.60,450
26-11-2025 10:23:47,26271.70,825
26-11-2025 10:23:45,26271.00,225
26-11-2025 10:23:44,26271.00,675
26-11-2025 10:23:42,26271.20,750
26-11-2025 10:23:40,26272.60,300
26-11-2025 10:23:39,26275.00,225
26-11-2025 10:23:37,26274.20,75
26-11-2025 10:23:35,26274.00,75
26-11-2025 10:23:34,26275.00,300
26-11-2025 10:23:32,26274.10,75
26-11-2025 10:23:31,26274.10,225
26-11-2025 10:23:29,26275.00,225
26-11-2025 10:23:27,26275.00,300
26-11-2025 10:23:26,26275.00,450
26-11-2025 10:23:24,26274.10,150
26-11-2025 10:23:22,26274.60,375
26-11-2025 10:23:21,26274.60,75
26-11-2025 10:23:19,26278.00,450
26-11-2025 10:23:17,26275.00,300
26-11-2025 10:23:16,26275.00,150
26-11-2025 10:23:11,26275.00,600
26-11-2025 10:23:09,26278.00,675
26-11-2025 10:23:07,26278.10,150
26-11-2025 10:23:06,26278.00,150
26-11-2025 10:23:04,26278.00,600
26-11-2025 10:23:02,26280.00,1425
26-11-2025 10:23:01,26278.10,300
26-11-2025 10:22:59,26280.00,375
26-11-2025 10:22:57,26280.00,375
26-11-2025 10:22:54,26278.10,300
26-11-2025 10:22:52,26278.00,225
26-11-2025 10:22:51,26279.60,450
26-11-2025 10:22:49,26279.30,2100
26-11-2025 10:22:47,26278.00,225
26-11-2025 10:22:46,26277.80,300
26-11-2025 10:22:44,26276.60,225
26-11-2025 10:22:42,26277.80,900
26-11-2025 10:22:39,26275.00,825
26-11-2025 10:22:36,26275.40,75
26-11-2025 10:22:33,26277.00,450
26-11-2025 10:22:31,26275.00,300
26-11-2025 10:22:29,26275.20,75
26-11-2025 10:22:28,26275.30,525
26-11-2025 10:22:26,26277.80,75
26-11-2025 10:22:23,26275.20,300
26-11-2025 10:22:21,26275.50,300
26-11-2025 10:22:19,26277.80,225
26-11-2025 10:22:18,26275.20,525
26-11-2025 10:22:16,26277.80,150
26-11-2025 10:22:14,26276.80,750
26-11-2025 10:22:13,26277.20,2100
26-11-2025 10:22:11,26276.10,600
26-11-2025 10:22:09,26276.00,375
26-11-2025 10:22:07,26275.10,450
26-11-2025 10:22:06,26274.60,150
26-11-2025 10:22:04,26275.30,150
26-11-2025 10:22:02,26275.30,300
26-11-2025 10:22:01,26275.10,900
26-11-2025 10:21:59,26275.30,1200
26-11-2025 10:21:58,26275.10,225
26-11-2025 10:21:56,26276.00,300
26-11-2025 10:21:54,26275.10,225
26-11-2025 10:21:52,26276.00,225
26-11-2025 10:21:51,26276.00,450
26-11-2025 10:21:49,26277.80,225
26-11-2025 10:21:48,26278.00,75
26-11-2025 10:21:46,26276.00,150
26-11-2025 10:21:44,26276.00,75
26-11-2025 10:21:41,26278.00,1200
26-11-2025 10:21:39,26275.50,225
26-11-2025 10:21:38,26276.00,75
26-11-2025 10:21:36,26275.50,75
26-11-2025 10:21:31,26276.00,300
26-11-2025 10:21:29,26278.70,675
26-11-2025 10:21:28,26278.00,225
26-11-2025 10:21:26,26278.00,75
26-11-2025 10:21:24,26278.00,150
26-11-2025 10:21:21,26280.00,450
26-11-2025 10:21:19,26281.00,300
26-11-2025 10:21:18,26280.00,300
26-11-2025 10:21:16,26280.00,450
26-11-2025 10:21:15,26278.00,150
26-11-2025 10:21:13,26278.00,675
26-11-2025 10:21:10,26277.90,75
26-11-2025 10:21:08,26277.90,975
26-11-2025 10:21:06,26278.30,75
26-11-2025 10:21:05,26277.60,225
26-11-2025 10:21:03,26278.30,375
26-11-2025 10:21:01,26280.00,225
26-11-2025 10:21:00,26277.50,75
26-11-2025 10:20:58,26277.80,300
26-11-2025 10:20:56,26276.50,75
26-11-2025 10:20:55,26276.60,525
26-11-2025 10:20:53,26277.90,1350
26-11-2025 10:20:51,26284.00,1950
26-11-2025 10:20:50,26278.80,75
26-11-2025 10:20:48,26279.20,150
26-11-2025 10:20:45,26281.00,75
26-11-2025 10:20:43,26279.40,150
26-11-2025 10:20:38,26280.90,75
26-11-2025 10:20:36,26280.50,150
26-11-2025 10:20:35,26280.30,225
26-11-2025 10:20:33,26280.00,1125
26-11-2025 10:20:31,26281.00,300
26-11-2025 10:20:30,26280.50,1125
26-11-2025 10:20:28,26281.90,300
26-11-2025 10:20:26,26280.90,1200
26-11-2025 10:20:25,26284.90,1050
26-11-2025 10:20:23,26282.70,150
26-11-2025 10:20:20,26281.00,300
26-11-2025 10:20:18,26280.80,750
26-11-2025 10:20:16,26280.90,2475
26-11-2025 10:20:15,26282.70,150
26-11-2025 10:20:13,26282.00,750
26-11-2025 10:20:10,26282.60,75
26-11-2025 10:20:06,26282.60,75
26-11-2025 10:20:05,26281.90,150
26-11-2025 10:20:03,26281.90,1425
26-11-2025 10:20:02,26282.60,375
26-11-2025 10:20:00,26284.00,300
26-11-2025 10:19:58,26285.00,675
26-11-2025 10:19:57,26283.60,225
26-11-2025 10:19:55,26282.00,300
26-11-2025 10:19:53,26282.10,900
26-11-2025 10:19:52,26283.20,75
26-11-2025 10:19:50,26283.00,150
26-11-2025 10:19:48,26285.00,450
26-11-2025 10:19:47,26285.00,150
26-11-2025 10:19:45,26285.00,150
26-11-2025 10:19:43,26285.00,150
26-11-2025 10:19:42,26285.00,75
26-11-2025 10:19:40,26282.80,75
26-11-2025 10:19:38,26282.80,75
26-11-2025 10:19:37,26282.90,525
26-11-2025 10:19:35,26287.00,2100
26-11-2025 10:19:34,26287.20,150
26-11-2025 10:19:32,26287.50,750
26-11-2025 10:19:27,26287.80,150
26-11-2025 10:19:26,26287.00,675
26-11-2025 10:19:24,26287.80,75
26-11-2025 10:19:22,26287.80,150
26-11-2025 10:19:21,26287.80,525
26-11-2025 10:19:19,26287.00,450
26-11-2025 10:19:17,26283.20,1500
26-11-2025 10:19:16,26287.00,150
26-11-2025 10:19:14,26287.00,375
26-11-2025 10:19:12,26286.80,225
26-11-2025 10:19:11,26286.80,75
26-11-2025 10:19:09,26286.80,225
26-11-2025 10:19:07,26286.80,75
26-11-2025 10:19:06,26286.80,975
26-11-2025 10:19:04,26285.60,75
26-11-2025 10:19:03,26283.00,75
26-11-2025 10:19:01,26283.00,525
26-11-2025 10:18:59,26283.10,150
26-11-2025 10:18:58,26283.30,825
26-11-2025 10:18:56,26287.00,225
26-11-2025 10:18:54,26286.00,225
26-11-2025 10:18:53,26286.00,1050
26-11-2025 10:18:51,26283.00,75
26-11-2025 10:18:49,26283.20,150
26-11-2025 10:18:46,26282.90,75
26-11-2025 10:18:44,26286.00,825
26-11-2025 10:18:43,26286.00,375
26-11-2025 10:18:41,26286.00,825
26-11-2025 10:18:39,26284.10,75
26-11-2025 10:18:38,26285.00,150
26-11-2025 10:18:36,26285.00,150
26-11-2025 10:18:34,26285.00,300
26-11-2025 10:18:33,26285.00,75
26-11-2025 10:18:31,26285.00,750
26-11-2025 10:18:29,26287.80,75
26-11-2025 10:18:28,26288.00,300
26-11-2025 10:18:26,26287.80,750
26-11-2025 10:18:24,26285.00,150
26-11-2025 10:18:23,26287.30,150
26-11-2025 10:18:21,26285.00,450
26-11-2025 10:18:19,26285.00,225
26-11-2025 10:18:18,26285.00,825
26-11-2025 10:18:16,26285.00,900
26-11-2025 10:18:14,26287.50,450
26-11-2025 10:18:13,26287.30,225
26-11-2025 10:18:11,26287.00,150
26-11-2025 10:18:09,26287.00,75
26-11-2025 10:18:08,26287.00,150
26-11-2025 10:18:06,26287.00,450
26-11-2025 10:18:04,26285.00,375
26-11-2025 10:18:03,26285.00,225
26-11-2025 10:17:59,26285.00,75
26-11-2025 10:17:58,26285.00,450
26-11-2025 10:17:56,26285.00,525
26-11-2025 10:17:54,26285.00,75
26-11-2025 10:17:53,26285.00,300
26-11-2025 10:17:51,26285.00,1425
26-11-2025 10:17:49,26285.00,300
26-11-2025 10:17:48,26285.00,1125
26-11-2025 10:17:46,26287.50,450
26-11-2025 10:17:44,26287.60,75
26-11-2025 10:17:41,26288.00,300
26-11-2025 10:17:39,26288.20,300
26-11-2025 10:17:38,26290.00,1125
26-11-2025 10:17:36,26290.00,900
26-11-2025 10:17:34,26290.00,2400
26-11-2025 10:17:33,26289.00,525
26-11-2025 10:17:31,26289.00,300
26-11-2025 10:17:29,26286.80,1725
26-11-2025 10:17:28,26287.50,2475
26-11-2025 10:17:26,26288.00,375
26-11-2025 10:17:24,26285.20,3825
26-11-2025 10:17:23,26288.00,75
26-11-2025 10:17:21,26286.80,150
26-11-2025 10:17:19,26287.00,450
26-11-2025 10:17:14,26286.80,450
26-11-2025 10:17:13,26287.50,2325
26-11-2025 10:17:11,26286.50,7800
26-11-2025 10:17:09,26289.00,300
26-11-2025 10:17:08,26288.60,2025
26-11-2025 10:17:06,26288.60,1425
26-11-2025 10:17:04,26287.90,1125
26-11-2025 10:17:03,26285.40,2775
26-11-2025 10:17:01,26285.80,8775
26-11-2025 10:16:59,26288.00,450
26-11-2025 10:16:58,26288.00,1050
26-11-2025 10:16:56,26288.00,675
26-11-2025 10:16:54,26288.00,750
26-11-2025 10:16:53,26286.10,1650
26-11-2025 10:16:51,26285.30,1425
26-11-2025 10:16:50,26287.80,150
26-11-2025 10:16:48,26286.80,1125
26-11-2025 10:16:46,26285.50,75
26-11-2025 10:16:45,26286.00,75
26-11-2025 10:16:43,26286.00,150
26-11-2025 10:16:41,26286.00,450
26-11-2025 10:16:40,26286.00,375
26-11-2025 10:16:38,26286.00,600
26-11-2025 10:16:37,26286.00,300
26-11-2025 10:16:35,26286.00,1050
26-11-2025 10:16:33,26288.00,675
26-11-2025 10:16:32,26289.30,1050
26-11-2025 10:16:30,26289.50,75
26-11-2025 10:16:28,26289.30,375
26-11-2025 10:16:27,26289.00,75
26-11-2025 10:16:25,26290.00,300
26-11-2025 10:16:23,26288.00,450
26-11-2025 10:16:22,26290.00,3750
26-11-2025 10:16:20,26290.10,4350
26-11-2025 10:16:18,26290.10,150
26-11-2025 10:16:17,26290.10,1650
26-11-2025 10:16:15,26290.10,1800
26-11-2025 10:16:13,26288.00,900
26-11-2025 10:16:12,26288.00,225
26-11-2025 10:16:10,26288.00,225
26-11-2025 10:16:08,26288.00,75
26-11-2025 10:16:07,26288.00,75
26-11-2025 10:16:05,26288.00,75
26-11-2025 10:16:03,26288.00,975
26-11-2025 10:16:02,26292.00,150
26-11-2025 10:16:00,26287.00,75
26-11-2025 10:15:58,26292.80,150
26-11-2025 10:15:57,26287.30,975
26-11-2025 10:15:55,26292.50,225
26-11-2025 10:15:53,26292.50,75
26-11-2025 10:15:52,26292.50,900
26-11-2025 10:15:50,26287.70,225
26-11-2025 10:15:48,26285.80,1350
26-11-2025 10:15:47,26289.00,450
26-11-2025 10:15:45,26285.70,1050
26-11-2025 10:15:43,26289.00,675
26-11-2025 10:15:42,26287.00,450
26-11-2025 10:15:40,26291.80,750
26-11-2025 10:15:38,26287.00,450
26-11-2025 10:15:37,26287.10,675
26-11-2025 10:15:35,26286.80,1200
26-11-2025 10:15:33,26289.00,375
26-11-2025 10:15:32,26289.00,300
26-11-2025 10:15:30,26289.00,675
26-11-2025 10:15:29,26289.00,750
26-11-2025 10:15:27,26289.00,225
26-11-2025 10:15:25,26289.00,150
26-11-2025 10:15:23,26291.20,300
26-11-2025 10:15:22,26289.00,525
26-11-2025 10:15:20,26285.50,1425
26-11-2025 10:15:18,26291.70,1200
26-11-2025 10:15:17,26285.80,525
26-11-2025 10:15:15,26286.00,1275
26-11-2025 10:15:13,26291.40,1950
26-11-2025 10:15:12,26290.00,1800
26-11-2025 10:15:10,26289.00,1875
26-11-2025 10:15:08,26287.40,4950
26-11-2025 10:15:07,26287.00,1500
26-11-2025 10:15:05,26286.80,3825
26-11-2025 10:15:03,26287.00,1875
26-11-2025 10:15:02,26285.10,525
26-11-2025 10:15:00,26287.00,300
26-11-2025 10:14:58,26282.90,900
26-11-2025 10:14:57,26282.40,150
26-11-2025 10:14:55,26287.00,600
26-11-2025 10:14:53,26282.10,1125
26-11-2025 10:14:52,26286.10,225
26-11-2025 10:14:50,26286.20,450
26-11-2025 10:14:48,26283.80,600
26-11-2025 10:14:47,26285.00,1800
26-11-2025 10:14:45,26285.00,300
26-11-2025 10:14:43,26286.20,150
26-11-2025 10:14:42,26288.00,525
26-11-2025 10:14:40,26287.00,300
26-11-2025 10:14:37,26287.60,225
26-11-2025 10:14:35,26288.00,900
26-11-2025 10:14:34,26285.90,600
26-11-2025 10:14:32,26283.80,375
26-11-2025 10:14:30,26283.90,375
26-11-2025 10:14:29,26283.80,2325
26-11-2025 10:14:27,26284.90,375
26-11-2025 10:14:25,26283.90,300
26-11-2025 10:14:24,26284.80,525
26-11-2025 10:14:22,26280.00,150
26-11-2025 10:14:20,26280.70,450
26-11-2025 10:14:19,26280.70,150
26-11-2025 10:14:17,26280.60,150
26-11-2025 10:14:15,26280.50,900
26-11-2025 10:14:14,26283.00,75
26-11-2025 10:14:12,26281.30,1050
26-11-2025 10:14:10,26284.80,75
26-11-2025 10:14:07,26283.00,300
26-11-2025 10:14:05,26284.80,150
26-11-2025 10:14:04,26283.90,75
26-11-2025 10:14:02,26282.00,75
26-11-2025 10:14:00,26281.50,225
26-11-2025 10:13:59,26284.10,225
26-11-2025 10:13:57,26282.60,1575
26-11-2025 10:13:56,26282.60,75
26-11-2025 10:13:54,26282.60,75
26-11-2025 10:13:52,26282.30,150
26-11-2025 10:13:50,26282.80,750
26-11-2025 10:13:49,26286.00,450
26-11-2025 10:13:47,26281.30,3075
26-11-2025 10:13:45,26279.20,10125
26-11-2025 10:13:44,26285.60,375
26-11-2025 10:13:42,26283.00,2250
26-11-2025 10:13:40,26284.10,75
26-11-2025 10:13:39,26286.50,225
26-11-2025 10:13:37,26286.00,675
26-11-2025 10:13:35,26285.90,150
26-11-2025 10:13:34,26285.60,150
26-11-2025 10:13:30,26286.90,225
26-11-2025 10:13:29,26287.90,150
26-11-2025 10:13:27,26286.40,150
26-11-2025 10:13:26,26285.90,450
26-11-2025 10:13:24,26287.00,75
26-11-2025 10:13:22,26286.80,225
26-11-2025 10:13:21,26287.00,75
26-11-2025 10:13:19,26287.00,75
26-11-2025 10:13:17,26287.00,225
26-11-2025 10:13:16,26287.00,375
26-11-2025 10:13:14,26287.00,225
26-11-2025 10:13:12,26286.60,300
26-11-2025 10:13:11,26283.70,2925
26-11-2025 10:13:09,26286.80,11550
26-11-2025 10:13:07,26286.10,75
26-11-2025 10:13:04,26283.00,225
26-11-2025 10:13:02,26283.00,1200
26-11-2025 10:13:01,26286.10,75
26-11-2025 10:12:59,26283.00,375
26-11-2025 10:12:57,26284.20,1050
26-11-2025 10:12:56,26282.30,300
26-11-2025 10:12:54,26283.70,150
26-11-2025 10:12:52,26284.70,75
26-11-2025 10:12:51,26281.50,75
26-11-2025 10:12:49,26281.50,525
26-11-2025 10:12:47,26284.00,450
26-11-2025 10:12:44,26280.70,750
26-11-2025 10:12:42,26284.10,525
26-11-2025 10:12:41,26283.90,300
26-11-2025 10:12:39,26280.60,525
26-11-2025 10:12:37,26280.20,1275
26-11-2025 10:12:36,26283.10,8700
26-11-2025 10:12:34,26280.00,675
26-11-2025 10:12:33,26278.70,750
26-11-2025 10:12:31,26278.20,1350
26-11-2025 10:12:29,26278.20,300
26-11-2025 10:12:28,26277.20,300
26-11-2025 10:12:26,26276.70,225
26-11-2025 10:12:24,26276.50,300
26-11-2025 10:12:23,26279.00,300
26-11-2025 10:12:21,26275.60,975
26-11-2025 10:12:19,26276.10,750
26-11-2025 10:12:18,26275.80,2550
26-11-2025 10:12:16,26274.80,450
26-11-2025 10:12:14,26275.00,525
26-11-2025 10:12:13,26273.50,225
26-11-2025 10:12:11,26273.50,150
26-11-2025 10:12:09,26274.30,300
26-11-2025 10:12:08,26274.80,675
26-11-2025 10:12:06,26278.20,525
26-11-2025 10:12:04,26277.00,450
26-11-2025 10:12:03,26275.70,525
26-11-2025 10:12:01,26275.00,750
26-11-2025 10:11:59,26274.90,750
26-11-2025 10:11:58,26274.60,750
26-11-2025 10:11:56,26276.20,450
26-11-2025 10:11:54,26273.40,225
26-11-2025 10:11:53,26276.20,1275
26-11-2025 10:11:49,26273.40,300
26-11-2025 10:11:48,26278.90,675
26-11-2025 10:11:46,26276.50,900
26-11-2025 10:11:43,26277.30,975
26-11-2025 10:11:41,26276.60,2775
26-11-2025 10:11:39,26276.50,525
26-11-2025 10:11:38,26276.00,675
26-11-2025 10:11:36,26276.00,450
26-11-2025 10:11:34,26278.20,750
26-11-2025 10:11:32,26276.50,750
26-11-2025 10:11:31,26276.60,1275
26-11-2025 10:11:29,26276.60,525
26-11-2025 10:11:27,26276.90,150
26-11-2025 10:11:26,26280.00,525
26-11-2025 10:11:24,26277.10,600
26-11-2025 10:11:22,26279.90,450
26-11-2025 10:11:21,26276.90,225
26-11-2025 10:11:19,26281.00,600
26-11-2025 10:11:17,26278.10,900
26-11-2025 10:11:16,26276.50,2175
26-11-2025 10:11:14,26280.00,2550
26-11-2025 10:11:13,26284.90,225
26-11-2025 10:11:11,26282.00,225
26-11-2025 10:11:09,26282.10,150
26-11-2025 10:11:08,26287.70,75
26-11-2025 10:11:06,26282.40,1125
26-11-2025 10:11:04,26283.00,1050
26-11-2025 10:11:03,26284.10,150
26-11-2025 10:11:01,26282.00,600
26-11-2025 10:10:59,26288.00,450
26-11-2025 10:10:58,26284.10,900
26-11-2025 10:10:56,26283.40,300
26-11-2025 10:10:54,26282.90,300
26-11-2025 10:10:53,26283.70,225
26-11-2025 10:10:51,26283.70,450
26-11-2025 10:10:49,26284.10,450
26-11-2025 10:10:48,26284.30,300
26-11-2025 10:10:46,26284.10,225
26-11-2025 10:10:44,26284.50,300
26-11-2025 10:10:43,26284.70,225
26-11-2025 10:10:41,26286.10,1125
26-11-2025 10:10:39,26285.60,675
26-11-2025 10:10:38,26286.00,225
26-11-2025 10:10:36,26286.10,300
26-11-2025 10:10:34,26286.00,300
26-11-2025 10:10:33,26287.00,375
26-11-2025 10:10:29,26289.00,300
26-11-2025 10:10:28,26290.00,75
26-11-2025 10:10:26,26290.00,75
26-11-2025 10:10:24,26289.00,300
26-11-2025 10:10:23,26290.40,1800
26-11-2025 10:10:21,26289.00,150
26-11-2025 10:10:20,26289.00,75
26-11-2025 10:10:18,26290.00,225
26-11-2025 10:10:16,26293.00,225
26-11-2025 10:10:15,26287.30,1950
26-11-2025 10:10:13,26290.00,75
26-11-2025 10:10:12,26288.00,150
26-11-2025 10:10:10,26289.10,225
26-11-2025 10:10:08,26291.30,525
26-11-2025 10:10:07,26291.50,450
26-11-2025 10:10:05,26288.00,1275
26-11-2025 10:10:03,26288.00,150
26-11-2025 10:10:02,26290.20,300
26-11-2025 10:10:00,26291.00,300
26-11-2025 10:09:58,26289.20,75
26-11-2025 10:09:57,26288.10,375
26-11-2025 10:09:55,26290.00,300
26-11-2025 10:09:52,26288.10,1200
26-11-2025 10:09:50,26288.60,1200
26-11-2025 10:09:48,26289.20,225
26-11-2025 10:09:47,26291.50,150
26-11-2025 10:09:45,26289.20,825
26-11-2025 10:09:43,26289.20,975
26-11-2025 10:09:42,26289.10,300
26-11-2025 10:09:40,26290.00,225
26-11-2025 10:09:38,26289.00,225
26-11-2025 10:09:37,26293.90,300
26-11-2025 10:09:35,26288.50,150
26-11-2025 10:09:33,26290.00,600
26-11-2025 10:09:32,26290.00,600
26-11-2025 10:09:30,26290.00,150
26-11-2025 10:09:28,26290.00,150
26-11-2025 10:09:27,26294.00,75
26-11-2025 10:09:25,26290.00,150
26-11-2025 10:09:23,26290.00,375
26-11-2025 10:09:22,26290.00,75
26-11-2025 10:09:20,26291.30,450
26-11-2025 10:09:18,26290.40,900
26-11-2025 10:09:17,26295.40,150
26-11-2025 10:09:15,26290.20,75
26-11-2025 10:09:14,26290.30,1350
26-11-2025 10:09:12,26295.00,300
26-11-2025 10:09:10,26295.90,300
26-11-2025 10:09:08,26290.90,300
26-11-2025 10:09:07,26295.30,150
26-11-2025 10:09:05,26295.60,900
26-11-2025 10:09:03,26295.00,75
26-11-2025 10:09:02,26294.00,75
26-11-2025 10:09:00,26292.10,225
26-11-2025 10:08:58,26296.00,900
26-11-2025 10:08:57,26296.00,225
26-11-2025 10:08:55,26291.00,1050
26-11-2025 10:08:53,26292.60,600
26-11-2025 10:08:52,26297.00,450
26-11-2025 10:08:50,26291.70,1050
26-11-2025 10:08:48,26293.10,75
26-11-2025 10:08:47,26293.50,600
26-11-2025 10:08:45,26294.10,2700
26-11-2025 10:08:43,26294.70,300
26-11-2025 10:08:42,26294.50,225
26-11-2025 10:08:40,26294.40,1050
26-11-2025 10:08:38,26296.00,150
26-11-2025 10:08:37,26297.00,225
26-11-2025 10:08:35,26294.20,150
26-11-2025 10:08:33,26294.40,150
26-11-2025 10:08:32,26294.10,225
26-11-2025 10:08:30,26294.20,300
26-11-2025 10:08:28,26295.00,75
26-11-2025 10:08:27,26297.00,225
26-11-2025 10:08:25,26295.00,600
26-11-2025 10:08:23,26297.30,225
26-11-2025 10:08:20,26298.00,150
26-11-2025 10:08:17,26296.60,450
26-11-2025 10:08:15,26299.00,675
26-11-2025 10:08:13,26296.20,2550
26-11-2025 10:08:12,26296.50,750
26-11-2025 10:08:11,26298.40,300
26-11-2025 10:08:09,26296.40,600
26-11-2025 10:08:07,26295.30,600
26-11-2025 10:08:05,26297.00,525
26-11-2025 10:08:04,26295.70,900
26-11-2025 10:08:02,26297.00,1050
26-11-2025 10:08:00,26296.70,900
26-11-2025 10:07:59,26296.70,150
26-11-2025 10:07:57,26293.90,525
26-11-2025 10:07:55,26293.20,600
26-11-2025 10:07:54,26296.70,300
26-11-2025 10:07:52,26296.70,600
26-11-2025 10:07:50,26295.90,150
26-11-2025 10:07:49,26295.00,150
26-11-2025 10:07:47,26293.80,600
26-11-2025 10:07:45,26294.80,375
26-11-2025 10:07:44,26295.00,150
26-11-2025 10:07:42,26294.80,75
26-11-2025 10:07:40,26293.60,1200
26-11-2025 10:07:39,26293.60,1575
26-11-2025 10:07:37,26293.70,525
26-11-2025 10:07:35,26293.30,225
26-11-2025 10:07:34,26291.80,225
26-11-2025 10:07:32,26292.20,150
26-11-2025 10:07:30,26295.00,375
26-11-2025 10:07:29,26291.50,975
26-11-2025 10:07:27,26291.00,825
26-11-2025 10:07:25,26291.50,900
26-11-2025 10:07:24,26291.70,150
26-11-2025 10:07:22,26294.90,600
26-11-2025 10:07:20,26291.80,2100
26-11-2025 10:07:19,26292.00,1425
26-11-2025 10:07:17,26290.80,825
26-11-2025 10:07:15,26290.80,375
26-11-2025 10:07:14,26290.00,900
26-11-2025 10:07:12,26291.00,225
26-11-2025 10:07:10,26292.00,225
26-11-2025 10:07:09,26291.20,225
26-11-2025 10:07:07,26290.50,975
26-11-2025 10:07:05,26290.50,1275
26-11-2025 10:07:04,26292.10,75
26-11-2025 10:07:02,26292.10,450
26-11-2025 10:07:00,26297.80,750
26-11-2025 10:06:59,26296.70,75
26-11-2025 10:06:55,26297.00,300
26-11-2025 10:06:53,26292.10,225
26-11-2025 10:06:52,26292.10,1275
26-11-2025 10:06:50,26297.90,3300
26-11-2025 10:06:49,26290.90,300
26-11-2025 10:06:47,26290.50,1275
26-11-2025 10:06:46,26292.10,600
26-11-2025 10:06:44,26291.00,525
26-11-2025 10:06:42,26298.60,2175
26-11-2025 10:06:40,26296.00,900
26-11-2025 10:06:39,26299.50,2325
26-11-2025 10:06:37,26295.50,450
26-11-2025 10:06:36,26295.90,3225
26-11-2025 10:06:34,26300.00,300
26-11-2025 10:06:32,26299.40,450
26-11-2025 10:06:30,26300.00,1350
26-11-2025 10:06:29,26298.50,225
26-11-2025 10:06:27,26297.80,450
26-11-2025 10:06:25,26298.90,225
26-11-2025 10:06:24,26296.30,3300
26-11-2025 10:06:22,26299.90,375
26-11-2025 10:06:21,26300.00,525
26-11-2025 10:06:19,26297.20,3675
26-11-2025 10:06:17,26299.90,1350
26-11-2025 10:06:16,26297.00,5400
26-11-2025 10:06:14,26298.50,2175
26-11-2025 10:06:12,26296.70,3450
26-11-2025 10:06:11,26300.00,2475
26-11-2025 10:06:09,26300.00,1
26-11-2025 10:06:09,26299.90,1200
26-11-2025 10:06:07,26299.90,750
26-11-2025 10:06:06,26299.40,2025
26-11-2025 10:06:04,26299.90,3375
26-11-2025 10:06:03,26299.00,75
26-11-2025 10:06:01,26297.50,450
26-11-2025 10:05:59,26295.50,375
26-11-2025 10:05:58,26298.40,225
26-11-2025 10:05:56,26297.50,225
26-11-2025 10:05:54,26297.10,1650
26-11-2025 10:05:53,26299.00,1050
26-11-2025 10:05:51,26295.50,1125
26-11-2025 10:05:49,26298.00,225
26-11-2025 10:05:48,26297.00,150
26-11-2025 10:05:46,26296.00,450
26-11-2025 10:05:44,26294.20,825
26-11-2025 10:05:43,26293.30,225
26-11-2025 10:05:41,26293.20,150
26-11-2025 10:05:39,26292.70,675
26-11-2025 10:05:38,26296.00,75
26-11-2025 10:05:36,26296.00,375
26-11-2025 10:05:34,26293.60,1875
26-11-2025 10:05:33,26294.20,975
26-11-2025 10:05:31,26293.10,300
26-11-2025 10:05:29,26295.00,1800
26-11-2025 10:05:28,26292.10,150
26-11-2025 10:05:26,26294.00,225
26-11-2025 10:05:25,26290.90,600
26-11-2025 10:05:23,26294.80,1200
26-11-2025 10:05:21,26294.00,300
26-11-2025 10:05:18,26290.50,375
26-11-2025 10:05:16,26290.60,300
26-11-2025 10:05:15,26294.80,450
26-11-2025 10:05:13,26294.10,1350
26-11-2025 10:05:11,26292.00,150
26-11-2025 10:05:10,26290.50,450
26-11-2025 10:05:08,26289.00,450
26-11-2025 10:05:06,26288.50,1200
26-11-2025 10:05:05,26293.90,975
26-11-2025 10:05:03,26293.90,1350
26-11-2025 10:05:01,26288.60,1200
26-11-2025 10:05:00,26290.00,75
26-11-2025 10:04:58,26288.00,225
26-11-2025 10:04:56,26288.50,225
26-11-2025 10:04:55,26288.50,300
26-11-2025 10:04:53,26286.50,825
26-11-2025 10:04:51,26291.00,300
26-11-2025 10:04:50,26290.00,375
26-11-2025 10:04:48,26288.80,300
26-11-2025 10:04:45,26288.00,225
26-11-2025 10:04:43,26290.00,2400
26-11-2025 10:04:41,26289.50,375
26-11-2025 10:04:40,26288.10,1650
26-11-2025 10:04:38,26286.00,150
26-11-2025 10:04:36,26286.00,600
26-11-2025 10:04:35,26285.30,675
26-11-2025 10:04:33,26286.00,375
26-11-2025 10:04:30,26286.00,300
26-11-2025 10:04:28,26285.10,450
26-11-2025 10:04:26,26285.00,225
26-11-2025 10:04:25,26285.10,825
26-11-2025 10:04:23,26288.00,150
26-11-2025 10:04:21,26287.00,150
26-11-2025 10:04:20,26285.00,2925
26-11-2025 10:04:18,26286.00,675
26-11-2025 10:04:16,26285.20,300
26-11-2025 10:04:13,26285.00,150
26-11-2025 10:04:11,26285.00,375
26-11-2025 10:04:10,26285.00,525
26-11-2025 10:04:08,26284.60,1575
26-11-2025 10:04:06,26288.00,2100
26-11-2025 10:04:03,26285.00,225
26-11-2025 10:04:01,26283.40,525
26-11-2025 10:04:00,26283.90,1350
26-11-2025 10:03:58,26283.90,750
26-11-2025 10:03:56,26284.00,825
26-11-2025 10:03:55,26289.00,150
26-11-2025 10:03:53,26285.00,300
26-11-2025 10:03:51,26285.00,225
26-11-2025 10:03:50,26288.00,825
26-11-2025 10:03:48,26288.80,750
26-11-2025 10:03:46,26288.00,150
26-11-2025 10:03:45,26287.90,450
26-11-2025 10:03:43,26288.00,300
26-11-2025 10:03:41,26288.00,300
26-11-2025 10:03:40,26287.90,525
26-11-2025 10:03:38,26287.90,150
26-11-2025 10:03:36,26284.80,450
26-11-2025 10:03:35,26285.10,600
26-11-2025 10:03:33,26288.00,1050
26-11-2025 10:03:31,26284.90,450
26-11-2025 10:03:30,26284.60,375
26-11-2025 10:03:28,26284.60,600
26-11-2025 10:03:26,26284.50,75
26-11-2025 10:03:25,26284.40,750
26-11-2025 10:03:23,26288.80,1125
26-11-2025 10:03:21,26285.10,150
26-11-2025 10:03:20,26285.00,375
26-11-2025 10:03:18,26288.00,1425
26-11-2025 10:03:16,26287.90,375
26-11-2025 10:03:15,26285.20,300
26-11-2025 10:03:13,26283.70,525
26-11-2025 10:03:11,26288.00,375
26-11-2025 10:03:10,26288.40,75
26-11-2025 10:03:08,26285.20,375
26-11-2025 10:03:06,26283.00,450
26-11-2025 10:03:05,26288.40,750
26-11-2025 10:03:03,26289.50,675
26-11-2025 10:03:01,26288.80,750
26-11-2025 10:03:00,26293.80,450
26-11-2025 10:02:58,26293.10,900
26-11-2025 10:02:57,26293.10,225
26-11-2025 10:02:55,26293.80,450
26-11-2025 10:02:53,26293.80,525
26-11-2025 10:02:52,26294.80,225
26-11-2025 10:02:50,26293.80,900
26-11-2025 10:02:48,26293.80,75
26-11-2025 10:02:47,26293.10,150
26-11-2025 10:02:45,26293.10,225
26-11-2025 10:02:43,26294.80,225
26-11-2025 10:02:42,26293.00,150
26-11-2025 10:02:40,26294.00,225
26-11-2025 10:02:38,26294.80,225
26-11-2025 10:02:37,26294.00,450
26-11-2025 10:02:35,26291.00,150
26-11-2025 10:02:33,26293.90,450
26-11-2025 10:02:31,26294.00,225
26-11-2025 10:02:30,26292.00,1350
26-11-2025 10:02:28,26294.80,150
26-11-2025 10:02:27,26295.10,450
26-11-2025 10:02:25,26296.00,375
26-11-2025 10:02:23,26298.90,375
26-11-2025 10:02:21,26296.00,150
26-11-2025 10:02:20,26298.90,300
26-11-2025 10:02:18,26299.00,450
26-11-2025 10:02:17,26295.00,225
26-11-2025 10:02:15,26298.90,225
26-11-2025 10:02:13,26294.50,1125
26-11-2025 10:02:12,26293.00,900
26-11-2025 10:02:10,26295.20,2025
26-11-2025 10:02:08,26297.20,4125
26-11-2025 10:02:07,26292.50,2325
26-11-2025 10:02:05,26297.30,900
26-11-2025 10:02:03,26299.00,4425
26-11-2025 10:02:02,26292.50,675
26-11-2025 10:02:00,26293.30,1275
26-11-2025 10:01:58,26298.40,675
26-11-2025 10:01:55,26293.70,1
26-11-2025 10:01:55,26298.40,1800
26-11-2025 10:01:53,26292.50,1650
26-11-2025 10:01:52,26293.50,2400
26-11-2025 10:01:50,26294.00,1950
26-11-2025 10:01:48,26297.30,975
26-11-2025 10:01:47,26292.10,1
26-11-2025 10:01:47,26298.00,3000
26-11-2025 10:01:45,26295.40,300
26-11-2025 10:01:43,26296.90,675
26-11-2025 10:01:42,26296.00,225
26-11-2025 10:01:40,26295.40,225
26-11-2025 10:01:38,26297.70,1
26-11-2025 10:01:38,26294.90,1275
26-11-2025 10:01:37,26293.90,825
26-11-2025 10:01:35,26294.40,225
26-11-2025 10:01:33,26293.40,150
26-11-2025 10:01:32,26297.00,1
26-11-2025 10:01:32,26293.40,3075
26-11-2025 10:01:30,26294.80,750
26-11-2025 10:01:28,26293.70,150
26-11-2025 10:01:27,26294.70,375
26-11-2025 10:01:25,26293.50,450
26-11-2025 10:01:23,26293.30,900
26-11-2025 10:01:22,26292.90,450
26-11-2025 10:01:20,26291.70,450
26-11-2025 10:01:18,26292.90,450
26-11-2025 10:01:17,26291.70,450
26-11-2025 10:01:15,26293.90,225
26-11-2025 10:01:13,26292.20,2700
26-11-2025 10:01:12,26293.00,1425
26-11-2025 10:01:10,26293.70,300
26-11-2025 10:01:08,26293.70,525
26-11-2025 10:01:07,26293.00,2325
26-11-2025 10:01:05,26291.20,300
26-11-2025 10:01:03,26291.00,900
26-11-2025 10:01:02,26292.00,525
26-11-2025 10:01:00,26292.80,525
26-11-2025 10:00:58,26292.00,300
26-11-2025 10:00:57,26292.00,450
26-11-2025 10:00:55,26293.60,225
26-11-2025 10:00:53,26293.30,1500
26-11-2025 10:00:52,26292.00,225
26-11-2025 10:00:50,26292.10,300
26-11-2025 10:00:48,26292.00,150
26-11-2025 10:00:47,26292.00,600
26-11-2025 10:00:45,26296.50,1425
26-11-2025 10:00:43,26296.60,1275
26-11-2025 10:00:42,26292.00,525
26-11-2025 10:00:40,26290.00,1
26-11-2025 10:00:40,26296.00,2625
26-11-2025 10:00:38,26295.20,1425
26-11-2025 10:00:37,26293.80,1
26-11-2025 10:00:37,26295.90,6525
26-11-2025 10:00:35,26293.80,975
26-11-2025 10:00:34,26294.50,675
26-11-2025 10:00:32,26294.80,1575
26-11-2025 10:00:30,26293.30,1275
26-11-2025 10:00:29,26292.60,1200
26-11-2025 10:00:27,26295.00,1
26-11-2025 10:00:27,26290.90,2700
26-11-2025 10:00:25,26290.90,1050
26-11-2025 10:00:24,26292.40,8475
26-11-2025 10:00:22,26294.20,1
26-11-2025 10:00:22,26294.80,4950
26-11-2025 10:00:20,26294.70,1
26-11-2025 10:00:20,26294.00,1575
26-11-2025 10:00:19,26293.00,2700
26-11-2025 10:00:17,26293.00,1275
26-11-2025 10:00:16,26293.00,975
26-11-2025 10:00:16,26293.00,1
26-11-2025 10:00:16,26294.60,3000
26-11-2025 10:00:15,26294.00,1050
26-11-2025 10:00:13,26293.90,1
26-11-2025 10:00:13,26294.00,2625
26-11-2025 10:00:11,26292.70,825
26-11-2025 10:00:11,26293.10,4350
26-11-2025 10:00:08,26292.40,1125
26-11-2025 10:00:04,26292.90,1
26-11-2025 10:00:04,26293.60,10125
26-11-2025 10:00:02,26290.00,6300
26-11-2025 10:00:00,26286.50,1200
26-11-2025 09:59:59,26287.00,450
26-11-2025 09:59:57,26284.80,675
26-11-2025 09:59:55,26286.00,375
26-11-2025 09:59:54,26283.50,600
26-11-2025 09:59:52,26287.00,375
26-11-2025 09:59:50,26287.00,2025
26-11-2025 09:59:49,26286.00,900
26-11-2025 09:59:47,26285.20,3375
26-11-2025 09:59:45,26281.80,825
26-11-2025 09:59:44,26281.00,300
26-11-2025 09:59:42,26280.10,375
26-11-2025 09:59:40,26280.10,75
26-11-2025 09:59:39,26279.90,75
26-11-2025 09:59:37,26280.00,975
26-11-2025 09:59:36,26280.30,150
26-11-2025 09:59:34,26283.00,525
26-11-2025 09:59:32,26280.10,525
26-11-2025 09:59:31,26282.30,150
26-11-2025 09:59:29,26280.50,75
26-11-2025 09:59:27,26282.50,225
26-11-2025 09:59:26,26280.00,225
26-11-2025 09:59:24,26279.50,375
26-11-2025 09:59:22,26280.10,300
26-11-2025 09:59:21,26280.00,1200
26-11-2025 09:59:19,26279.30,225
26-11-2025 09:59:16,26279.40,600
26-11-2025 09:59:12,26279.50,300
26-11-2025 09:59:11,26280.00,75
26-11-2025 09:59:09,26280.00,525
26-11-2025 09:59:07,26282.30,2400
26-11-2025 09:59:06,26280.00,450
26-11-2025 09:59:04,26280.00,525
26-11-2025 09:59:02,26280.00,375
26-11-2025 09:59:01,26279.00,300
26-11-2025 09:58:59,26279.50,225
26-11-2025 09:58:57,26279.50,375
26-11-2025 09:58:56,26279.80,1200
26-11-2025 09:58:54,26280.00,375
26-11-2025 09:58:53,26278.80,750
26-11-2025 09:58:51,26278.70,1275
26-11-2025 09:58:49,26280.00,450
26-11-2025 09:58:48,26278.80,975
26-11-2025 09:58:46,26280.00,150
26-11-2025 09:58:44,26279.80,75
26-11-2025 09:58:43,26279.00,1125
26-11-2025 09:58:41,26278.80,2925
26-11-2025 09:58:39,26279.60,1125
26-11-2025 09:58:38,26278.90,675
26-11-2025 09:58:36,26278.80,600
26-11-2025 09:58:34,26279.00,750
26-11-2025 09:58:33,26278.00,300
26-11-2025 09:58:31,26279.00,450
26-11-2025 09:58:29,26278.10,300
26-11-2025 09:58:28,26279.00,450
26-11-2025 09:58:26,26278.80,225
26-11-2025 09:58:24,26280.00,2250
26-11-2025 09:58:23,26279.00,75
26-11-2025 09:58:21,26279.80,150
26-11-2025 09:58:19,26277.80,375
26-11-2025 09:58:18,26279.00,150
26-11-2025 09:58:16,26280.00,300
26-11-2025 09:58:13,26279.80,150
26-11-2025 09:58:11,26278.60,825
26-11-2025 09:58:09,26280.30,225
26-11-2025 09:58:08,26280.30,1950
26-11-2025 09:58:06,26277.60,300
26-11-2025 09:58:04,26277.80,300
26-11-2025 09:58:03,26280.00,1575
26-11-2025 09:58:01,26278.90,225
26-11-2025 09:57:59,26277.00,375
26-11-2025 09:57:58,26279.00,225
26-11-2025 09:57:56,26280.00,525
26-11-2025 09:57:54,26279.00,1275
26-11-2025 09:57:53,26278.00,225
26-11-2025 09:57:51,26280.40,225
26-11-2025 09:57:49,26282.50,675
26-11-2025 09:57:48,26282.10,825
26-11-2025 09:57:46,26283.50,1425
26-11-2025 09:57:45,26283.50,1575
26-11-2025 09:57:43,26283.10,6075
26-11-2025 09:57:41,26276.50,2775
26-11-2025 09:57:39,26276.50,300
26-11-2025 09:57:38,26276.30,150
26-11-2025 09:57:36,26277.10,1425
26-11-2025 09:57:34,26277.00,900
26-11-2025 09:57:33,26277.50,225
26-11-2025 09:57:31,26277.50,300
26-11-2025 09:57:29,26277.00,2250
26-11-2025 09:57:26,26278.00,600
26-11-2025 09:57:24,26277.10,300
26-11-2025 09:57:23,26277.50,2025
26-11-2025 09:57:21,26278.50,225
26-11-2025 09:57:19,26277.70,825
26-11-2025 09:57:18,26277.70,300
26-11-2025 09:57:16,26278.30,600
26-11-2025 09:57:14,26280.00,375
26-11-2025 09:57:13,26279.50,150
26-11-2025 09:57:11,26278.30,2475
26-11-2025 09:57:10,26281.30,900
26-11-2025 09:57:08,26279.60,7350
26-11-2025 09:57:06,26278.30,600
26-11-2025 09:57:05,26278.00,375
26-11-2025 09:57:03,26277.50,825
26-11-2025 09:57:01,26278.20,1050
26-11-2025 09:57:00,26277.30,300
26-11-2025 09:56:58,26278.60,375
26-11-2025 09:56:56,26280.50,150
26-11-2025 09:56:55,26281.50,975
26-11-2025 09:56:53,26278.20,150
26-11-2025 09:56:51,26278.10,825
26-11-2025 09:56:50,26279.80,900
26-11-2025 09:56:48,26277.40,375
26-11-2025 09:56:46,26277.70,450
26-11-2025 09:56:45,26277.70,600
26-11-2025 09:56:43,26280.50,1800
26-11-2025 09:56:41,26281.50,1725
26-11-2025 09:56:40,26282.00,1275
26-11-2025 09:56:38,26278.30,825
26-11-2025 09:56:36,26282.00,525
26-11-2025 09:56:35,26282.30,450
26-11-2025 09:56:33,26278.40,300
26-11-2025 09:56:31,26281.80,1500
26-11-2025 09:56:30,26282.40,600
26-11-2025 09:56:28,26280.80,975
26-11-2025 09:56:26,26283.40,375
26-11-2025 09:56:25,26284.00,1125
26-11-2025 09:56:23,26285.10,1050
26-11-2025 09:56:21,26287.00,900
26-11-2025 09:56:20,26287.00,975
26-11-2025 09:56:18,26287.10,450
26-11-2025 09:56:16,26286.50,600
26-11-2025 09:56:15,26287.00,900
26-11-2025 09:56:13,26285.30,825
26-11-2025 09:56:11,26287.00,2700
26-11-2025 09:56:10,26287.00,225
26-11-2025 09:56:08,26287.00,2250
26-11-2025 09:56:06,26287.00,600
26-11-2025 09:56:04,26285.70,2475
26-11-2025 09:56:03,26285.50,1800
26-11-2025 09:56:01,26285.10,975
26-11-2025 09:55:59,26285.20,1200
26-11-2025 09:55:58,26286.40,375
26-11-2025 09:55:56,26288.70,1425
26-11-2025 09:55:55,26287.90,975
26-11-2025 09:55:53,26288.00,525
26-11-2025 09:55:51,26287.50,750
26-11-2025 09:55:50,26288.20,900
26-11-2025 09:55:48,26290.00,1200
26-11-2025 09:55:46,26290.00,1725
26-11-2025 09:55:45,26289.00,450
26-11-2025 09:55:43,26288.50,1575
26-11-2025 09:55:42,26290.00,525
26-11-2025 09:55:40,26290.00,1125
26-11-2025 09:55:38,26288.00,1275
26-11-2025 09:55:37,26289.00,375
26-11-2025 09:55:35,26290.00,525
26-11-2025 09:55:33,26286.60,2250
26-11-2025 09:55:32,26290.00,1200
26-11-2025 09:55:30,26289.50,3150
26-11-2025 09:55:28,26288.00,1875
26-11-2025 09:55:27,26286.50,900
26-11-2025 09:55:25,26286.20,375
26-11-2025 09:55:23,26286.50,525
26-11-2025 09:55:22,26286.50,300
26-11-2025 09:55:20,26286.10,825
26-11-2025 09:55:18,26286.70,1425
26-11-2025 09:55:17,26286.50,2925
26-11-2025 09:55:15,26286.20,825
26-11-2025 09:55:14,26286.00,1950
26-11-2025 09:55:12,26285.70,450
26-11-2025 09:55:10,26285.40,600
26-11-2025 09:55:09,26286.00,1050
26-11-2025 09:55:07,26285.00,675
26-11-2025 09:55:05,26282.70,1125
26-11-2025 09:55:04,26283.00,1950
26-11-2025 09:55:02,26284.80,3150
26-11-2025 09:55:00,26284.80,975
26-11-2025 09:54:59,26284.10,1200
26-11-2025 09:54:57,26281.50,675
26-11-2025 09:54:55,26281.90,450
26-11-2025 09:54:54,26282.60,1500
26-11-2025 09:54:52,26281.00,2025
26-11-2025 09:54:50,26279.00,2400
26-11-2025 09:54:49,26279.50,975
26-11-2025 09:54:47,26279.60,675
26-11-2025 09:54:45,26278.00,675
26-11-2025 09:54:44,26278.00,375
26-11-2025 09:54:42,26279.00,1425
26-11-2025 09:54:40,26278.00,1425
26-11-2025 09:54:39,26276.00,1650
26-11-2025 09:54:37,26275.90,300
26-11-2025 09:54:35,26275.50,3825
26-11-2025 09:54:34,26274.70,825
26-11-2025 09:54:32,26271.40,1800
26-11-2025 09:54:30,26276.50,525
26-11-2025 09:54:29,26275.00,2925
26-11-2025 09:54:27,26274.00,1575
26-11-2025 09:54:25,26274.00,525
26-11-2025 09:54:24,26270.60,525
26-11-2025 09:54:22,26271.80,975
26-11-2025 09:54:20,26273.00,750
26-11-2025 09:54:19,26271.10,750
26-11-2025 09:54:17,26274.80,150
26-11-2025 09:54:15,26270.30,600
26-11-2025 09:54:14,26269.70,1200
26-11-2025 09:54:10,26274.80,2025
26-11-2025 09:54:09,26276.40,600
26-11-2025 09:54:07,26276.70,3150
26-11-2025 09:54:05,26278.80,2100
26-11-2025 09:54:03,26273.60,5325
26-11-2025 09:54:02,26274.60,2625
26-11-2025 09:54:00,26268.00,675
26-11-2025 09:53:58,26268.00,450
26-11-2025 09:53:57,26272.40,225
26-11-2025 09:53:55,26272.60,750
26-11-2025 09:53:53,26266.60,600
26-11-2025 09:53:52,26270.00,525
26-11-2025 09:53:50,26268.30,825
26-11-2025 09:53:48,26273.90,2625
26-11-2025 09:53:47,26271.60,525
26-11-2025 09:53:45,26275.30,1200
26-11-2025 09:53:43,26274.90,3225
26-11-2025 09:53:42,26274.10,300
26-11-2025 09:53:40,26273.70,1350
26-11-2025 09:53:38,26274.80,1425
26-11-2025 09:53:37,26276.70,1425
26-11-2025 09:53:35,26276.40,3150
26-11-2025 09:53:33,26276.50,2550
26-11-2025 09:53:32,26274.60,2100
26-11-2025 09:53:30,26274.30,2175
26-11-2025 09:53:28,26269.00,4650
26-11-2025 09:53:27,26270.70,3450
26-11-2025 09:53:25,26270.00,3225
26-11-2025 09:53:23,26272.40,6300
26-11-2025 09:53:22,26275.50,5700
26-11-2025 09:53:20,26274.40,4575
26-11-2025 09:53:18,26274.60,4425
26-11-2025 09:53:17,26273.90,5625
26-11-2025 09:53:15,26274.30,2175
26-11-2025 09:53:13,26274.60,1125
26-11-2025 09:53:12,26273.30,1500
26-11-2025 09:53:10,26272.00,1125
26-11-2025 09:53:08,26274.90,2850
26-11-2025 09:53:07,26273.30,3450
26-11-2025 09:53:05,26272.40,825
26-11-2025 09:53:03,26273.00,1350
26-11-2025 09:53:02,26274.10,1125
26-11-2025 09:53:00,26270.60,1200
26-11-2025 09:52:58,26269.90,1575
26-11-2025 09:52:57,26270.00,6225
26-11-2025 09:52:55,26279.20,5175
26-11-2025 09:52:53,26283.30,750
26-11-2025 09:52:52,26282.70,2025
26-11-2025 09:52:50,26282.90,1500
26-11-2025 09:52:48,26286.20,450
26-11-2025 09:52:47,26288.00,3600
26-11-2025 09:52:45,26285.40,1800
26-11-2025 09:52:43,26284.00,525
26-11-2025 09:52:42,26282.80,4650
26-11-2025 09:52:40,26285.40,2175
26-11-2025 09:52:38,26286.00,1725
26-11-2025 09:52:37,26286.40,1350
26-11-2025 09:52:35,26289.00,1200
26-11-2025 09:52:33,26286.40,2250
26-11-2025 09:52:32,26286.00,1350
26-11-2025 09:52:30,26285.00,1650
26-11-2025 09:52:28,26285.30,600
26-11-2025 09:52:27,26286.40,975
26-11-2025 09:52:25,26286.10,825
26-11-2025 09:52:23,26285.00,975
26-11-2025 09:52:22,26286.40,450
26-11-2025 09:52:20,26288.00,1500
26-11-2025 09:52:18,26285.00,525
26-11-2025 09:52:17,26288.00,1050
26-11-2025 09:52:15,26284.60,525
26-11-2025 09:52:13,26283.50,1950
26-11-2025 09:52:12,26288.00,2400
26-11-2025 09:52:10,26283.80,1350
26-11-2025 09:52:08,26289.70,1
26-11-2025 09:52:08,26290.00,4950
26-11-2025 09:52:07,26285.00,1
26-11-2025 09:52:07,26289.90,2625
26-11-2025 09:52:05,26287.90,1
26-11-2025 09:52:05,26285.00,3075
26-11-2025 09:52:03,26287.60,1
26-11-2025 09:52:03,26287.70,3150
26-11-2025 09:52:02,26284.40,4425
26-11-2025 09:52:00,26285.00,1875
26-11-2025 09:51:58,26285.00,1725
26-11-2025 09:51:57,26281.80,1
26-11-2025 09:51:57,26284.00,1275
26-11-2025 09:51:55,26281.90,1275
26-11-2025 09:51:53,26280.00,2400
26-11-2025 09:51:52,26280.00,375
26-11-2025 09:51:50,26280.00,2400
26-11-2025 09:51:48,26280.00,1
26-11-2025 09:51:48,26279.10,2775
26-11-2025 09:51:47,26279.90,1050
26-11-2025 09:51:45,26279.10,450
26-11-2025 09:51:43,26279.90,1
26-11-2025 09:51:43,26279.00,1425
26-11-2025 09:51:42,26277.90,4050
26-11-2025 09:51:40,26279.00,225
26-11-2025 09:51:38,26277.90,2475
26-11-2025 09:51:37,26277.00,525
26-11-2025 09:51:35,26278.00,825
26-11-2025 09:51:33,26275.80,1050
26-11-2025 09:51:32,26275.50,3525
26-11-2025 09:51:30,26275.80,2700
26-11-2025 09:51:28,26275.30,1875
26-11-2025 09:51:27,26277.90,1875
26-11-2025 09:51:25,26275.00,1800
26-11-2025 09:51:23,26274.10,450
26-11-2025 09:51:22,26273.70,2625
26-11-2025 09:51:20,26275.00,1125
26-11-2025 09:51:18,26272.50,2700
26-11-2025 09:51:17,26272.60,2325
26-11-2025 09:51:15,26272.60,525
26-11-2025 09:51:13,26273.00,375
26-11-2025 09:51:12,26273.70,525
26-11-2025 09:51:10,26273.70,3600
26-11-2025 09:51:08,26273.70,3000
26-11-2025 09:51:07,26277.90,225
26-11-2025 09:51:05,26276.00,1200
26-11-2025 09:51:03,26279.80,1
26-11-2025 09:51:03,26275.10,3525
26-11-2025 09:51:02,26275.00,825
26-11-2025 09:51:00,26275.00,1
26-11-2025 09:51:00,26277.00,1200
26-11-2025 09:50:58,26276.00,750
26-11-2025 09:50:57,26276.00,1
26-11-2025 09:50:57,26274.30,1650
26-11-2025 09:50:55,26275.00,525
26-11-2025 09:50:53,26272.50,1575
26-11-2025 09:50:52,26275.00,1
26-11-2025 09:50:52,26273.80,5850
26-11-2025 09:50:50,26274.30,975
26-11-2025 09:50:48,26274.00,1
26-11-2025 09:50:48,26274.80,1500
26-11-2025 09:50:47,26272.50,1650
26-11-2025 09:50:45,26273.90,450
26-11-2025 09:50:43,26274.00,1
26-11-2025 09:50:43,26271.00,1500
26-11-2025 09:50:42,26272.00,1425
26-11-2025 09:50:40,26269.00,1
26-11-2025 09:50:40,26272.00,1950
26-11-2025 09:50:38,26269.60,675
26-11-2025 09:50:37,26271.00,1
26-11-2025 09:50:37,26269.00,6225
26-11-2025 09:50:35,26267.00,4200
26-11-2025 09:50:33,26268.50,450
26-11-2025 09:50:32,26269.00,5475
26-11-2025 09:50:30,26268.90,600
26-11-2025 09:50:28,26269.00,525
26-11-2025 09:50:27,26269.00,2400
26-11-2025 09:50:25,26268.10,1875
26-11-2025 09:50:23,26269.00,1200
26-11-2025 09:50:22,26269.00,1
26-11-2025 09:50:22,26267.40,1800
26-11-2025 09:50:20,26268.70,975
26-11-2025 09:50:18,26267.90,1650
26-11-2025 09:50:17,26267.90,2550
26-11-2025 09:50:15,26263.10,450
26-11-2025 09:50:13,26268.00,1
26-11-2025 09:50:13,26263.00,4275
26-11-2025 09:50:12,26262.80,12825
26-11-2025 09:50:10,26258.40,1
26-11-2025 09:50:10,26259.00,2100
26-11-2025 09:50:08,26257.00,1
26-11-2025 09:50:08,26256.00,1050
26-11-2025 09:50:07,26256.80,2475
26-11-2025 09:50:05,26256.00,9225
26-11-2025 09:50:03,26254.50,1800
26-11-2025 09:50:02,26253.00,35325
26-11-2025 09:50:00,26246.70,2025
26-11-2025 09:49:58,26247.00,1350
26-11-2025 09:49:57,26247.00,975
26-11-2025 09:49:55,26247.80,975
26-11-2025 09:49:53,26247.90,1275
26-11-2025 09:49:52,26245.10,375
26-11-2025 09:49:50,26247.00,675
26-11-2025 09:49:48,26247.00,225
26-11-2025 09:49:47,26243.00,1200
26-11-2025 09:49:45,26242.50,525
26-11-2025 09:49:43,26242.00,3975
26-11-2025 09:49:42,26242.60,150
26-11-2025 09:49:40,26242.30,450
26-11-2025 09:49:38,26246.80,375
26-11-2025 09:49:37,26243.70,2100
26-11-2025 09:49:35,26244.00,300
26-11-2025 09:49:33,26242.80,525
26-11-2025 09:49:32,26243.70,300
26-11-2025 09:49:28,26244.40,75
26-11-2025 09:49:27,26247.80,375
26-11-2025 09:49:25,26244.80,750
26-11-2025 09:49:23,26247.00,300
26-11-2025 09:49:22,26244.40,1200
26-11-2025 09:49:20,26245.00,375
26-11-2025 09:49:18,26245.10,900
26-11-2025 09:49:17,26245.00,525
26-11-2025 09:49:15,26248.80,975
26-11-2025 09:49:13,26247.00,150
26-11-2025 09:49:12,26245.00,600
26-11-2025 09:49:10,26245.10,450
26-11-2025 09:49:07,26245.00,450
26-11-2025 09:49:05,26247.10,1
26-11-2025 09:49:05,26248.60,7125
26-11-2025 09:49:03,26245.00,375
26-11-2025 09:49:02,26246.00,525
26-11-2025 09:49:00,26240.60,1050
26-11-2025 09:48:58,26241.00,300
26-11-2025 09:48:57,26246.00,1
26-11-2025 09:48:57,26245.00,1350
26-11-2025 09:48:55,26245.00,1425
26-11-2025 09:48:54,26245.00,1125
26-11-2025 09:48:52,26245.00,450
26-11-2025 09:48:50,26242.00,450
26-11-2025 09:48:49,26244.50,2025
26-11-2025 09:48:47,26245.00,975
26-11-2025 09:48:45,26245.00,3300
26-11-2025 09:48:44,26244.50,675
26-11-2025 09:48:42,26243.70,1500
26-11-2025 09:48:40,26244.00,600
26-11-2025 09:48:39,26242.10,750
26-11-2025 09:48:37,26240.00,825
26-11-2025 09:48:35,26243.00,150
26-11-2025 09:48:32,26242.10,150
26-11-2025 09:48:30,26240.00,825
26-11-2025 09:48:29,26240.10,225
26-11-2025 09:48:27,26240.10,1575
26-11-2025 09:48:25,26242.10,750
26-11-2025 09:48:24,26243.90,750
26-11-2025 09:48:22,26239.00,1200
26-11-2025 09:48:20,26241.10,750
26-11-2025 09:48:19,26240.00,450
26-11-2025 09:48:17,26242.00,375
26-11-2025 09:48:15,26239.30,300
26-11-2025 09:48:14,26240.00,750
26-11-2025 09:48:12,26240.10,150
26-11-2025 09:48:10,26240.00,525
26-11-2025 09:48:09,26240.10,375
26-11-2025 09:48:07,26240.10,2400
26-11-2025 09:48:05,26240.10,450
26-11-2025 09:48:04,26240.40,450
26-11-2025 09:48:02,26240.10,225
26-11-2025 09:48:00,26240.00,450
26-11-2025 09:47:59,26240.40,1050
26-11-2025 09:47:57,26240.10,3000
26-11-2025 09:47:55,26243.10,375
26-11-2025 09:47:54,26243.00,2400
26-11-2025 09:47:52,26243.00,375
26-11-2025 09:47:50,26240.10,825
26-11-2025 09:47:49,26240.10,375
26-11-2025 09:47:47,26243.80,675
26-11-2025 09:47:45,26240.10,750
26-11-2025 09:47:44,26244.00,75
26-11-2025 09:47:43,26243.90,300
26-11-2025 09:47:41,26244.00,225
26-11-2025 09:47:39,26238.10,2400
26-11-2025 09:47:37,26237.80,2400
26-11-2025 09:47:35,26239.30,1275
26-11-2025 09:47:34,26241.00,1650
26-11-2025 09:47:32,26244.90,1425
26-11-2025 09:47:30,26243.90,1500
26-11-2025 09:47:29,26239.50,1725
26-11-2025 09:47:27,26240.00,1425
26-11-2025 09:47:25,26240.00,1500
26-11-2025 09:47:24,26242.00,2475
26-11-2025 09:47:22,26242.60,2250
26-11-2025 09:47:20,26244.00,675
26-11-2025 09:47:19,26245.00,750
26-11-2025 09:47:17,26243.10,750
26-11-2025 09:47:15,26242.60,2475
26-11-2025 09:47:14,26243.30,1950
26-11-2025 09:47:12,26245.00,375
26-11-2025 09:47:10,26244.50,1
26-11-2025 09:47:10,26245.00,2250
26-11-2025 09:47:09,26243.20,600
26-11-2025 09:47:07,26243.30,525
26-11-2025 09:47:05,26243.10,225
26-11-2025 09:47:04,26243.30,450
26-11-2025 09:47:02,26242.90,375
26-11-2025 09:47:00,26240.10,300
26-11-2025 09:46:59,26240.00,450
26-11-2025 09:46:57,26243.90,225
26-11-2025 09:46:56,26244.60,3300
26-11-2025 09:46:54,26243.80,975
26-11-2025 09:46:52,26240.10,450
26-11-2025 09:46:51,26240.00,1275
26-11-2025 09:46:49,26240.10,1575
26-11-2025 09:46:47,26240.10,225
26-11-2025 09:46:46,26240.10,1650
26-11-2025 09:46:44,26242.80,375
26-11-2025 09:46:42,26243.80,1
26-11-2025 09:46:42,26244.90,3300
26-11-2025 09:46:41,26243.00,975
26-11-2025 09:46:39,26242.90,150
26-11-2025 09:46:38,26243.00,1725
26-11-2025 09:46:36,26244.80,3750
26-11-2025 09:46:34,26240.10,1050
26-11-2025 09:46:33,26242.00,600
26-11-2025 09:46:31,26243.00,1650
26-11-2025 09:46:29,26241.90,450
26-11-2025 09:46:28,26240.10,375
26-11-2025 09:46:26,26242.00,1350
26-11-2025 09:46:24,26240.00,600
26-11-2025 09:46:23,26240.00,750
26-11-2025 09:46:21,26240.00,600
26-11-2025 09:46:19,26240.00,2400
26-11-2025 09:46:18,26236.40,750
26-11-2025 09:46:16,26240.00,675
26-11-2025 09:46:14,26239.90,1350
26-11-2025 09:46:13,26235.60,1875
26-11-2025 09:46:11,26240.00,675
26-11-2025 09:46:10,26240.00,225
26-11-2025 09:46:08,26240.00,1275
26-11-2025 09:46:06,26240.00,3000
26-11-2025 09:46:05,26240.00,1575
26-11-2025 09:46:03,26240.00,1275
26-11-2025 09:46:01,26240.00,1275
26-11-2025 09:46:00,26238.10,450
26-11-2025 09:45:58,26240.00,600
26-11-2025 09:45:56,26238.10,450
26-11-2025 09:45:55,26240.00,975
26-11-2025 09:45:53,26240.00,600
26-11-2025 09:45:51,26240.00,5700
26-11-2025 09:45:50,26243.80,4425
26-11-2025 09:45:48,26240.00,2100
26-11-2025 09:45:46,26241.00,2025
26-11-2025 09:45:45,26241.00,1275
26-11-2025 09:45:43,26240.00,2850
26-11-2025 09:45:41,26241.00,1875
26-11-2025 09:45:40,26240.90,1
26-11-2025 09:45:40,26244.00,2700
26-11-2025 09:45:38,26240.90,1
26-11-2025 09:45:38,26243.00,2325
26-11-2025 09:45:36,26240.00,2550
26-11-2025 09:45:35,26240.00,1650
26-11-2025 09:45:34,26235.00,1275
26-11-2025 09:45:31,26238.10,4200
26-11-2025 09:45:30,26240.00,7725
26-11-2025 09:45:29,26240.00,3975
26-11-2025 09:45:28,26240.80,6825
26-11-2025 09:45:27,26240.60,4500
26-11-2025 09:45:24,26240.20,3675
26-11-2025 09:45:22,26242.40,1
26-11-2025 09:45:22,26240.20,36750
26-11-2025 09:45:20,26238.00,750
26-11-2025 09:45:18,26235.00,1
26-11-2025 09:45:18,26239.80,2400
26-11-2025 09:45:17,26238.70,14100
26-11-2025 09:45:15,26238.00,1
26-11-2025 09:45:15,26239.60,9300
26-11-2025 09:45:14,26230.80,1350
26-11-2025 09:45:12,26230.40,1
26-11-2025 09:45:12,26235.00,8850
26-11-2025 09:45:10,26229.90,10650
26-11-2025 09:45:09,26228.00,3000
26-11-2025 09:45:08,26227.00,6675
26-11-2025 09:45:06,26225.00,2025
26-11-2025 09:45:03,26225.00,2175
26-11-2025 09:45:02,26225.00,2700
26-11-2025 09:45:00,26224.80,5025
26-11-2025 09:44:58,26220.00,1050
26-11-2025 09:44:57,26223.00,750
26-11-2025 09:44:55,26223.00,1050
26-11-2025 09:44:53,26223.90,975
26-11-2025 09:44:52,26220.00,600
26-11-2025 09:44:50,26217.60,3975
26-11-2025 09:44:48,26223.20,825
26-11-2025 09:44:47,26223.60,1800
26-11-2025 09:44:45,26223.80,525
26-11-2025 09:44:43,26223.10,225
26-11-2025 09:44:42,26223.60,1200
26-11-2025 09:44:40,26221.00,900
26-11-2025 09:44:38,26216.10,75
26-11-2025 09:44:37,26216.10,150
26-11-2025 09:44:35,26216.10,375
26-11-2025 09:44:33,26221.70,300
26-11-2025 09:44:32,26217.00,750
26-11-2025 09:44:30,26220.00,525
26-11-2025 09:44:28,26216.00,675
26-11-2025 09:44:27,26221.00,1650
26-11-2025 09:44:25,26216.00,1125
26-11-2025 09:44:23,26221.00,825
26-11-2025 09:44:22,26222.50,450
26-11-2025 09:44:20,26216.00,1
26-11-2025 09:44:20,26222.20,6750
26-11-2025 09:44:18,26220.00,675
26-11-2025 09:44:17,26220.00,1200
26-11-2025 09:44:15,26216.00,675
26-11-2025 09:44:13,26214.60,900
26-11-2025 09:44:12,26216.00,450
26-11-2025 09:44:10,26217.80,225
26-11-2025 09:44:08,26217.80,525
26-11-2025 09:44:07,26218.00,525
26-11-2025 09:44:05,26219.70,750
26-11-2025 09:44:04,26216.00,1200
26-11-2025 09:44:02,26220.00,225
26-11-2025 09:44:00,26216.00,375
26-11-2025 09:43:59,26220.00,600
26-11-2025 09:43:57,26216.00,1050
26-11-2025 09:43:55,26220.00,3750
26-11-2025 09:43:54,26218.00,1575
26-11-2025 09:43:52,26215.80,825
26-11-2025 09:43:50,26214.00,525
26-11-2025 09:43:49,26216.00,975
26-11-2025 09:43:47,26216.00,450
26-11-2025 09:43:45,26216.00,1125
26-11-2025 09:43:43,26215.40,75
26-11-2025 09:43:42,26216.00,225
26-11-2025 09:43:40,26214.90,225
26-11-2025 09:43:38,26215.70,225
26-11-2025 09:43:37,26217.40,1
26-11-2025 09:43:37,26215.20,900
26-11-2025 09:43:35,26215.00,225
26-11-2025 09:43:33,26216.30,450
26-11-2025 09:43:32,26211.00,2250
26-11-2025 09:43:30,26215.40,600
26-11-2025 09:43:28,26216.50,1
26-11-2025 09:43:28,26217.20,4575
26-11-2025 09:43:27,26215.20,1950
26-11-2025 09:43:25,26211.60,1
26-11-2025 09:43:25,26215.00,22350
26-11-2025 09:43:23,26208.70,375
26-11-2025 09:43:22,26208.50,1125
26-11-2025 09:43:20,26208.60,825
26-11-2025 09:43:18,26208.60,450
26-11-2025 09:43:17,26208.00,75
26-11-2025 09:43:15,26205.00,150
26-11-2025 09:43:13,26205.10,3600
26-11-2025 09:43:12,26208.00,975
26-11-2025 09:43:10,26208.00,150
26-11-2025 09:43:09,26207.10,375
26-11-2025 09:43:07,26208.00,450
26-11-2025 09:43:05,26208.00,600
26-11-2025 09:43:04,26206.30,1275
26-11-2025 09:43:02,26205.00,6525
26-11-2025 09:42:59,26198.10,300
26-11-2025 09:42:57,26199.00,1800
26-11-2025 09:42:55,26197.90,225
26-11-2025 09:42:54,26197.90,225
26-11-2025 09:42:49,26198.00,300
26-11-2025 09:42:47,26194.70,225
26-11-2025 09:42:44,26193.60,150
26-11-2025 09:42:40,26197.90,75
26-11-2025 09:42:37,26197.90,225
26-11-2025 09:42:35,26193.90,150
26-11-2025 09:42:34,26197.00,300
26-11-2025 09:42:32,26193.40,225
26-11-2025 09:42:30,26197.00,600
26-11-2025 09:42:29,26193.40,225
26-11-2025 09:42:24,26195.00,975
26-11-2025 09:42:22,26191.50,150
26-11-2025 09:42:20,26192.10,225
26-11-2025 09:42:17,26195.00,75
26-11-2025 09:42:16,26195.00,75
26-11-2025 09:42:11,26195.20,375
26-11-2025 09:42:09,26197.00,75
26-11-2025 09:42:07,26194.40,150
26-11-2025 09:42:06,26197.90,3150
26-11-2025 09:42:04,26195.00,75
26-11-2025 09:42:02,26192.90,225
26-11-2025 09:42:01,26195.00,150
26-11-2025 09:41:59,26195.00,150
26-11-2025 09:41:57,26197.00,150
26-11-2025 09:41:56,26196.00,600
26-11-2025 09:41:54,26196.00,75
26-11-2025 09:41:52,26196.00,150
26-11-2025 09:41:49,26197.90,75
26-11-2025 09:41:47,26198.00,375
26-11-2025 09:41:46,26192.50,450
26-11-2025 09:41:44,26191.10,1125
26-11-2025 09:41:42,26197.00,75
26-11-2025 09:41:39,26197.00,150
26-11-2025 09:41:35,26195.30,375
26-11-2025 09:41:34,26197.00,225
26-11-2025 09:41:32,26195.00,300
26-11-2025 09:41:30,26196.60,150
26-11-2025 09:41:29,26195.00,75
26-11-2025 09:41:27,26194.00,225
26-11-2025 09:41:25,26195.10,150
26-11-2025 09:41:24,26195.00,150
26-11-2025 09:41:22,26192.50,150
26-11-2025 09:41:21,26192.50,75
26-11-2025 09:41:19,26192.50,1425
26-11-2025 09:41:17,26193.70,150
26-11-2025 09:41:16,26193.20,600
26-11-2025 09:41:14,26189.30,300
26-11-2025 09:41:12,26190.00,75
26-11-2025 09:41:11,26189.10,225
26-11-2025 09:41:09,26190.00,75
26-11-2025 09:41:07,26189.90,75
26-11-2025 09:41:06,26190.00,450
26-11-2025 09:41:04,26191.00,75
26-11-2025 09:41:01,26193.00,300
26-11-2025 09:40:59,26191.00,375
26-11-2025 09:40:56,26191.00,150
26-11-2025 09:40:54,26190.10,75
26-11-2025 09:40:51,26190.80,225
26-11-2025 09:40:49,26189.80,75
26-11-2025 09:40:48,26193.90,150
26-11-2025 09:40:46,26190.00,150
26-11-2025 09:40:44,26190.00,225
26-11-2025 09:40:43,26191.00,1575
26-11-2025 09:40:41,26193.90,225
26-11-2025 09:40:39,26190.90,75
26-11-2025 09:40:36,26194.00,75
26-11-2025 09:40:34,26191.00,150
26-11-2025 09:40:31,26190.90,225
26-11-2025 09:40:28,26191.50,150
26-11-2025 09:40:26,26194.00,75
26-11-2025 09:40:24,26190.30,825
26-11-2025 09:40:23,26190.50,900
26-11-2025 09:40:21,26190.80,300
26-11-2025 09:40:19,26190.60,375
26-11-2025 09:40:18,26194.50,225
26-11-2025 09:40:16,26190.00,225
26-11-2025 09:40:14,26192.80,1200
26-11-2025 09:40:13,26191.80,450
26-11-2025 09:40:11,26190.00,1050
26-11-2025 09:40:10,26193.30,975
26-11-2025 09:40:08,26195.00,450
26-11-2025 09:40:06,26192.80,900
26-11-2025 09:40:05,26195.00,2400
26-11-2025 09:40:03,26192.80,825
26-11-2025 09:40:01,26192.80,150
26-11-2025 09:40:00,26192.90,600
26-11-2025 09:39:58,26189.80,75
26-11-2025 09:39:56,26192.80,225
26-11-2025 09:39:55,26192.10,375
26-11-2025 09:39:53,26190.00,1200
26-11-2025 09:39:51,26192.10,300
26-11-2025 09:39:50,26192.10,150
26-11-2025 09:39:48,26190.00,450
26-11-2025 09:39:46,26190.00,75
26-11-2025 09:39:45,26190.00,225
26-11-2025 09:39:43,26188.60,525
26-11-2025 09:39:41,26194.00,600
26-11-2025 09:39:40,26193.00,450
26-11-2025 09:39:38,26192.10,225
26-11-2025 09:39:36,26188.50,150
26-11-2025 09:39:35,26188.50,375
26-11-2025 09:39:33,26188.60,300
26-11-2025 09:39:31,26192.00,225
26-11-2025 09:39:30,26190.00,4500
26-11-2025 09:39:28,26194.90,525
26-11-2025 09:39:27,26194.00,450
26-11-2025 09:39:25,26192.00,300
26-11-2025 09:39:23,26192.00,75
26-11-2025 09:39:21,26192.10,675
26-11-2025 09:39:20,26192.60,825
26-11-2025 09:39:18,26192.10,450
26-11-2025 09:39:16,26192.00,450
26-11-2025 09:39:15,26192.10,300
26-11-2025 09:39:12,26192.10,75
26-11-2025 09:39:10,26192.60,450
26-11-2025 09:39:08,26194.00,375
26-11-2025 09:39:07,26192.00,75
26-11-2025 09:39:05,26192.00,4725
26-11-2025 09:39:03,26192.00,525
26-11-2025 09:39:02,26193.90,150
26-11-2025 09:39:00,26192.00,300
26-11-2025 09:38:58,26193.90,75
26-11-2025 09:38:57,26192.00,300
26-11-2025 09:38:55,26194.00,225
26-11-2025 09:38:53,26194.00,75
26-11-2025 09:38:52,26193.90,75
26-11-2025 09:38:50,26192.00,225
26-11-2025 09:38:48,26192.10,75
26-11-2025 09:38:47,26192.10,150
26-11-2025 09:38:45,26192.10,150
26-11-2025 09:38:44,26193.00,300
26-11-2025 09:38:42,26192.10,450
26-11-2025 09:38:40,26194.10,150
26-11-2025 09:38:39,26192.10,75
26-11-2025 09:38:37,26192.10,225
26-11-2025 09:38:35,26192.10,150
26-11-2025 09:38:34,26192.10,750
26-11-2025 09:38:32,26194.10,300
26-11-2025 09:38:30,26194.10,525
26-11-2025 09:38:29,26194.10,525
26-11-2025 09:38:27,26192.10,1050
26-11-2025 09:38:25,26194.00,1125
26-11-2025 09:38:24,26194.00,300
26-11-2025 09:38:22,26194.90,375
26-11-2025 09:38:20,26194.00,450
26-11-2025 09:38:19,26194.00,300
26-11-2025 09:38:17,26194.00,75
26-11-2025 09:38:15,26194.00,525
26-11-2025 09:38:14,26194.00,300
26-11-2025 09:38:12,26195.00,225
26-11-2025 09:38:10,26195.00,75
26-11-2025 09:38:09,26198.20,375
26-11-2025 09:38:07,26195.00,75
26-11-2025 09:38:05,26195.60,375
26-11-2025 09:38:04,26199.90,2550
26-11-2025 09:38:02,26194.00,75
26-11-2025 09:38:00,26194.00,300
26-11-2025 09:37:59,26197.00,150
26-11-2025 09:37:57,26194.00,525
26-11-2025 09:37:55,26195.00,1575
26-11-2025 09:37:54,26195.60,675
26-11-2025 09:37:52,26195.00,525
26-11-2025 09:37:51,26195.60,225
26-11-2025 09:37:49,26198.00,600
26-11-2025 09:37:47,26198.60,375
26-11-2025 09:37:46,26197.80,2025
26-11-2025 09:37:44,26198.00,225
26-11-2025 09:37:42,26197.90,1275
26-11-2025 09:37:41,26195.50,525
26-11-2025 09:37:39,26196.00,525
26-11-2025 09:37:37,26195.90,375
26-11-2025 09:37:36,26195.60,225
26-11-2025 09:37:34,26195.60,900
26-11-2025 09:37:32,26195.60,300
26-11-2025 09:37:31,26196.00,900
26-11-2025 09:37:29,26196.00,75
26-11-2025 09:37:27,26196.00,975
26-11-2025 09:37:26,26196.00,225
26-11-2025 09:37:24,26197.90,1050
26-11-2025 09:37:22,26197.00,975
26-11-2025 09:37:21,26197.90,150
26-11-2025 09:37:17,26199.00,525
26-11-2025 09:37:16,26196.00,375
26-11-2025 09:37:14,26199.00,150
26-11-2025 09:37:12,26199.00,225
26-11-2025 09:37:11,26200.00,225
26-11-2025 09:37:07,26197.00,1050
26-11-2025 09:37:06,26199.70,225
26-11-2025 09:37:04,26198.00,1950
26-11-2025 09:37:02,26198.00,2400
26-11-2025 09:37:01,26198.00,225
26-11-2025 09:36:59,26198.00,225
26-11-2025 09:36:57,26198.00,150
26-11-2025 09:36:56,26198.00,525
26-11-2025 09:36:54,26198.00,300
26-11-2025 09:36:52,26198.00,375
26-11-2025 09:36:51,26200.00,375
26-11-2025 09:36:49,26200.00,375
26-11-2025 09:36:47,26200.00,1050
26-11-2025 09:36:46,26198.00,4275
26-11-2025 09:36:44,26200.00,1950
26-11-2025 09:36:42,26201.00,225
26-11-2025 09:36:41,26200.30,825
26-11-2025 09:36:39,26203.30,525
26-11-2025 09:36:37,26203.30,150
26-11-2025 09:36:36,26201.00,300
26-11-2025 09:36:34,26204.50,2250
26-11-2025 09:36:32,26205.00,150
26-11-2025 09:36:31,26205.60,450
26-11-2025 09:36:29,26204.00,825
26-11-2025 09:36:27,26201.00,300
26-11-2025 09:36:26,26201.40,150
26-11-2025 09:36:24,26204.00,375
26-11-2025 09:36:22,26205.00,375
26-11-2025 09:36:21,26201.40,300
26-11-2025 09:36:19,26204.60,1275
26-11-2025 09:36:17,26206.80,1650
26-11-2025 09:36:16,26204.60,1200
26-11-2025 09:36:14,26206.40,675
26-11-2025 09:36:12,26201.40,1425
26-11-2025 09:36:11,26207.60,375
26-11-2025 09:36:09,26207.80,3075
26-11-2025 09:36:07,26207.40,1575
26-11-2025 09:36:06,26205.20,225
26-11-2025 09:36:04,26206.60,375
26-11-2025 09:36:02,26207.00,2325
26-11-2025 09:36:01,26206.90,900
26-11-2025 09:35:59,26205.00,1650
26-11-2025 09:35:57,26205.00,600
26-11-2025 09:35:54,26205.60,375
26-11-2025 09:35:52,26207.10,3225
26-11-2025 09:35:51,26208.00,525
26-11-2025 09:35:49,26208.00,3675
26-11-2025 09:35:47,26206.50,525
26-11-2025 09:35:46,26205.60,1650
26-11-2025 09:35:44,26207.20,2025
26-11-2025 09:35:42,26207.40,4800
26-11-2025 09:35:41,26208.50,1425
26-11-2025 09:35:39,26208.00,1725
26-11-2025 09:35:37,26208.90,2325
26-11-2025 09:35:36,26208.50,1
26-11-2025 09:35:36,26209.00,2925
26-11-2025 09:35:34,26208.00,1650
26-11-2025 09:35:32,26207.40,1
26-11-2025 09:35:32,26208.00,4725
26-11-2025 09:35:31,26206.30,1275
26-11-2025 09:35:29,26205.80,675
26-11-2025 09:35:27,26205.80,375
26-11-2025 09:35:26,26205.30,300
26-11-2025 09:35:24,26206.20,1650
26-11-2025 09:35:22,26206.00,750
26-11-2025 09:35:21,26205.20,825
26-11-2025 09:35:19,26205.20,1
26-11-2025 09:35:19,26205.60,1350
26-11-2025 09:35:17,26205.00,3750
26-11-2025 09:35:16,26204.70,1575
26-11-2025 09:35:14,26204.90,2850
26-11-2025 09:35:12,26200.00,600
26-11-2025 09:35:11,26200.00,900
26-11-2025 09:35:09,26202.00,675
26-11-2025 09:35:07,26204.00,900
26-11-2025 09:35:06,26202.10,1275
26-11-2025 09:35:04,26205.00,225
26-11-2025 09:35:02,26204.00,825
26-11-2025 09:35:01,26202.00,675
26-11-2025 09:34:59,26204.00,3225
26-11-2025 09:34:57,26204.00,1050
26-11-2025 09:34:56,26203.90,1275
26-11-2025 09:34:54,26200.00,225
26-11-2025 09:34:52,26200.00,225
26-11-2025 09:34:51,26202.00,600
26-11-2025 09:34:49,26202.00,225
26-11-2025 09:34:47,26203.30,900
26-11-2025 09:34:44,26200.10,1200
26-11-2025 09:34:42,26195.20,1500
26-11-2025 09:34:41,26200.00,1350
26-11-2025 09:34:39,26200.00,675
26-11-2025 09:34:37,26201.40,1275
26-11-2025 09:34:36,26200.00,450
26-11-2025 09:34:34,26199.00,825
26-11-2025 09:34:32,26200.00,1725
26-11-2025 09:34:31,26200.60,750
26-11-2025 09:34:29,26199.80,525
26-11-2025 09:34:27,26203.70,1650
26-11-2025 09:34:26,26200.60,1050
26-11-2025 09:34:24,26205.00,1050
26-11-2025 09:34:22,26201.00,450
26-11-2025 09:34:21,26199.80,1050
26-11-2025 09:34:19,26199.20,600
26-11-2025 09:34:17,26205.00,1
26-11-2025 09:34:17,26200.00,3525
26-11-2025 09:34:16,26200.60,2475
26-11-2025 09:34:14,26199.80,3075
26-11-2025 09:34:12,26200.00,3000
26-11-2025 09:34:11,26199.20,1200
26-11-2025 09:34:09,26200.00,1
26-11-2025 09:34:09,26199.30,19500
26-11-2025 09:34:07,26199.00,13275
26-11-2025 09:34:06,26199.00,5925
26-11-2025 09:34:04,26199.00,4500
26-11-2025 09:34:02,26195.10,1
26-11-2025 09:34:02,26198.00,2250
26-11-2025 09:34:01,26194.10,1500
26-11-2025 09:33:59,26197.00,4350
26-11-2025 09:33:57,26195.00,750
26-11-2025 09:33:56,26195.00,10575
26-11-2025 09:33:54,26189.30,14850
26-11-2025 09:33:52,26186.60,900
26-11-2025 09:33:51,26186.20,225
26-11-2025 09:33:49,26186.00,675
26-11-2025 09:33:47,26185.90,1
26-11-2025 09:33:47,26185.00,1125
26-11-2025 09:33:46,26185.00,375
26-11-2025 09:33:44,26185.00,75
26-11-2025 09:33:42,26184.50,75
26-11-2025 09:33:41,26184.10,75
26-11-2025 09:33:39,26184.50,900
26-11-2025 09:33:38,26185.00,525
26-11-2025 09:33:36,26185.00,2475
26-11-2025 09:33:34,26184.70,300
26-11-2025 09:33:33,26184.80,1650
26-11-2025 09:33:31,26184.70,2175
26-11-2025 09:33:29,26185.00,600
26-11-2025 09:33:28,26185.00,1
26-11-2025 09:33:28,26184.90,1650
26-11-2025 09:33:26,26184.90,750
26-11-2025 09:33:25,26183.60,225
26-11-2025 09:33:23,26183.60,600
26-11-2025 09:33:21,26183.90,75
26-11-2025 09:33:20,26183.00,225
26-11-2025 09:33:18,26182.40,1350
26-11-2025 09:33:16,26183.50,675
26-11-2025 09:33:15,26183.00,225
26-11-2025 09:33:13,26182.40,1350
26-11-2025 09:33:12,26182.40,600
26-11-2025 09:33:10,26182.00,225
26-11-2025 09:33:08,26182.00,75
26-11-2025 09:33:06,26182.00,825
26-11-2025 09:33:05,26182.00,2325
26-11-2025 09:33:03,26180.00,450
26-11-2025 09:33:02,26182.00,1425
26-11-2025 09:33:00,26182.20,525
26-11-2025 09:32:58,26182.20,450
26-11-2025 09:32:56,26182.00,300
26-11-2025 09:32:55,26182.00,300
26-11-2025 09:32:53,26182.00,975
26-11-2025 09:32:52,26182.00,525
26-11-2025 09:32:50,26180.20,75
26-11-2025 09:32:48,26180.20,450
26-11-2025 09:32:47,26182.00,375
26-11-2025 09:32:45,26182.00,525
26-11-2025 09:32:43,26180.80,150
26-11-2025 09:32:41,26181.10,225
26-11-2025 09:32:40,26181.10,675
26-11-2025 09:32:38,26182.00,525
26-11-2025 09:32:37,26181.10,150
26-11-2025 09:32:35,26181.10,150
26-11-2025 09:32:33,26181.10,225
26-11-2025 09:32:30,26182.00,225
26-11-2025 09:32:28,26181.00,600
26-11-2025 09:32:27,26180.00,525
26-11-2025 09:32:25,26181.00,1200
26-11-2025 09:32:23,26177.50,225
26-11-2025 09:32:22,26180.80,1425
26-11-2025 09:32:20,26180.00,225
26-11-2025 09:32:18,26180.80,75
26-11-2025 09:32:17,26180.00,75
26-11-2025 09:32:15,26180.80,1125
26-11-2025 09:32:13,26180.00,750
26-11-2025 09:32:12,26179.90,300
26-11-2025 09:32:10,26176.00,450
26-11-2025 09:32:08,26180.00,375
26-11-2025 09:32:07,26175.00,1125
26-11-2025 09:32:05,26176.70,1875
26-11-2025 09:32:03,26179.00,1275
26-11-2025 09:32:02,26180.00,3600
26-11-2025 09:32:00,26179.20,450
26-11-2025 09:31:58,26173.20,750
26-11-2025 09:31:57,26179.70,300
26-11-2025 09:31:55,26179.50,900
26-11-2025 09:31:53,26177.00,150
26-11-2025 09:31:50,26175.10,150
26-11-2025 09:31:48,26177.00,150
26-11-2025 09:31:45,26177.00,225
26-11-2025 09:31:43,26179.50,450
26-11-2025 09:31:42,26180.00,1650
26-11-2025 09:31:40,26180.00,600
26-11-2025 09:31:38,26180.80,675
26-11-2025 09:31:37,26180.70,300
26-11-2025 09:31:35,26180.70,300
26-11-2025 09:31:33,26180.00,300
26-11-2025 09:31:32,26181.60,300
26-11-2025 09:31:30,26182.30,750
26-11-2025 09:31:28,26182.40,450
26-11-2025 09:31:27,26183.60,1125
26-11-2025 09:31:25,26183.20,675
26-11-2025 09:31:23,26182.80,975
26-11-2025 09:31:22,26182.10,450
26-11-2025 09:31:20,26181.00,300
26-11-2025 09:31:18,26180.00,150
26-11-2025 09:31:17,26184.00,300
26-11-2025 09:31:15,26183.10,600
26-11-2025 09:31:13,26183.90,1500
26-11-2025 09:31:12,26184.90,1
26-11-2025 09:31:12,26178.60,6000
26-11-2025 09:31:10,26180.00,1875
26-11-2025 09:31:08,26180.00,2775
26-11-2025 09:31:07,26179.50,825
26-11-2025 09:31:05,26179.90,3975
26-11-2025 09:31:03,26178.70,2475
26-11-2025 09:31:02,26175.00,75
26-11-2025 09:31:00,26178.60,150
26-11-2025 09:30:58,26176.90,1125
26-11-2025 09:30:55,26178.70,1800
26-11-2025 09:30:53,26178.30,750
26-11-2025 09:30:52,26177.30,375
26-11-2025 09:30:50,26178.70,75
26-11-2025 09:30:48,26177.90,225
26-11-2025 09:30:46,26178.70,225
26-11-2025 09:30:45,26177.30,1050
26-11-2025 09:30:43,26177.90,450
26-11-2025 09:30:42,26177.00,1
26-11-2025 09:30:42,26179.00,750
26-11-2025 09:30:40,26177.30,300
26-11-2025 09:30:38,26175.00,525
26-11-2025 09:30:37,26177.00,450
26-11-2025 09:30:35,26175.00,150
26-11-2025 09:30:33,26178.20,450
26-11-2025 09:30:32,26177.40,1275
26-11-2025 09:30:30,26177.20,225
26-11-2025 09:30:28,26176.70,150
26-11-2025 09:30:27,26177.10,375
26-11-2025 09:30:25,26175.70,150
26-11-2025 09:30:23,26176.00,525
26-11-2025 09:30:22,26175.60,900
26-11-2025 09:30:20,26178.20,1
26-11-2025 09:30:20,26178.90,2550
26-11-2025 09:30:18,26178.00,450
26-11-2025 09:30:17,26176.40,2475
26-11-2025 09:30:15,26177.80,1800
26-11-2025 09:30:13,26178.00,1725
26-11-2025 09:30:12,26176.20,1275
26-11-2025 09:30:10,26171.40,750
26-11-2025 09:30:08,26177.90,1800
26-11-2025 09:30:07,26170.00,600
26-11-2025 09:30:05,26174.70,1
26-11-2025 09:30:05,26178.00,2550
26-11-2025 09:30:03,26177.90,5925
26-11-2025 09:30:02,26174.70,225
26-11-2025 09:30:00,26176.20,1
26-11-2025 09:30:00,26175.40,6075
26-11-2025 09:29:58,26174.10,525
26-11-2025 09:29:57,26173.00,1800
26-11-2025 09:29:55,26173.20,150
26-11-2025 09:29:53,26165.90,525
26-11-2025 09:29:52,26170.00,2475
26-11-2025 09:29:50,26175.00,150
26-11-2025 09:29:48,26175.00,600
26-11-2025 09:29:47,26174.40,150
26-11-2025 09:29:45,26175.00,1350
26-11-2025 09:29:43,26173.60,675
26-11-2025 09:29:42,26175.00,600
26-11-2025 09:29:40,26175.00,150
26-11-2025 09:29:38,26175.00,525
26-11-2025 09:29:37,26175.00,675
26-11-2025 09:29:35,26173.70,225
26-11-2025 09:29:33,26174.80,600
26-11-2025 09:29:32,26175.00,975
26-11-2025 09:29:30,26173.70,1650
26-11-2025 09:29:28,26175.00,225
26-11-2025 09:29:27,26171.60,1575
26-11-2025 09:29:25,26172.00,1
26-11-2025 09:29:25,26175.00,8475
26-11-2025 09:29:23,26171.00,1875
26-11-2025 09:29:22,26170.00,11100
26-11-2025 09:29:20,26168.80,600
26-11-2025 09:29:18,26169.00,525
26-11-2025 09:29:17,26169.00,525
26-11-2025 09:29:15,26169.00,450
26-11-2025 09:29:13,26169.00,375
26-11-2025 09:29:12,26167.00,150
26-11-2025 09:29:10,26165.70,450
26-11-2025 09:29:08,26169.00,750
26-11-2025 09:29:05,26165.10,300
26-11-2025 09:29:03,26168.00,975
26-11-2025 09:29:02,26168.80,1650
26-11-2025 09:29:00,26168.00,375
26-11-2025 09:28:58,26168.00,2325
26-11-2025 09:28:57,26168.00,375
26-11-2025 09:28:55,26165.00,75
26-11-2025 09:28:53,26166.00,1200
26-11-2025 09:28:52,26165.00,825
26-11-2025 09:28:50,26165.00,375
26-11-2025 09:28:48,26162.20,75
26-11-2025 09:28:45,26165.00,75
26-11-2025 09:28:43,26165.00,300
26-11-2025 09:28:42,26165.00,225
26-11-2025 09:28:40,26165.00,750
26-11-2025 09:28:38,26165.00,225
26-11-2025 09:28:37,26162.00,450
26-11-2025 09:28:35,26161.90,225
26-11-2025 09:28:33,26165.00,675
26-11-2025 09:28:32,26162.00,300
26-11-2025 09:28:28,26164.20,75
26-11-2025 09:28:27,26165.00,900
26-11-2025 09:28:25,26165.00,2325
26-11-2025 09:28:22,26164.70,75
26-11-2025 09:28:18,26164.90,375
26-11-2025 09:28:17,26164.70,150
26-11-2025 09:28:15,26162.40,75
26-11-2025 09:28:13,26163.70,450
26-11-2025 09:28:12,26164.60,150
26-11-2025 09:28:10,26164.00,675
26-11-2025 09:28:08,26164.70,225
26-11-2025 09:28:07,26164.50,75
26-11-2025 09:28:05,26160.70,975
26-11-2025 09:28:02,26164.00,1650
26-11-2025 09:27:58,26160.00,600
26-11-2025 09:27:55,26161.60,300
26-11-2025 09:27:53,26160.70,150
26-11-2025 09:27:52,26160.10,300
26-11-2025 09:27:50,26164.10,150
26-11-2025 09:27:48,26160.60,525
26-11-2025 09:27:47,26160.60,225
26-11-2025 09:27:45,26163.20,150
26-11-2025 09:27:44,26162.70,225
26-11-2025 09:27:40,26160.60,150
26-11-2025 09:27:39,26160.00,2100
26-11-2025 09:27:37,26164.90,300
26-11-2025 09:27:35,26165.00,75
26-11-2025 09:27:32,26165.40,300
26-11-2025 09:27:30,26165.10,150
26-11-2025 09:27:29,26166.40,2025
26-11-2025 09:27:27,26162.80,300
26-11-2025 09:27:25,26165.10,1125
26-11-2025 09:27:24,26162.00,75
26-11-2025 09:27:22,26164.00,525
26-11-2025 09:27:19,26165.00,300
26-11-2025 09:27:17,26165.90,1350
26-11-2025 09:27:15,26166.40,750
26-11-2025 09:27:14,26166.00,1575
26-11-2025 09:27:12,26166.90,525
26-11-2025 09:27:10,26166.90,225
26-11-2025 09:27:09,26162.00,2250
26-11-2025 09:27:07,26166.00,150
26-11-2025 09:27:05,26166.00,525
26-11-2025 09:27:04,26165.00,1875
26-11-2025 09:27:02,26165.00,675
26-11-2025 09:27:00,26164.00,2700
26-11-2025 09:26:59,26163.00,975
26-11-2025 09:26:57,26162.80,375
26-11-2025 09:26:55,26162.80,300
26-11-2025 09:26:54,26162.80,2025
26-11-2025 09:26:52,26162.80,150
26-11-2025 09:26:50,26162.00,825
26-11-2025 09:26:49,26162.00,1200
26-11-2025 09:26:47,26162.00,525
26-11-2025 09:26:45,26160.60,975
26-11-2025 09:26:44,26160.00,150
26-11-2025 09:26:42,26160.00,150
26-11-2025 09:26:40,26161.00,1200
26-11-2025 09:26:39,26160.00,300
26-11-2025 09:26:37,26158.30,525
26-11-2025 09:26:35,26158.30,375
26-11-2025 09:26:34,26160.10,75
26-11-2025 09:26:32,26160.10,225
26-11-2025 09:26:30,26161.00,375
26-11-2025 09:26:29,26160.70,225
26-11-2025 09:26:27,26160.00,375
26-11-2025 09:26:25,26160.00,75
26-11-2025 09:26:24,26160.00,675
26-11-2025 09:26:22,26158.30,75
26-11-2025 09:26:20,26158.10,525
26-11-2025 09:26:19,26160.00,825
26-11-2025 09:26:17,26157.00,2025
26-11-2025 09:26:16,26159.70,750
26-11-2025 09:26:12,26155.90,1125
26-11-2025 09:26:11,26157.70,150
26-11-2025 09:26:07,26157.70,225
26-11-2025 09:26:06,26157.70,375
26-11-2025 09:26:01,26157.70,225
26-11-2025 09:25:59,26157.60,150
26-11-2025 09:25:57,26158.00,375
26-11-2025 09:25:56,26158.00,225
26-11-2025 09:25:54,26158.00,675
26-11-2025 09:25:52,26157.60,225
26-11-2025 09:25:51,26157.60,375
26-11-2025 09:25:49,26158.00,450
26-11-2025 09:25:47,26152.30,225
26-11-2025 09:25:46,26152.20,1200
26-11-2025 09:25:44,26156.00,900
26-11-2025 09:25:42,26153.70,300
26-11-2025 09:25:41,26154.00,225
26-11-2025 09:25:39,26158.30,1200
26-11-2025 09:25:37,26157.50,375
26-11-2025 09:25:36,26155.00,150
26-11-2025 09:25:32,26157.50,1350
26-11-2025 09:25:31,26156.00,225
26-11-2025 09:25:29,26156.00,300
26-11-2025 09:25:27,26156.00,150
26-11-2025 09:25:26,26159.00,375
26-11-2025 09:25:24,26159.90,150
26-11-2025 09:25:22,26156.00,225
26-11-2025 09:25:21,26158.90,900
26-11-2025 09:25:19,26155.70,750
26-11-2025 09:25:17,26156.50,150
26-11-2025 09:25:16,26155.70,300
26-11-2025 09:25:14,26155.40,75
26-11-2025 09:25:09,26155.30,225
26-11-2025 09:25:07,26155.00,375
26-11-2025 09:25:06,26155.00,300
26-11-2025 09:25:04,26159.00,150
26-11-2025 09:25:02,26159.30,75
26-11-2025 09:24:59,26159.70,1725
26-11-2025 09:24:57,26159.90,300
26-11-2025 09:24:56,26160.00,75
26-11-2025 09:24:54,26159.90,450
26-11-2025 09:24:52,26159.10,225
26-11-2025 09:24:51,26159.10,150
26-11-2025 09:24:49,26161.00,525
26-11-2025 09:24:47,26160.00,300
26-11-2025 09:24:46,26161.00,300
26-11-2025 09:24:44,26161.00,825
26-11-2025 09:24:43,26161.00,450
26-11-2025 09:24:39,26159.10,75
26-11-2025 09:24:37,26159.10,900
26-11-2025 09:24:36,26161.00,450
26-11-2025 09:24:34,26160.00,150
26-11-2025 09:24:33,26159.10,975
26-11-2025 09:24:31,26160.00,525
26-11-2025 09:24:29,26159.00,75
26-11-2025 09:24:27,26159.00,450
26-11-2025 09:24:26,26159.00,975
26-11-2025 09:24:24,26159.90,150
26-11-2025 09:24:22,26159.00,450
26-11-2025 09:24:21,26160.00,300
26-11-2025 09:24:19,26159.30,75
26-11-2025 09:24:17,26160.00,75
26-11-2025 09:24:16,26159.00,300
26-11-2025 09:24:14,26160.00,375
26-11-2025 09:24:12,26158.00,600
26-11-2025 09:24:11,26158.00,1500
26-11-2025 09:24:09,26159.00,2400
26-11-2025 09:24:07,26158.60,1125
26-11-2025 09:24:06,26158.60,375
26-11-2025 09:24:04,26161.00,75
26-11-2025 09:24:02,26161.00,1050
26-11-2025 09:24:01,26157.80,525
26-11-2025 09:23:59,26158.00,525
26-11-2025 09:23:57,26156.30,150
26-11-2025 09:23:56,26156.10,225
26-11-2025 09:23:52,26159.60,1425
26-11-2025 09:23:51,26155.00,600
26-11-2025 09:23:49,26159.30,150
26-11-2025 09:23:47,26156.10,7725
26-11-2025 09:23:46,26162.30,150
26-11-2025 09:23:44,26161.00,675
26-11-2025 09:23:42,26161.00,1050
26-11-2025 09:23:41,26161.00,150
26-11-2025 09:23:40,26160.00,525
26-11-2025 09:23:36,26162.90,225
26-11-2025 09:23:34,26161.00,825
26-11-2025 09:23:32,26161.00,375
26-11-2025 09:23:31,26160.40,300
26-11-2025 09:23:29,26160.20,225
26-11-2025 09:23:27,26163.00,450
26-11-2025 09:23:26,26164.90,975
26-11-2025 09:23:24,26163.00,300
26-11-2025 09:23:22,26163.20,750
26-11-2025 09:23:19,26163.40,750
26-11-2025 09:23:17,26163.40,825
26-11-2025 09:23:16,26163.40,300
26-11-2025 09:23:14,26164.90,675
26-11-2025 09:23:12,26160.00,525
26-11-2025 09:23:11,26160.00,225
26-11-2025 09:23:09,26161.00,600
26-11-2025 09:23:07,26160.00,1500
26-11-2025 09:23:06,26160.40,675
26-11-2025 09:23:04,26163.00,825
26-11-2025 09:23:02,26164.10,1350
26-11-2025 09:23:01,26164.00,1800
26-11-2025 09:22:59,26161.20,600
26-11-2025 09:22:57,26160.30,375
26-11-2025 09:22:56,26163.50,900
26-11-2025 09:22:54,26163.00,525
26-11-2025 09:22:52,26163.00,150
26-11-2025 09:22:51,26163.00,75
26-11-2025 09:22:49,26161.20,225
26-11-2025 09:22:47,26163.00,150
26-11-2025 09:22:46,26160.20,1050
26-11-2025 09:22:44,26161.20,150
26-11-2025 09:22:42,26161.20,375
26-11-2025 09:22:41,26162.90,75
26-11-2025 09:22:39,26160.20,600
26-11-2025 09:22:38,26162.90,300
26-11-2025 09:22:36,26160.10,450
26-11-2025 09:22:34,26161.00,300
26-11-2025 09:22:33,26160.20,150
26-11-2025 09:22:31,26162.00,600
26-11-2025 09:22:29,26160.20,375
26-11-2025 09:22:28,26162.90,975
26-11-2025 09:22:26,26160.20,225
26-11-2025 09:22:24,26160.60,450
26-11-2025 09:22:23,26160.70,150
26-11-2025 09:22:21,26161.70,300
26-11-2025 09:22:19,26161.00,525
26-11-2025 09:22:17,26161.80,75
26-11-2025 09:22:16,26161.80,375
26-11-2025 09:22:14,26163.00,375
26-11-2025 09:22:12,26161.80,150
26-11-2025 09:22:11,26163.00,150
26-11-2025 09:22:09,26164.80,300
26-11-2025 09:22:08,26161.50,675
26-11-2025 09:22:06,26161.50,225
26-11-2025 09:22:04,26163.10,2100
26-11-2025 09:22:03,26163.70,3375
26-11-2025 09:22:01,26163.90,525
26-11-2025 09:21:59,26160.10,675
26-11-2025 09:21:58,26161.50,225
26-11-2025 09:21:56,26164.00,900
26-11-2025 09:21:54,26162.10,375
26-11-2025 09:21:53,26162.00,975
26-11-2025 09:21:51,26164.80,375
26-11-2025 09:21:49,26161.50,150
26-11-2025 09:21:48,26161.60,150
26-11-2025 09:21:46,26165.00,1050
26-11-2025 09:21:44,26164.90,450
26-11-2025 09:21:43,26164.90,75
26-11-2025 09:21:41,26164.00,750
26-11-2025 09:21:40,26164.00,600
26-11-2025 09:21:38,26165.00,900
26-11-2025 09:21:36,26162.40,375
26-11-2025 09:21:35,26164.90,225
26-11-2025 09:21:33,26162.10,375
26-11-2025 09:21:31,26162.20,150
26-11-2025 09:21:30,26164.90,600
26-11-2025 09:21:28,26160.00,450
26-11-2025 09:21:26,26160.00,525
26-11-2025 09:21:26,26164.20,300
26-11-2025 09:21:23,26160.00,525
26-11-2025 09:21:21,26161.00,375
26-11-2025 09:21:21,26164.20,3150
26-11-2025 09:21:18,26164.00,75
26-11-2025 09:21:16,26160.10,825
26-11-2025 09:21:15,26159.70,450
26-11-2025 09:21:13,26164.30,1050
26-11-2025 09:21:12,26164.00,1275
26-11-2025 09:21:10,26162.00,2100
26-11-2025 09:21:08,26160.10,150
26-11-2025 09:21:07,26160.00,375
26-11-2025 09:21:05,26159.30,375
26-11-2025 09:21:03,26160.00,525
26-11-2025 09:21:02,26160.10,2175
26-11-2025 09:21:00,26160.00,1950
26-11-2025 09:20:58,26159.00,1050
26-11-2025 09:20:57,26159.20,375
26-11-2025 09:20:55,26158.50,1050
26-11-2025 09:20:53,26159.20,1950
26-11-2025 09:20:52,26158.60,525
26-11-2025 09:20:50,26158.60,1950
26-11-2025 09:20:48,26160.30,1875
26-11-2025 09:20:47,26160.00,1200
26-11-2025 09:20:45,26160.60,1500
26-11-2025 09:20:43,26160.60,1725
26-11-2025 09:20:42,26160.60,675
26-11-2025 09:20:40,26160.60,375
26-11-2025 09:20:38,26162.00,525
26-11-2025 09:20:37,26162.00,75
26-11-2025 09:20:35,26161.60,1050
26-11-2025 09:20:33,26162.00,1200
26-11-2025 09:20:32,26165.20,1575
26-11-2025 09:20:30,26164.30,900
26-11-2025 09:20:28,26165.20,1200
26-11-2025 09:20:27,26165.20,375
26-11-2025 09:20:25,26165.20,675
26-11-2025 09:20:23,26168.70,1
26-11-2025 09:20:23,26169.00,3600
26-11-2025 09:20:22,26166.00,225
26-11-2025 09:20:20,26165.20,225
26-11-2025 09:20:18,26166.20,225
26-11-2025 09:20:17,26166.90,150
26-11-2025 09:20:15,26165.00,450
26-11-2025 09:20:14,26166.90,675
26-11-2025 09:20:12,26166.00,225
26-11-2025 09:20:10,26164.30,1950
26-11-2025 09:20:08,26166.00,1200
26-11-2025 09:20:07,26165.00,2625
26-11-2025 09:20:05,26162.90,1500
26-11-2025 09:20:04,26165.00,675
26-11-2025 09:20:02,26163.20,600
26-11-2025 09:20:00,26164.30,525
26-11-2025 09:19:59,26163.00,75
26-11-2025 09:19:57,26162.10,675
26-11-2025 09:19:55,26164.40,900
26-11-2025 09:19:54,26162.10,450
26-11-2025 09:19:52,26160.00,2100
26-11-2025 09:19:50,26159.70,300
26-11-2025 09:19:49,26160.00,600
26-11-2025 09:19:47,26164.80,675
26-11-2025 09:19:45,26159.90,300
26-11-2025 09:19:44,26164.70,1875
26-11-2025 09:19:42,26160.30,825
26-11-2025 09:19:40,26159.00,375
26-11-2025 09:19:39,26160.30,150
26-11-2025 09:19:37,26160.60,450
26-11-2025 09:19:35,26163.00,675
26-11-2025 09:19:34,26161.80,525
26-11-2025 09:19:32,26161.00,300
26-11-2025 09:19:30,26158.60,450
26-11-2025 09:19:29,26157.80,2700
26-11-2025 09:19:27,26160.80,600
26-11-2025 09:19:25,26160.50,150
26-11-2025 09:19:24,26161.60,150
26-11-2025 09:19:22,26160.80,375
26-11-2025 09:19:20,26161.80,1350
26-11-2025 09:19:19,26160.80,1125
26-11-2025 09:19:17,26160.90,375
26-11-2025 09:19:15,26160.80,750
26-11-2025 09:19:14,26160.20,225
26-11-2025 09:19:12,26160.60,300
26-11-2025 09:19:10,26160.80,375
26-11-2025 09:19:09,26160.80,750
26-11-2025 09:19:07,26164.50,900
26-11-2025 09:19:05,26160.90,900
26-11-2025 09:19:04,26160.70,1350
26-11-2025 09:19:02,26162.00,225
26-11-2025 09:19:00,26162.00,2025
26-11-2025 09:18:59,26162.00,1050
26-11-2025 09:18:57,26161.40,300
26-11-2025 09:18:55,26162.00,13650
26-11-2025 09:18:54,26160.00,3825
26-11-2025 09:18:52,26160.00,675
26-11-2025 09:18:50,26159.30,975
26-11-2025 09:18:49,26158.90,900
26-11-2025 09:18:47,26159.10,1200
26-11-2025 09:18:45,26158.40,1125
26-11-2025 09:18:44,26157.80,525
26-11-2025 09:18:42,26158.90,1950
26-11-2025 09:18:40,26159.90,600
26-11-2025 09:18:39,26159.20,750
26-11-2025 09:18:37,26157.70,750
26-11-2025 09:18:35,26156.70,900
26-11-2025 09:18:34,26156.30,975
26-11-2025 09:18:32,26156.70,600
26-11-2025 09:18:30,26155.90,375
26-11-2025 09:18:29,26158.00,450
26-11-2025 09:18:27,26158.00,1125
26-11-2025 09:18:25,26156.40,600
26-11-2025 09:18:24,26158.00,150
26-11-2025 09:18:22,26158.00,300
26-11-2025 09:18:20,26158.00,675
26-11-2025 09:18:19,26158.00,675
26-11-2025 09:18:17,26158.00,2100
26-11-2025 09:18:15,26157.80,1275
26-11-2025 09:18:14,26157.00,1050
26-11-2025 09:18:12,26154.80,300
26-11-2025 09:18:10,26154.10,525
26-11-2025 09:18:09,26154.00,600
26-11-2025 09:18:07,26155.80,1275
26-11-2025 09:18:05,26158.00,225
26-11-2025 09:18:04,26155.30,1050
26-11-2025 09:18:02,26155.00,5850
26-11-2025 09:18:00,26155.00,375
26-11-2025 09:17:59,26152.60,675
26-11-2025 09:17:57,26153.60,375
26-11-2025 09:17:55,26153.10,225
26-11-2025 09:17:54,26152.30,2550
26-11-2025 09:17:52,26151.90,1350
26-11-2025 09:17:50,26159.00,3000
26-11-2025 09:17:49,26158.70,600
26-11-2025 09:17:47,26159.00,600
26-11-2025 09:17:45,26155.00,375
26-11-2025 09:17:42,26159.00,900
26-11-2025 09:17:40,26161.80,1650
26-11-2025 09:17:39,26155.40,750
26-11-2025 09:17:37,26158.00,750
26-11-2025 09:17:35,26155.00,3075
26-11-2025 09:17:34,26163.90,6675
26-11-2025 09:17:33,26160.20,150
26-11-2025 09:17:31,26160.10,1575
26-11-2025 09:17:29,26161.20,1725
26-11-2025 09:17:27,26160.20,675
26-11-2025 09:17:26,26160.10,5925
26-11-2025 09:17:24,26160.10,2250
26-11-2025 09:17:23,26160.10,525
26-11-2025 09:17:21,26160.00,2925
26-11-2025 09:17:19,26157.40,1950
26-11-2025 09:17:18,26160.00,975
26-11-2025 09:17:16,26162.00,1575
26-11-2025 09:17:15,26157.40,750
26-11-2025 09:17:13,26160.10,1650
26-11-2025 09:17:11,26158.00,5400
26-11-2025 09:17:10,26161.80,2550
26-11-2025 09:17:08,26160.00,2250
26-11-2025 09:17:06,26162.00,675
26-11-2025 09:17:05,26160.10,1200
26-11-2025 09:17:03,26161.80,2025
26-11-2025 09:17:01,26156.90,975
26-11-2025 09:17:00,26156.00,525
26-11-2025 09:16:58,26156.10,7725
26-11-2025 09:16:56,26157.70,2250
26-11-2025 09:16:55,26160.00,600
26-11-2025 09:16:53,26160.00,1875
26-11-2025 09:16:51,26162.00,975
26-11-2025 09:16:50,26158.00,1200
26-11-2025 09:16:48,26161.60,1500
26-11-2025 09:16:46,26161.70,18150
26-11-2025 09:16:45,26154.30,1050
26-11-2025 09:16:43,26153.00,1725
26-11-2025 09:16:41,26153.10,675
26-11-2025 09:16:40,26155.00,1125
26-11-2025 09:16:38,26153.00,1650
26-11-2025 09:16:36,26153.90,525
26-11-2025 09:16:35,26155.00,900
26-11-2025 09:16:33,26152.00,2400
26-11-2025 09:16:31,26154.00,2625
26-11-2025 09:16:30,26152.00,1650
26-11-2025 09:16:28,26150.30,1125
26-11-2025 09:16:26,26150.40,750
26-11-2025 09:16:25,26150.50,4350
26-11-2025 09:16:23,26150.00,1650
26-11-2025 09:16:21,26150.00,3000
26-11-2025 09:16:20,26149.30,975
26-11-2025 09:16:18,26149.90,1800
26-11-2025 09:16:17,26149.30,2625
26-11-2025 09:16:15,26154.00,6600
26-11-2025 09:16:13,26152.10,2850
26-11-2025 09:16:12,26150.00,4725
26-11-2025 09:16:10,26146.90,10875
26-11-2025 09:16:08,26149.00,975
26-11-2025 09:16:07,26148.40,4950
26-11-2025 09:16:05,26149.70,1275
26-11-2025 09:16:03,26149.00,2775
26-11-2025 09:16:02,26152.20,12300
26-11-2025 09:16:00,26153.90,1350
26-11-2025 09:15:58,26155.80,1575
26-11-2025 09:15:57,26152.00,7650
26-11-2025 09:15:55,26151.90,5775
26-11-2025 09:15:53,26148.80,6900
26-11-2025 09:15:52,26149.00,14100
26-11-2025 09:15:50,26150.00,3000
26-11-2025 09:15:48,26150.00,600
26-11-2025 09:15:47,26147.80,3525
26-11-2025 09:15:45,26146.40,3675
26-11-2025 09:15:43,26145.30,1875
26-11-2025 09:15:42,26142.00,1275
26-11-2025 09:15:40,26143.90,975
26-11-2025 09:15:38,26147.00,2925
26-11-2025 09:15:37,26150.00,1725
26-11-2025 09:15:35,26155.00,5775
26-11-2025 09:15:33,26158.50,4425
26-11-2025 09:15:32,26150.00,13050
26-11-2025 09:15:30,26155.00,3825
26-11-2025 09:15:28,26157.90,4200
26-11-2025 09:15:26,26160.00,12300
26-11-2025 09:15:25,26158.00,5700
26-11-2025 09:15:23,26161.70,8925
26-11-2025 09:15:21,26160.00,4950
26-11-2025 09:15:20,26159.30,8175
26-11-2025 09:15:18,26155.10,8625
26-11-2025 09:15:16,26167.90,1
26-11-2025 09:15:16,26158.00,11775
26-11-2025 09:15:15,26157.00,14550
26-11-2025 09:15:13,26158.00,1
26-11-2025 09:15:13,26165.00,8700
26-11-2025 09:15:11,26158.70,15150
26-11-2025 09:15:10,26155.00,7425
26-11-2025 09:15:08,26150.80,1
26-11-2025 09:15:08,26154.00,6450
26-11-2025 09:15:07,26146.50,1
26-11-2025 09:15:07,26150.00,9525
26-11-2025 09:15:06,26149.90,4425
26-11-2025 09:15:04,26148.70,1
26-11-2025 09:15:04,26139.00,7125
26-11-2025 09:15:03,26144.90,11175
26-11-2025 09:15:01,26120.00,1
26-11-2025 09:15:01,26107.00,12150
26-11-2025 09:15:00,26115.60,1
26-11-2025 09:15:00,26102.10,1
26-11-2025 09:15:00,26105.00,6300
